ticker,trade_date,trade_time,open_price,high_price,low_price,close_price,volume,turnover,bid_size_total,ask_size_total
0126Z0,2025-11-24,09:15:00,611000,611000,428500,472000,259443,122256060000,178724,80719
0126Z0,2025-11-24,09:30:00,477000,478000,443500,467000,102550,47537890000,43665,58885
0126Z0,2025-11-24,09:45:00,467500,544000,466000,503000,172115,87383950000,93827,78288
0126Z0,2025-11-24,10:00:00,504000,513000,490000,493500,45760,22894530000,15722,30038
0126Z0,2025-11-24,10:15:00,493000,507000,486000,488500,35606,17639850000,13248,22358
0126Z0,2025-11-24,10:30:00,489000,496500,480500,482000,34641,16858400000,12716,21925
0126Z0,2025-11-24,10:45:00,482000,488000,475000,475000,32911,15881580000,11302,21609
0126Z0,2025-11-24,11:00:00,475500,487000,474500,481000,30540,14685250000,15257,15283
0126Z0,2025-11-24,11:15:00,481000,499000,481000,489000,35215,17284260000,17216,17999
0126Z0,2025-11-24,11:30:00,489000,490000,480500,480500,19565,9488460000,5079,14486
0126Z0,2025-11-24,11:45:00,480500,482000,474500,476000,22357,10680560000,6792,15565
0126Z0,2025-11-24,12:00:00,475500,476000,465500,471000,26426,12437930000,7596,18830
0126Z0,2025-11-24,12:15:00,471000,476500,469000,469000,13089,6183100000,5141,7948
0126Z0,2025-11-24,12:30:00,469000,475000,457500,460500,25033,11636150000,5499,19534
0126Z0,2025-11-24,12:45:00,460500,466000,456500,463500,19408,8951190000,7744,11664
0126Z0,2025-11-24,13:00:00,463000,470500,458500,465000,17479,8091340000,8508,8971
0126Z0,2025-11-24,13:15:00,464500,472000,460000,460000,14499,6760590000,5651,8848
0126Z0,2025-11-24,13:30:00,460000,462000,442500,445000,34999,15808210000,6783,28216
0126Z0,2025-11-24,13:45:00,445000,447000,441500,443500,24204,10748560000,9912,14292
0126Z0,2025-11-24,14:00:00,443500,446500,437000,437500,26907,11873320000,7657,19250
0126Z0,2025-11-24,14:15:00,437000,450000,437000,441500,24020,10636750000,12938,11082
0126Z0,2025-11-24,14:30:00,441500,441500,433000,435000,27796,12142350000,8940,18856
0126Z0,2025-11-24,14:45:00,435000,441000,432500,438000,20294,8848580000,8643,11651
0126Z0,2025-11-24,15:00:00,438500,445000,438000,440000,19372,8554020000,8685,10687
0126Z0,2025-11-24,15:15:00,440500,441500,431000,432000,29192,12766910000,7394,21798
0126Z0,2025-11-24,15:30:00,432000,439500,431000,438500,57259,25042770000,47692,6503
0126Z0,2025-11-25,09:15:00,395000,412000,394000,398000,234178,93586530000,146786,87140
0126Z0,2025-11-25,09:30:00,398000,401500,374000,377500,119396,46439540000,43041,76355
0126Z0,2025-11-25,09:45:00,377500,384000,374500,378000,67630,25624840000,23922,43708
0126Z0,2025-11-25,10:00:00,378000,385500,377000,381000,54491,20797840000,23213,31278
0126Z0,2025-11-25,10:15:00,381500,382500,368000,375000,65684,24587760000,24653,41031
0126Z0,2025-11-25,10:30:00,375000,378500,371000,374000,49073,18409020000,25093,23980
0126Z0,2025-11-25,10:45:00,374500,375000,370000,371500,25705,9553510000,8703,17002
0126Z0,2025-11-25,11:00:00,371000,371500,367000,367000,29947,11071620000,9889,20058
0126Z0,2025-11-25,11:15:00,367000,367500,358500,362500,55092,19970450000,16889,38203
0126Z0,2025-11-25,11:30:00,363000,365000,357500,358500,32679,11781190000,10494,22185
0126Z0,2025-11-25,11:45:00,358500,359000,355750,356500,38372,13701600000,16340,22032
0126Z0,2025-11-25,12:00:00,356500,358500,337000,337500,111819,38785500000,24009,87810
0126Z0,2025-11-25,12:15:00,337500,339500,330000,334500,102294,34157390000,29554,72740
0126Z0,2025-11-25,12:30:00,334000,340500,334000,338500,55910,18864050000,30130,25780
0126Z0,2025-11-25,12:45:00,338500,345000,335500,340500,60030,20475350000,28996,31034
0126Z0,2025-11-25,13:00:00,340000,345000,336500,341500,48535,16526570000,21601,26934
0126Z0,2025-11-25,13:15:00,342000,357000,341500,355500,69219,24263110000,40864,28355
0126Z0,2025-11-25,13:30:00,355500,359500,352500,354500,55880,19903560000,28606,27274
0126Z0,2025-11-25,13:45:00,354500,355000,346500,351500,44563,15618200000,15098,29465
0126Z0,2025-11-25,14:00:00,351500,364000,349000,363000,60724,21770830000,36716,24008
0126Z0,2025-11-25,14:15:00,362500,365000,357500,359000,51800,18714090000,24274,27526
0126Z0,2025-11-25,14:30:00,359000,359500,346000,347500,54720,19312640000,16350,38370
0126Z0,2025-11-25,14:45:00,348000,352000,346500,349000,30098,10498870000,13807,16291
0126Z0,2025-11-25,15:00:00,349000,351500,339000,340500,52644,18112910000,16837,35807
0126Z0,2025-11-25,15:15:00,340500,344500,336500,339000,49429,16805750000,17254,32175
0126Z0,2025-11-25,15:30:00,339000,341500,335500,335500,43099,14518710000,33713,6614
0126Z0,2025-11-26,09:15:00,337000,356500,329000,348000,316663,109121410000,162495,153931
0126Z0,2025-11-26,09:30:00,348500,360000,348000,356000,126720,45128460000,72165,54555
0126Z0,2025-11-26,09:45:00,356000,360500,350000,358500,73859,26332260000,39395,34464
0126Z0,2025-11-26,10:00:00,359000,370500,358500,367000,160723,58637670000,103806,56917
0126Z0,2025-11-26,10:15:00,366500,377000,361000,361000,170443,63177110000,85588,84855
0126Z0,2025-11-26,10:30:00,361000,366500,356500,365000,98012,35418240000,47461,50551
0126Z0,2025-11-26,10:45:00,365000,384000,360000,383500,148231,55708350000,100683,47548
0126Z0,2025-11-26,11:00:00,384000,387500,375500,377000,144194,55020010000,69962,74232
0126Z0,2025-11-26,11:15:00,376500,391000,376000,386500,131726,50981740000,75895,55831
0126Z0,2025-11-26,11:30:00,386500,394500,384500,387500,89744,35002290000,44584,45160
0126Z0,2025-11-26,11:45:00,387500,389000,377500,377500,76495,29291730000,25828,50667
0126Z0,2025-11-26,12:00:00,378500,380500,370500,380000,103466,38854830000,47940,55526
0126Z0,2025-11-26,12:15:00,380000,381500,372500,373000,40919,15435460000,15992,24927
0126Z0,2025-11-26,12:30:00,373000,377500,367500,370000,51805,19252960000,19281,32524
0126Z0,2025-11-26,12:45:00,370000,374000,367000,374000,31297,11585090000,15908,15389
0126Z0,2025-11-26,13:00:00,374000,379500,371500,378500,46700,17584460000,27284,19416
0126Z0,2025-11-26,13:15:00,378000,378500,373000,376000,21255,7982170000,7286,13969
0126Z0,2025-11-26,13:30:00,376000,381500,375500,380500,37962,14399050000,22589,15373
0126Z0,2025-11-26,13:45:00,380500,381000,374500,376500,28137,10623970000,6594,21543
0126Z0,2025-11-26,14:00:00,377000,377000,370500,372000,34616,12925350000,7778,26838
0126Z0,2025-11-26,14:15:00,371500,372000,364500,366250,65808,24179870000,21207,44601
0126Z0,2025-11-26,14:30:00,366000,371000,365000,365500,30961,11409510000,12405,18556
0126Z0,2025-11-26,14:45:00,365500,367000,363000,363000,38597,14083580000,12025,26572
0126Z0,2025-11-26,15:00:00,363000,368500,362500,368000,23958,8749270000,10726,13232
0126Z0,2025-11-26,15:15:00,368500,369000,363500,367000,27681,10147960000,11831,15850
0126Z0,2025-11-26,15:30:00,367500,367500,363000,363000,41372,15053890000,27899,11114
0126Z0,2025-11-27,09:15:00,351000,381000,351000,381000,268832,97739230000,166602,100161
0126Z0,2025-11-27,09:30:00,380500,388000,377000,388000,148799,56916780000,87179,61620
0126Z0,2025-11-27,09:45:00,388000,408500,384500,405000,262683,104094200000,157071,105612
0126Z0,2025-11-27,10:00:00,405000,425000,396750,422500,282541,116186990000,154958,127583
0126Z0,2025-11-27,10:15:00,422500,422500,412000,420000,138588,57983280000,66802,71786
0126Z0,2025-11-27,10:30:00,420000,420500,408000,416000,99972,41293050000,35245,64727
0126Z0,2025-11-27,10:45:00,416000,422500,410000,422500,62618,26073200000,37276,25342
0126Z0,2025-11-27,11:00:00,422500,432500,422250,431000,176365,75327530000,99040,77325
0126Z0,2025-11-27,11:15:00,431500,448000,428500,438000,195748,86066480000,94209,101539
0126Z0,2025-11-27,11:30:00,438500,446000,435000,446000,78281,34566980000,45818,32463
0126Z0,2025-11-27,11:45:00,446000,446500,428500,431000,88676,38715570000,26184,62492
0126Z0,2025-11-27,12:00:00,430500,434000,424500,431000,82631,35431170000,37515,45116
0126Z0,2025-11-27,12:15:00,431500,435500,427250,434250,39785,17199520000,22075,17710
0126Z0,2025-11-27,12:30:00,434250,438500,431500,431500,36800,16049640000,18080,18720
0126Z0,2025-11-27,12:45:00,431500,438000,430000,438000,28493,12336330000,16509,11984
0126Z0,2025-11-27,13:00:00,437500,438500,433000,435500,21726,9462700000,10588,11138
0126Z0,2025-11-27,13:15:00,436000,454000,435500,449500,112486,50031970000,74672,37814
0126Z0,2025-11-27,13:30:00,449500,455000,446000,452000,111586,50306960000,54953,56633
0126Z0,2025-11-27,13:45:00,451500,458500,445500,447500,120895,54827430000,56717,64178
0126Z0,2025-11-27,14:00:00,447000,453500,445000,446000,58010,26068760000,24249,33761
0126Z0,2025-11-27,14:15:00,446000,452500,443500,446000,44554,19954610000,15037,29517
0126Z0,2025-11-27,14:30:00,445500,456000,444000,450500,57827,26033440000,32171,25656
0126Z0,2025-11-27,14:45:00,450000,450750,436000,440500,98001,43397420000,30089,67912
0126Z0,2025-11-27,15:00:00,440500,451500,438500,445000,73778,32950350000,41045,32733
0126Z0,2025-11-27,15:15:00,445000,448000,431000,431250,81834,35815360000,24299,57535
0126Z0,2025-11-27,15:30:00,431250,440500,430500,434500,63231,27552370000,44720,15970
0126Z0,2025-11-28,09:15:00,437000,476000,431000,460500,467019,212887600000,249764,217229
0126Z0,2025-11-28,09:30:00,461000,461000,438500,443000,230107,103620020000,84578,145529
0126Z0,2025-11-28,09:45:00,443000,455000,443000,449000,67149,30210850000,32629,34520
0126Z0,2025-11-28,10:00:00,448500,450000,441500,441500,38174,17025540000,9748,28426
0126Z0,2025-11-28,10:15:00,441500,447000,438500,447000,49885,22067990000,19490,30395
0126Z0,2025-11-28,10:30:00,447500,448500,440500,441000,28649,12730770000,8718,19931
0126Z0,2025-11-28,10:45:00,441500,446000,438500,445000,26312,11603370000,9574,16738
0126Z0,2025-11-28,11:00:00,445500,445500,440000,441500,16073,7100360000,5436,10637
0126Z0,2025-11-28,11:15:00,442000,442000,428000,431500,68422,29723050000,15610,52812
0126Z0,2025-11-28,11:30:00,431500,434500,426000,432000,50982,21909360000,21365,29617
0126Z0,2025-11-28,11:45:00,432000,436500,425500,436500,41431,17823230000,18030,23401
0126Z0,2025-11-28,12:00:00,436500,457000,433500,455000,140676,63062650000,91044,49632
0126Z0,2025-11-28,12:15:00,455500,456000,446000,450500,60623,27299210000,28345,32278
0126Z0,2025-11-28,12:30:00,450500,452500,446000,449500,24647,11077560000,10323,14324
0126Z0,2025-11-28,12:45:00,449500,450000,442000,444000,26681,11878550000,8700,17981
0126Z0,2025-11-28,13:00:00,444500,446000,439500,441000,18718,8272440000,4568,14150
0126Z0,2025-11-28,13:15:00,441000,446500,440500,444500,16778,7445840000,7672,9106
0126Z0,2025-11-28,13:30:00,445000,445000,434000,438500,43409,19039560000,9716,33693
0126Z0,2025-11-28,13:45:00,439000,441500,436000,438000,13761,6038990000,3962,9799
0126Z0,2025-11-28,14:00:00,437500,438500,428000,429000,49380,21392930000,11621,37759
0126Z0,2025-11-28,14:15:00,429500,436500,429000,434500,28302,12271290000,13461,14841
0126Z0,2025-11-28,14:30:00,434000,439500,432500,438000,20417,8918330000,12970,7447
0126Z0,2025-11-28,14:45:00,438500,438500,432500,435500,17125,7450500000,5787,11338
0126Z0,2025-11-28,15:00:00,435500,436500,432500,432500,21691,9418770000,7447,14244
0126Z0,2025-11-28,15:15:00,432500,433500,428000,428000,52758,22691900000,14016,38742
0126Z0,2025-11-28,15:30:00,428250,431000,426500,429000,38019,16303880000,24455,11750
0126Z0,2025-12-01,09:15:00,429500,436500,407000,411000,173325,72445770000,79166,93766
0126Z0,2025-12-01,09:30:00,411500,412000,399500,406000,155187,62847410000,59636,95551
0126Z0,2025-12-01,09:45:00,406500,412250,404000,404500,61575,25097460000,27136,34439
0126Z0,2025-12-01,10:00:00,404500,405000,400000,401500,58056,23306450000,19266,38790
0126Z0,2025-12-01,10:15:00,402000,402000,395000,397000,71826,28583110000,22727,49099
0126Z0,2025-12-01,10:30:00,396500,405500,396500,405500,47775,19099660000,32829,14946
0126Z0,2025-12-01,10:45:00,405500,406500,401000,403500,27962,11289970000,14200,13762
0126Z0,2025-12-01,11:00:00,403750,409500,403000,405000,31535,12787790000,18116,13419
0126Z0,2025-12-01,11:15:00,405000,405000,401500,402000,14963,6039280000,4152,10811
0126Z0,2025-12-01,11:30:00,402000,404000,400000,402000,18657,7487040000,4867,13790
0126Z0,2025-12-01,11:45:00,401500,403500,401000,402500,7751,3117070000,3048,4703
0126Z0,2025-12-01,12:00:00,402500,404000,400500,401500,10319,4147500000,2672,7647
0126Z0,2025-12-01,12:15:00,402000,404500,401500,402500,7297,2941470000,4026,3271
0126Z0,2025-12-01,12:30:00,402000,403500,400750,401000,10490,4216060000,4039,6451
0126Z0,2025-12-01,12:45:00,401000,401000,400000,400000,8705,3485640000,1604,7101
0126Z0,2025-12-01,13:00:00,400000,401000,400000,400250,10111,4048200000,3784,6327
0126Z0,2025-12-01,13:15:00,400250,400500,398000,400000,22481,8974620000,4850,17631
0126Z0,2025-12-01,13:30:00,400000,403000,400000,401000,10478,4205910000,5377,5101
0126Z0,2025-12-01,13:45:00,401000,402000,399500,401000,8949,3582870000,3125,5824
0126Z0,2025-12-01,14:00:00,401000,405500,401000,403000,16945,6837200000,10986,5959
0126Z0,2025-12-01,14:15:00,403000,403500,401500,402500,9030,3634840000,3667,5363
0126Z0,2025-12-01,14:30:00,402500,403000,399000,400000,18275,7321010000,6771,11504
0126Z0,2025-12-01,14:45:00,400500,401500,399500,400500,8770,3510290000,3494,5276
0126Z0,2025-12-01,15:00:00,400000,403500,399500,402000,15300,6132740000,7578,7722
0126Z0,2025-12-01,15:15:00,402000,402500,400000,401000,13051,5230310000,3418,9633
0126Z0,2025-12-01,15:30:00,401000,401000,398000,398000,35864,14293930000,30611,4033
0126Z0,2025-12-02,09:15:00,402000,418000,385000,411000,192623,78319540000,105772,86220
0126Z0,2025-12-02,09:30:00,411500,412500,400000,401500,53733,21796280000,14607,39126
0126Z0,2025-12-02,09:45:00,401750,402500,395500,402250,41412,16517040000,17015,24397
0126Z0,2025-12-02,10:00:00,402250,402250,397500,401000,22291,8906450000,8469,13822
0126Z0,2025-12-02,10:15:00,401250,405000,399000,404000,27209,10940910000,16035,11174
0126Z0,2025-12-02,10:30:00,403500,432000,403500,424500,226947,95878440000,144314,82633
0126Z0,2025-12-02,10:45:00,425000,438000,422500,434000,210599,90835380000,121430,89169
0126Z0,2025-12-02,11:00:00,434000,437000,426000,432000,78263,33708180000,31300,46963
0126Z0,2025-12-02,11:15:00,432000,432500,425000,429000,34913,14945670000,13561,21352
0126Z0,2025-12-02,11:30:00,429000,442000,429000,442000,151532,66261980000,105744,45788
0126Z0,2025-12-02,11:45:00,442000,442000,433500,436000,77240,33871840000,32498,44742
0126Z0,2025-12-02,12:00:00,435500,436000,428000,429000,45426,19609780000,9447,35979
0126Z0,2025-12-02,12:15:00,429000,431500,428000,429000,21935,9422910000,8161,13774
0126Z0,2025-12-02,12:30:00,429000,430000,422000,426250,47510,20204110000,11370,36140
0126Z0,2025-12-02,12:45:00,426000,428500,424000,427000,17240,7343760000,7299,9941
0126Z0,2025-12-02,13:00:00,427000,428500,422000,424500,28406,12102340000,10592,17814
0126Z0,2025-12-02,13:15:00,424500,425000,421000,422000,17353,7340850000,4279,13074
0126Z0,2025-12-02,13:30:00,422000,435500,421500,432500,62100,26796150000,40112,21988
0126Z0,2025-12-02,13:45:00,432500,433500,429000,430750,21914,9449630000,8491,13423
0126Z0,2025-12-02,14:00:00,430750,433000,429000,432000,14309,6167750000,8088,6221
0126Z0,2025-12-02,14:15:00,432000,445000,431500,445000,151494,66661980000,109362,42132
0126Z0,2025-12-02,14:30:00,445000,449000,441000,443000,119731,53345430000,68806,50925
0126Z0,2025-12-02,14:45:00,443000,446000,440000,443500,50874,22512490000,23550,27324
0126Z0,2025-12-02,15:00:00,443500,445000,437500,441500,63835,28193080000,25771,38064
0126Z0,2025-12-02,15:15:00,441500,446500,441000,442500,57163,25385860000,32614,24549
0126Z0,2025-12-02,15:30:00,442500,444000,440000,442000,51562,22790380000,37888,12465
0126Z0,2025-12-03,09:15:00,454500,472500,452500,468500,471739,218178030000,270217,201499
0126Z0,2025-12-03,09:30:00,468500,471500,457500,471500,188532,87631790000,87919,100613
0126Z0,2025-12-03,09:45:00,471500,498500,466500,491000,425853,206015360000,247646,178207
0126Z0,2025-12-03,10:00:00,491000,505000,486500,501000,182175,90088470000,112566,69609
0126Z0,2025-12-03,10:15:00,500000,504000,488000,491000,149974,74283690000,56643,93331
0126Z0,2025-12-03,10:30:00,491000,499500,489000,497000,78747,38933260000,45679,33068
0126Z0,2025-12-03,10:45:00,497000,498500,492000,493000,42828,21181080000,18393,24435
0126Z0,2025-12-03,11:00:00,493000,495500,492000,494000,20211,9977570000,10628,9583
0126Z0,2025-12-03,11:15:00,494000,521000,493500,520000,226206,114886110000,151693,74513
0126Z0,2025-12-03,11:30:00,520000,544000,517000,538000,274230,146046690000,157128,117102
0126Z0,2025-12-03,11:45:00,538000,544000,536000,536500,104894,56651290000,46733,58161
0126Z0,2025-12-03,12:00:00,536500,548000,535000,543000,113429,61647640000,65792,47637
0126Z0,2025-12-03,12:15:00,543000,561000,542000,548000,151728,83654100000,84051,67677
0126Z0,2025-12-03,12:30:00,548000,562000,548000,557000,110514,61555930000,67448,43066
0126Z0,2025-12-03,12:45:00,556000,560000,547000,548000,83720,46250510000,29306,54414
0126Z0,2025-12-03,13:00:00,548000,552000,537000,541000,82799,45043450000,26614,56185
0126Z0,2025-12-03,13:15:00,541000,542000,531000,531000,110808,59379920000,35069,75739
0126Z0,2025-12-03,13:30:00,531000,533000,518000,526000,183722,96457130000,63061,120661
0126Z0,2025-12-03,13:45:00,526000,538000,524000,537500,135204,71930950000,89008,46196
0126Z0,2025-12-03,14:00:00,537000,543000,530000,541000,99344,53451470000,55825,43519
0126Z0,2025-12-03,14:15:00,541000,555000,537000,554000,118530,64779450000,81088,37442
0126Z0,2025-12-03,14:30:00,554000,557000,541000,542000,93021,51027480000,34389,58632
0126Z0,2025-12-03,14:45:00,543000,549000,539000,543000,49054,26661030000,21510,27544
0126Z0,2025-12-03,15:00:00,543000,543000,533000,541000,71823,38639110000,26430,45393
0126Z0,2025-12-03,15:15:00,541000,548000,537000,542000,83787,45524850000,48342,35445
0126Z0,2025-12-03,15:30:00,543000,549000,542000,549000,84214,46094440000,64053,16805
0126Z0,2025-12-04,09:15:00,537000,550000,525000,545000,274523,147668040000,141937,132308
0126Z0,2025-12-04,09:30:00,546000,569000,542000,565000,230875,128109750000,138471,92404
0126Z0,2025-12-04,09:45:00,565000,572000,552000,569000,264565,149173890000,125374,139191
0126Z0,2025-12-04,10:00:00,570000,570000,557000,562000,81501,45966300000,27253,54248
0126Z0,2025-12-04,10:15:00,563000,565000,550000,550000,59748,33360810000,16972,42776
0126Z0,2025-12-04,10:30:00,551000,556500,544000,552000,85923,47213570000,28112,57811
0126Z0,2025-12-04,10:45:00,551000,554000,547000,550000,31996,17624580000,15778,16218
0126Z0,2025-12-04,11:00:00,550000,559000,550000,553000,41902,23256910000,26855,15047
0126Z0,2025-12-04,11:15:00,554000,554000,538000,541000,93755,50986960000,28069,65686
0126Z0,2025-12-04,11:30:00,541000,545000,539000,544000,24697,13393740000,13224,11473
0126Z0,2025-12-04,11:45:00,544000,545000,541000,542000,12768,6929610000,4526,8242
0126Z0,2025-12-04,12:00:00,542000,547000,540000,544000,19339,10496370000,9925,9414
0126Z0,2025-12-04,12:15:00,545000,552000,544000,548000,36189,19869550000,20928,15261
0126Z0,2025-12-04,12:30:00,548000,550000,545000,546000,11677,6391050000,3240,8437
0126Z0,2025-12-04,12:45:00,546000,552000,545000,549000,13863,7615760000,8305,5558
0126Z0,2025-12-04,13:00:00,549000,552000,548000,551000,11885,6534270000,6282,5603
0126Z0,2025-12-04,13:15:00,551500,553000,548000,549000,20089,11061240000,9133,10956
0126Z0,2025-12-04,13:30:00,548000,561000,547000,558000,50414,27970920000,37348,13066
0126Z0,2025-12-04,13:45:00,558000,578000,555000,569000,200504,114135260000,118027,82477
0126Z0,2025-12-04,14:00:00,569000,576000,564000,570000,94449,53918160000,47945,46504
0126Z0,2025-12-04,14:15:00,570000,575000,567000,569000,59075,33721490000,26960,32115
0126Z0,2025-12-04,14:30:00,570000,570000,560000,562000,47686,26963970000,8452,39234
0126Z0,2025-12-04,14:45:00,562000,566000,557000,562000,45772,25675280000,18036,27736
0126Z0,2025-12-04,15:00:00,562000,565000,555000,559000,36108,20229060000,12452,23656
0126Z0,2025-12-04,15:15:00,558000,561000,557000,559000,25733,14385460000,10056,15677
0126Z0,2025-12-04,15:30:00,558000,561000,556000,557000,50342,28062300000,39974,8156
0126Z0,2025-12-05,09:15:00,552000,590000,552000,581000,330773,190414740000,196436,133453
0126Z0,2025-12-05,09:30:00,581000,583000,557000,562000,180739,102479120000,58433,122306
0126Z0,2025-12-05,09:45:00,562500,567000,558000,561000,54880,30804830000,18992,35888
0126Z0,2025-12-05,10:00:00,561000,571000,555000,566000,69779,39341800000,34584,35195
0126Z0,2025-12-05,10:15:00,567000,570000,562000,565000,25385,14363640000,11194,14191
0126Z0,2025-12-05,10:30:00,564000,565000,553000,555000,59418,33100300000,10857,48561
0126Z0,2025-12-05,10:45:00,555000,561000,555000,558000,15680,8759580000,7495,8185
0126Z0,2025-12-05,11:00:00,559000,560000,554000,555000,17854,9937380000,3257,14597
0126Z0,2025-12-05,11:15:00,555000,556000,553000,554000,18773,10402560000,3639,15134
0126Z0,2025-12-05,11:30:00,555000,562000,554000,562000,14146,7906480000,8962,5184
0126Z0,2025-12-05,11:45:00,562000,562000,556000,558000,14759,8246510000,3261,11498
0126Z0,2025-12-05,12:00:00,557000,558000,555000,556000,7649,4256510000,1226,6423
0126Z0,2025-12-05,12:15:00,556000,559000,555000,559000,5742,3196370000,2286,3456
0126Z0,2025-12-05,12:30:00,559000,559000,556000,557000,5483,3054950000,1532,3951
0126Z0,2025-12-05,12:45:00,556000,557000,555000,556000,7076,3933280000,1548,5528
0126Z0,2025-12-05,13:00:00,557000,561000,556000,560000,10257,5733510000,5630,4627
0126Z0,2025-12-05,13:15:00,560000,563000,559000,559000,14729,8266570000,7662,7067
0126Z0,2025-12-05,13:30:00,559000,561000,558000,559000,7377,4125820000,2688,4689
0126Z0,2025-12-05,13:45:00,558000,560000,557000,559000,6445,3598540000,2192,4253
0126Z0,2025-12-05,14:00:00,559000,559000,554000,555000,13464,7490120000,2212,11252
0126Z0,2025-12-05,14:15:00,555000,560000,553000,557000,19658,10939060000,7553,12105
0126Z0,2025-12-05,14:30:00,557000,558000,554000,556000,10400,5780510000,2342,8058
0126Z0,2025-12-05,14:45:00,555000,556000,540000,541000,47662,26198340000,3910,43752
0126Z0,2025-12-05,15:00:00,542000,546000,519000,529000,136114,72512980000,42907,93207
0126Z0,2025-12-05,15:15:00,528000,531000,514000,524000,108926,56830220000,41121,67805
0126Z0,2025-12-05,15:30:00,523000,524000,515000,515000,66304,34273150000,36026,25822
0126Z0,2025-12-08,09:15:00,525000,537000,520000,520000,146789,77472750000,73615,73053
0126Z0,2025-12-08,09:30:00,520000,531000,517000,528000,40896,21474540000,18787,22109
0126Z0,2025-12-08,09:45:00,527000,535000,523000,530000,48408,25681430000,26058,22350
0126Z0,2025-12-08,10:00:00,530000,534000,525000,526500,21342,11289500000,6750,14592
0126Z0,2025-12-08,10:15:00,526000,528000,520000,524000,28035,14683770000,6521,21514
0126Z0,2025-12-08,10:30:00,523000,524000,511000,515000,59279,30577920000,14121,45158
0126Z0,2025-12-08,10:45:00,515000,516000,509000,514000,31810,16280150000,9344,22466
0126Z0,2025-12-08,11:00:00,514000,518000,513000,517000,16734,8628500000,9631,7103
0126Z0,2025-12-08,11:15:00,517000,521000,516000,516000,14772,7661240000,7258,7514
0126Z0,2025-12-08,11:30:00,516000,517000,513000,514000,11799,6071080000,1117,10682
0126Z0,2025-12-08,11:45:00,514000,518000,513000,514000,5814,2995360000,2594,3220
0126Z0,2025-12-08,12:00:00,515000,519000,514000,516000,6640,3430770000,2575,4065
0126Z0,2025-12-08,12:15:00,517000,522000,515000,519000,9840,5113520000,5265,4575
0126Z0,2025-12-08,12:30:00,520000,520000,517000,518000,4396,2278050000,1255,3141
0126Z0,2025-12-08,12:45:00,518500,519000,514000,514000,8971,4624480000,1922,7049
0126Z0,2025-12-08,13:00:00,515000,516000,513000,513000,8132,4182180000,2359,5773
0126Z0,2025-12-08,13:15:00,513000,518000,513000,517000,8745,4500020000,4025,4720
0126Z0,2025-12-08,13:30:00,517000,518000,514000,515000,9205,4748150000,4234,4971
0126Z0,2025-12-08,13:45:00,515000,516000,513000,513000,13854,7125590000,4712,9142
0126Z0,2025-12-08,14:00:00,513000,514000,511000,512000,19716,10099290000,5381,14335
0126Z0,2025-12-08,14:15:00,512000,514000,506000,512000,40458,20599340000,11263,29195
0126Z0,2025-12-08,14:30:00,511000,513000,508000,508000,13707,6997670000,4507,9200
0126Z0,2025-12-08,14:45:00,509000,518000,506000,515500,37762,19306780000,19756,18006
0126Z0,2025-12-08,15:00:00,515500,518000,514000,515000,16731,8645100000,9623,7108
0126Z0,2025-12-08,15:15:00,515000,521000,515000,518000,26006,13482330000,15886,10120
0126Z0,2025-12-08,15:30:00,518000,520000,515000,515000,22565,11661750000,18783,3177
0126Z0,2025-12-09,09:15:00,521000,549000,519000,538000,274724,147486160000,168174,106190
0126Z0,2025-12-09,09:30:00,538000,561000,535000,554000,182914,100559040000,114286,68628
0126Z0,2025-12-09,09:45:00,554000,571000,554000,561000,211658,119485910000,124643,87015
0126Z0,2025-12-09,10:00:00,561000,570000,551000,555000,149258,83525560000,60441,88817
0126Z0,2025-12-09,10:15:00,554000,555000,544000,548500,84557,46505050000,31608,52949
0126Z0,2025-12-09,10:30:00,548500,558000,547000,557000,40069,22148770000,23507,16562
0126Z0,2025-12-09,10:45:00,555000,560000,553000,558000,35141,19580110000,18045,17096
0126Z0,2025-12-09,11:00:00,557500,558000,549000,549000,25499,14075160000,7343,18156
0126Z0,2025-12-09,11:15:00,550000,560000,547000,557000,36262,20106240000,20921,15341
0126Z0,2025-12-09,11:30:00,557000,564000,557000,560000,52689,29546950000,34646,18043
0126Z0,2025-12-09,11:45:00,560000,565000,559000,564000,33194,18675620000,19275,13919
0126Z0,2025-12-09,12:00:00,564000,580000,561000,574000,196548,112586150000,125776,70772
0126Z0,2025-12-09,12:15:00,573000,580000,571000,572000,91418,52595080000,47995,43423
0126Z0,2025-12-09,12:30:00,572000,575000,567000,574000,38736,22114920000,13310,25426
0126Z0,2025-12-09,12:45:00,574000,581000,566000,568000,110845,63711400000,52759,58086
0126Z0,2025-12-09,13:00:00,568500,578000,565000,574000,49151,28104340000,29020,20131
0126Z0,2025-12-09,13:15:00,574000,578000,571000,573000,30756,17685820000,15069,15687
0126Z0,2025-12-09,13:30:00,573000,579000,572000,577000,38847,22367200000,25158,13689
0126Z0,2025-12-09,13:45:00,577000,583000,575000,576000,94847,54933520000,51212,43635
0126Z0,2025-12-09,14:00:00,576000,581000,575000,576000,37360,21625700000,16162,21198
0126Z0,2025-12-09,14:15:00,576000,579000,571000,571000,47901,27516980000,11940,35961
0126Z0,2025-12-09,14:30:00,571000,576000,570000,572000,23828,13655270000,7262,16566
0126Z0,2025-12-09,14:45:00,572000,573000,566000,570000,40557,23069760000,10076,30481
0126Z0,2025-12-09,15:00:00,570000,579000,568000,575500,45796,26280090000,30181,15615
0126Z0,2025-12-09,15:15:00,575500,585000,575000,579000,107146,62113910000,68684,38462
0126Z0,2025-12-09,15:30:00,580000,580000,575000,575000,54291,31287920000,33987,16491
0126Z0,2025-12-10,09:15:00,569000,573000,555000,564000,136921,77224940000,53333,83151
0126Z0,2025-12-10,09:30:00,564000,571000,558000,567000,54434,30738330000,24397,30037
0126Z0,2025-12-10,09:45:00,567000,572000,558000,558000,55041,31014770000,15622,39419
0126Z0,2025-12-10,10:00:00,558500,563000,558000,559000,24270,13579700000,6904,17366
0126Z0,2025-12-10,10:15:00,559000,564000,558000,560000,16029,8984960000,5603,10426
0126Z0,2025-12-10,10:30:00,560000,562000,559000,561000,6842,3834840000,2675,4167
0126Z0,2025-12-10,10:45:00,561000,563000,557000,558000,20709,11578560000,3683,17026
0126Z0,2025-12-10,11:00:00,558000,561000,557000,560000,8596,4804840000,3414,5182
0126Z0,2025-12-10,11:15:00,560000,566000,559000,562000,15076,8494130000,10365,4711
0126Z0,2025-12-10,11:30:00,562000,565000,561000,561000,6118,3445530000,2360,3758
0126Z0,2025-12-10,11:45:00,562000,564000,561000,561000,3612,2031740000,1616,1996
0126Z0,2025-12-10,12:00:00,561000,570000,561000,570000,16462,9325130000,12969,3493
0126Z0,2025-12-10,12:15:00,569500,572000,565000,566000,29347,16695640000,14353,14994
0126Z0,2025-12-10,12:30:00,566000,568000,565000,565000,4827,2734560000,1897,2930
0126Z0,2025-12-10,12:45:00,565000,569000,565000,566000,6089,3451200000,2869,3220
0126Z0,2025-12-10,13:00:00,566000,569000,565000,566000,8368,4742940000,3663,4705
0126Z0,2025-12-10,13:15:00,567000,577000,566000,575000,57601,33010150000,40987,16614
0126Z0,2025-12-10,13:30:00,575000,576000,571000,573000,24710,14181740000,10803,13907
0126Z0,2025-12-10,13:45:00,573000,574000,569000,570000,14397,8225190000,5345,9052
0126Z0,2025-12-10,14:00:00,570000,573000,567000,568000,15146,8622430000,3154,11992
0126Z0,2025-12-10,14:15:00,568000,573000,567000,572000,11516,6556460000,6090,5426
0126Z0,2025-12-10,14:30:00,571000,572000,565000,565500,14214,8070860000,2371,11843
0126Z0,2025-12-10,14:45:00,565500,568000,563000,567000,20460,11550050000,6076,14384
0126Z0,2025-12-10,15:00:00,566500,567000,564000,564000,10341,5841430000,2483,7858
0126Z0,2025-12-10,15:15:00,564000,565000,561000,563000,21315,11998730000,5384,15931
0126Z0,2025-12-10,15:30:00,563000,568000,563000,565000,20422,11541940000,17109,2565
0126Z0,2025-12-11,09:15:00,572000,606000,571000,592000,480474,283690950000,283711,196681
0126Z0,2025-12-11,09:30:00,592000,601000,585000,591000,155626,92399460000,72894,82732
0126Z0,2025-12-11,09:45:00,591000,597000,587000,589000,79039,46797130000,35853,43186
0126Z0,2025-12-11,10:00:00,588000,591000,582000,583000,52163,30599000000,10457,41706
0126Z0,2025-12-11,10:15:00,583000,587000,580000,583000,52763,30745190000,18537,34226
0126Z0,2025-12-11,10:30:00,583000,586000,580000,581000,19061,11095020000,5375,13686
0126Z0,2025-12-11,10:45:00,581000,582000,577000,578000,30381,17588420000,6366,24015
0126Z0,2025-12-11,11:00:00,578000,583000,576000,581000,18868,10937970000,8119,10749
0126Z0,2025-12-11,11:15:00,581000,582000,577000,578000,11655,6756010000,3143,8512
0126Z0,2025-12-11,11:30:00,578000,584000,578000,582000,12925,7516150000,7156,5769
0126Z0,2025-12-11,11:45:00,582000,582000,577000,578000,13145,7619770000,2949,10196
0126Z0,2025-12-11,12:00:00,577000,579000,567000,571000,50422,28876560000,10057,40365
0126Z0,2025-12-11,12:15:00,571000,575000,569000,570000,17428,9969800000,7869,9559
0126Z0,2025-12-11,12:30:00,570000,576000,570000,574000,12899,7403530000,7147,5752
0126Z0,2025-12-11,12:45:00,573000,574000,565000,570000,27324,15540870000,7073,20251
0126Z0,2025-12-11,13:00:00,570000,572000,563000,572000,31304,17748520000,11421,19883
0126Z0,2025-12-11,13:15:00,571000,577000,568000,576000,18176,10403910000,12947,5229
0126Z0,2025-12-11,13:30:00,577000,581000,575000,578000,33641,19442870000,17594,16047
0126Z0,2025-12-11,13:45:00,578000,580000,574000,579500,12876,7426240000,7170,5706
0126Z0,2025-12-11,14:00:00,579000,580000,573000,574000,12405,7153890000,3936,8469
0126Z0,2025-12-11,14:15:00,574000,580000,574000,579000,13817,7985460000,9083,4734
0126Z0,2025-12-11,14:30:00,579000,580000,575000,576000,9610,5554270000,4407,5203
0126Z0,2025-12-11,14:45:00,575000,577000,573000,575000,10635,6113870000,5074,5561
0126Z0,2025-12-11,15:00:00,575000,576000,567500,570000,28963,16546380000,6412,22551
0126Z0,2025-12-11,15:15:00,570000,572000,567000,569000,23507,13374400000,9034,14473
0126Z0,2025-12-11,15:30:00,568000,573000,568000,569000,35434,20183000000,30299,3398
0126Z0,2025-12-12,09:15:00,571000,587000,570000,575000,142365,82622930000,77155,65149
0126Z0,2025-12-12,09:30:00,575000,584000,575000,583000,51083,29596130000,29159,21924
0126Z0,2025-12-12,09:45:00,583000,603000,582000,597000,212205,125926690000,143737,68468
0126Z0,2025-12-12,10:00:00,597000,603000,584000,596000,135305,80224760000,56113,79192
0126Z0,2025-12-12,10:15:00,596000,599000,590000,597500,53811,32055200000,29668,24143
0126Z0,2025-12-12,10:30:00,598000,632000,596000,624000,347802,214608570000,238161,109641
0126Z0,2025-12-12,10:45:00,624000,647000,623000,642000,204950,130207440000,120311,84639
0126Z0,2025-12-12,11:00:00,642000,689000,641000,672000,401937,268755130000,208050,193887
0126Z0,2025-12-12,11:15:00,672000,680000,663000,667000,133823,89834870000,52220,81603
0126Z0,2025-12-12,11:30:00,667000,676000,665000,667000,54418,36475160000,23503,30915
0126Z0,2025-12-12,11:45:00,667000,677000,663000,665000,59113,39612400000,24267,34846
0126Z0,2025-12-12,12:00:00,665000,668000,660000,662000,50881,33753540000,18145,32736
0126Z0,2025-12-12,12:15:00,663000,667000,657000,661000,37725,24949490000,11105,26620
0126Z0,2025-12-12,12:30:00,660000,666000,653000,665000,53716,35364490000,24270,29446
0126Z0,2025-12-12,12:45:00,665000,671000,664000,668000,49518,33071500000,29439,20079
0126Z0,2025-12-12,13:00:00,668000,672000,664000,665000,27044,18078330000,11936,15108
0126Z0,2025-12-12,13:15:00,665000,670000,647000,649000,68016,44616350000,13616,54400
0126Z0,2025-12-12,13:30:00,649000,657000,646000,656000,49851,32442470000,21944,27907
0126Z0,2025-12-12,13:45:00,657000,657000,651000,652000,17282,11299400000,4748,12534
0126Z0,2025-12-12,14:00:00,652000,657000,645000,649000,31081,20216570000,10262,20819
0126Z0,2025-12-12,14:15:00,648000,650000,639000,642000,53804,34584900000,12254,41550
0126Z0,2025-12-12,14:30:00,643000,651000,642000,650000,30907,19957510000,17139,13768
0126Z0,2025-12-12,14:45:00,650000,654000,648000,652000,33234,21656160000,20178,13056
0126Z0,2025-12-12,15:00:00,653000,666000,652000,662000,78932,52080450000,50916,28016
0126Z0,2025-12-12,15:15:00,663000,666000,655000,660000,54708,36154300000,22863,31845
0126Z0,2025-12-12,15:30:00,661000,661000,658000,661000,48862,32263350000,30749,16329
0126Z0,2025-12-15,09:15:00,650000,673000,649000,665000,205857,136767010000,118627,87201
0126Z0,2025-12-15,09:30:00,665000,680000,662000,671000,121353,81550450000,71429,49924
0126Z0,2025-12-15,09:45:00,671000,675000,661000,662000,63356,42205800000,13427,49929
0126Z0,2025-12-15,10:00:00,662000,668000,651000,667000,67400,44449140000,24458,42942
0126Z0,2025-12-15,10:15:00,666500,667000,662000,666000,16587,11020330000,8194,8393
0126Z0,2025-12-15,10:30:00,666000,667000,662000,666000,15479,10285530000,7952,7527
0126Z0,2025-12-15,10:45:00,665000,668000,663000,665000,11146,7418320000,5466,5680
0126Z0,2025-12-15,11:00:00,666000,668000,664000,666000,14460,9633430000,9088,5372
0126Z0,2025-12-15,11:15:00,665000,666000,658000,660000,27511,18180820000,7234,20277
0126Z0,2025-12-15,11:30:00,660000,662000,657000,659000,13575,8949320000,3583,9992
0126Z0,2025-12-15,11:45:00,659000,660000,657000,658000,9803,6452820000,3599,6204
0126Z0,2025-12-15,12:00:00,657000,660000,657000,657000,8598,5658580000,2409,6189
0126Z0,2025-12-15,12:15:00,657000,661000,657000,657000,7510,4944450000,3129,4381
0126Z0,2025-12-15,12:30:00,658000,664000,658000,662000,11775,7787360000,6954,4821
0126Z0,2025-12-15,12:45:00,661000,663000,657000,659000,14079,9293820000,3969,10110
0126Z0,2025-12-15,13:00:00,659000,663000,659000,661000,5869,3875400000,3014,2855
0126Z0,2025-12-15,13:15:00,661000,665000,660000,665000,11552,7650480000,6318,5234
0126Z0,2025-12-15,13:30:00,664000,665000,660000,662000,9339,6184120000,2995,6344
0126Z0,2025-12-15,13:45:00,663000,663000,661000,662000,6145,4067710000,2452,3693
0126Z0,2025-12-15,14:00:00,662000,669000,661000,669000,18247,12136950000,13311,4936
0126Z0,2025-12-15,14:15:00,669000,684000,668000,679000,147149,99780750000,87915,59234
0126Z0,2025-12-15,14:30:00,679000,712000,675000,708000,247212,172078120000,155726,91486
0126Z0,2025-12-15,14:45:00,709000,739000,706000,730000,265149,192009790000,142661,122488
0126Z0,2025-12-15,15:00:00,731000,734000,715000,726000,134553,97615370000,66163,68390
0126Z0,2025-12-15,15:15:00,726000,730000,715000,715000,73570,53045910000,19304,54266
0126Z0,2025-12-15,15:30:00,715000,720000,709000,709000,52149,37136780000,25559,24039
0126Z0,2025-12-16,09:15:00,718000,759000,716000,727000,407760,301352670000,217090,190601
0126Z0,2025-12-16,09:30:00,728000,728000,710000,727000,131589,94562230000,49175,82414
0126Z0,2025-12-16,09:45:00,726000,730000,717000,728000,45114,32707730000,21920,23194
0126Z0,2025-12-16,10:00:00,728000,729000,711000,712000,42048,30259840000,6652,35396
0126Z0,2025-12-16,10:15:00,713000,722000,707000,716000,45501,32478790000,16007,29494
0126Z0,2025-12-16,10:30:00,715000,720000,710000,719000,22216,15868470000,7741,14475
0126Z0,2025-12-16,10:45:00,719000,720000,712000,712000,12300,8797290000,3458,8842
0126Z0,2025-12-16,11:00:00,712000,722000,712000,721000,17093,12267970000,9732,7361
0126Z0,2025-12-16,11:15:00,720000,730000,719000,726000,32301,23435920000,20392,11909
0126Z0,2025-12-16,11:30:00,726000,726000,720000,724000,12953,9371420000,5276,7677
0126Z0,2025-12-16,11:45:00,724000,735000,722000,733000,20655,15050800000,15634,5021
0126Z0,2025-12-16,12:00:00,734000,735000,727000,730000,30604,22385180000,14990,15614
0126Z0,2025-12-16,12:15:00,729000,737000,725000,731000,36928,27030030000,17116,19812
0126Z0,2025-12-16,12:30:00,731000,738000,730000,731000,28668,21044440000,13716,14952
0126Z0,2025-12-16,12:45:00,732000,735000,722000,728000,23713,17274350000,5841,17872
0126Z0,2025-12-16,13:00:00,727000,750000,726000,742000,75191,55822860000,50296,24895
0126Z0,2025-12-16,13:15:00,743000,749000,737000,744000,52233,38754200000,25012,27221
0126Z0,2025-12-16,13:30:00,744000,744000,735000,737000,27896,20626390000,7304,20592
0126Z0,2025-12-16,13:45:00,738000,740000,732000,732000,24394,17938550000,7945,16449
0126Z0,2025-12-16,14:00:00,732000,734000,728000,729000,22641,16543310000,4733,17908
0126Z0,2025-12-16,14:15:00,730000,734000,726000,732000,14952,10913550000,7144,7808
0126Z0,2025-12-16,14:30:00,733000,733000,727000,731000,10898,7957150000,4551,6347
0126Z0,2025-12-16,14:45:00,731000,733000,716000,716000,42591,30767580000,9988,32603
0126Z0,2025-12-16,15:00:00,716000,721000,710000,719000,34646,24762940000,10137,24509
0126Z0,2025-12-16,15:15:00,719000,719000,710000,712000,26962,19228080000,10129,16833
0126Z0,2025-12-16,15:30:00,713000,719000,712000,712000,27261,19455170000,22014,3795
0126Z0,2025-12-17,09:15:00,712000,713000,680000,701000,141413,98295240000,62862,78267
0126Z0,2025-12-17,09:30:00,700000,707000,692000,694000,42144,29496910000,15724,26420
0126Z0,2025-12-17,09:45:00,694000,702000,694000,701000,17594,12257290000,7250,10344
0126Z0,2025-12-17,10:00:00,701000,705000,693000,695000,21054,14728750000,8629,12425
0126Z0,2025-12-17,10:15:00,695000,698000,687000,687000,24163,16706310000,4542,19621
0126Z0,2025-12-17,10:30:00,687500,696000,682000,695000,31160,21391180000,12155,19005
0126Z0,2025-12-17,10:45:00,695000,696000,674000,678000,62986,42946590000,25783,37203
0126Z0,2025-12-17,11:00:00,678000,682000,674000,676000,25765,17448870000,10977,14788
0126Z0,2025-12-17,11:15:00,676000,681000,670000,674000,36601,24662160000,14358,22243
0126Z0,2025-12-17,11:30:00,674000,682000,674000,680000,14706,9967110000,8454,6252
0126Z0,2025-12-17,11:45:00,681000,686000,678000,678000,13744,9380730000,5692,8052
0126Z0,2025-12-17,12:00:00,678000,679000,674000,676000,8306,5619900000,1864,6442
0126Z0,2025-12-17,12:15:00,675500,684000,675000,682000,8100,5502220000,3788,4312
0126Z0,2025-12-17,12:30:00,682000,683000,676000,677000,8076,5475520000,2421,5655
0126Z0,2025-12-17,12:45:00,677000,680500,676000,678000,4321,2931360000,1849,2472
0126Z0,2025-12-17,13:00:00,678000,682000,676000,679000,4991,3384450000,1966,3025
0126Z0,2025-12-17,13:15:00,679000,691000,679000,686000,21472,14707680000,13411,8061
0126Z0,2025-12-17,13:30:00,686000,696000,681000,695000,21273,14628330000,13845,7428
0126Z0,2025-12-17,13:45:00,695000,698000,688000,691000,29534,20511840000,13271,16263
0126Z0,2025-12-17,14:00:00,691000,692000,684000,685000,13593,9351920000,2093,11500
0126Z0,2025-12-17,14:15:00,684000,688000,680000,681000,17308,11802050000,5996,11312
0126Z0,2025-12-17,14:30:00,681000,681000,666000,672000,43696,29394780000,7390,36306
0126Z0,2025-12-17,14:45:00,671000,673000,665000,668000,20955,14012670000,6001,14954
0126Z0,2025-12-17,15:00:00,667000,676000,660000,661000,40707,27163550000,12712,27995
0126Z0,2025-12-17,15:15:00,661000,673000,661000,663000,33966,22645460000,10810,23156
0126Z0,2025-12-17,15:30:00,662000,669000,661000,666000,27191,18079940000,18287,8402
0126Z0,2025-12-18,09:15:00,648000,697000,648000,694000,200742,136466000000,127739,72935
0126Z0,2025-12-18,09:30:00,694000,696000,683000,689000,62617,43184260000,34215,28402
0126Z0,2025-12-18,09:45:00,689500,705000,681000,699000,93824,65101940000,53802,40022
0126Z0,2025-12-18,10:00:00,698500,711000,697000,708000,110681,77902050000,63833,46848
0126Z0,2025-12-18,10:15:00,709000,709000,694000,698000,44589,31164980000,11349,33240
0126Z0,2025-12-18,10:30:00,698000,698000,691000,697000,25236,17511860000,8192,17044
0126Z0,2025-12-18,10:45:00,697000,711000,696000,707000,58010,40962850000,42226,15784
0126Z0,2025-12-18,11:00:00,708000,709000,702000,705000,17234,12158080000,6786,10448
0126Z0,2025-12-18,11:15:00,705500,720000,705500,711000,84672,60390820000,54540,30132
0126Z0,2025-12-18,11:30:00,712000,715000,707000,711000,21911,15568070000,7062,14849
0126Z0,2025-12-18,11:45:00,711000,711000,696000,696000,30529,21470120000,4580,25949
0126Z0,2025-12-18,12:00:00,696500,702000,696000,701000,19685,13758190000,7569,12116
0126Z0,2025-12-18,12:15:00,701000,702000,695000,699000,12914,9011380000,3428,9486
0126Z0,2025-12-18,12:30:00,699500,700000,696000,697000,7641,5335270000,2048,5593
0126Z0,2025-12-18,12:45:00,697000,705000,696000,700000,13958,9785030000,7428,6530
0126Z0,2025-12-18,13:00:00,700000,700000,698000,700000,5653,3949640000,1463,4190
0126Z0,2025-12-18,13:15:00,699000,700000,697000,698000,8919,6231550000,3822,5097
0126Z0,2025-12-18,13:30:00,698000,699000,697000,697500,5201,3628700000,1720,3481
0126Z0,2025-12-18,13:45:00,697500,706000,695500,706000,15360,10737320000,9285,6075
0126Z0,2025-12-18,14:00:00,705000,707000,698000,698000,14193,9986580000,8085,6108
0126Z0,2025-12-18,14:15:00,699000,699000,687000,687000,29607,20499460000,5094,24513
0126Z0,2025-12-18,14:30:00,687000,687000,670000,672000,60530,41032640000,13093,47437
0126Z0,2025-12-18,14:45:00,672000,685000,671000,682000,25447,17293000000,15013,10434
0126Z0,2025-12-18,15:00:00,682000,689000,677000,680000,22088,15099320000,11071,11017
0126Z0,2025-12-18,15:15:00,680000,685000,678000,682000,18052,12319060000,7741,10311
0126Z0,2025-12-18,15:30:00,681000,685000,680000,680000,22579,15374720000,16280,5200
0126Z0,2025-12-19,09:15:00,693000,703000,684000,691000,82601,57254090000,39322,43224
0126Z0,2025-12-19,09:30:00,691000,691000,673000,681000,43968,29915750000,12180,31788
0126Z0,2025-12-19,09:45:00,681000,683000,677000,681000,14310,9734110000,5860,8450
0126Z0,2025-12-19,10:00:00,681000,682000,673000,676000,20750,14025870000,3710,17040
0126Z0,2025-12-19,10:15:00,676000,678000,670000,671000,16788,11298630000,3632,13156
0126Z0,2025-12-19,10:30:00,671000,678000,666000,668000,18130,12168210000,3906,14224
0126Z0,2025-12-19,10:45:00,667000,670000,663000,667000,26229,17468660000,7097,19132
0126Z0,2025-12-19,11:00:00,667000,673000,664000,671000,15678,10474760000,8574,7104
0126Z0,2025-12-19,11:15:00,671000,672000,668000,668500,8390,5619930000,2634,5756
0126Z0,2025-12-19,11:30:00,668000,684000,667000,683000,17960,12131910000,11654,6306
0126Z0,2025-12-19,11:45:00,683000,686000,680000,681000,21056,14380410000,10752,10304
0126Z0,2025-12-19,12:00:00,681000,683000,677000,680000,7819,5320100000,2531,5288
0126Z0,2025-12-19,12:15:00,680000,685000,680000,682000,6559,4476190000,4184,2375
0126Z0,2025-12-19,12:30:00,682000,684000,680000,683000,4587,3127980000,1614,2973
0126Z0,2025-12-19,12:45:00,682000,683000,674000,675000,14082,9542360000,2824,11258
0126Z0,2025-12-19,13:00:00,674000,677000,670000,677000,13227,8899560000,3990,9237
0126Z0,2025-12-19,13:15:00,676000,678000,672000,673000,6566,4426050000,1321,5245
0126Z0,2025-12-19,13:30:00,673000,674000,671000,673000,6963,4680330000,1691,5272
0126Z0,2025-12-19,13:45:00,673000,675000,672000,674000,5203,3503440000,1364,3839
0126Z0,2025-12-19,14:00:00,674000,677000,674000,675000,4707,3180460000,2368,2339
0126Z0,2025-12-19,14:15:00,675000,678000,672000,672000,8905,6011880000,2263,6642
0126Z0,2025-12-19,14:30:00,672000,673000,670000,670500,9962,6687470000,2145,7817
0126Z0,2025-12-19,14:45:00,670000,675000,670000,674000,6377,4285430000,3582,2795
0126Z0,2025-12-19,15:00:00,674000,675000,668000,668000,13249,8893110000,1043,12206
0126Z0,2025-12-19,15:15:00,668000,672000,667000,668000,15612,10450220000,5448,10164
0126Z0,2025-12-19,15:30:00,669000,674000,668000,673000,18272,12287760000,16137,1491
0126Z0,2025-12-22,09:15:00,686000,688000,669000,671000,71924,48830780000,28856,43007
0126Z0,2025-12-22,09:30:00,671000,677000,661000,663000,38085,25471620000,9711,28374
0126Z0,2025-12-22,09:45:00,663000,668000,662500,663000,21270,14150410000,5987,15283
0126Z0,2025-12-22,10:00:00,663000,665000,662000,664000,12530,8309350000,3191,9339
0126Z0,2025-12-22,10:15:00,663000,664000,657000,658000,28737,18975040000,3533,25204
0126Z0,2025-12-22,10:30:00,658000,659000,650000,656000,39754,26010120000,13462,26292
0126Z0,2025-12-22,10:45:00,656000,665000,656000,660000,16637,11005220000,9933,6704
0126Z0,2025-12-22,11:00:00,660000,661000,656000,657000,9350,6152590000,1817,7533
0126Z0,2025-12-22,11:15:00,657000,663000,656000,659000,8650,5715820000,3377,5273
0126Z0,2025-12-22,11:30:00,659000,659500,654000,654000,11932,7833720000,1041,10891
0126Z0,2025-12-22,11:45:00,654000,659000,653000,656000,12616,8277040000,2966,9650
0126Z0,2025-12-22,12:00:00,655000,663000,655000,661000,7144,4697770000,3938,3206
0126Z0,2025-12-22,12:15:00,661000,663000,659000,659000,5803,3834640000,1816,3987
0126Z0,2025-12-22,12:30:00,659000,660000,657000,658000,3985,2622770000,638,3347
0126Z0,2025-12-22,12:45:00,659000,659000,657000,658000,3063,2014470000,601,2462
0126Z0,2025-12-22,13:00:00,658000,659000,656000,658000,4715,3099830000,819,3896
0126Z0,2025-12-22,13:15:00,658000,661000,657000,661000,4590,3022950000,2328,2262
0126Z0,2025-12-22,13:30:00,660000,670000,659000,670000,19571,13005450000,15375,4196
0126Z0,2025-12-22,13:45:00,670000,674000,664000,666500,23531,15751420000,11491,12040
0126Z0,2025-12-22,14:00:00,666500,669000,663000,664000,7511,4999400000,1605,5906
0126Z0,2025-12-22,14:15:00,664500,667000,664000,665000,4898,3259320000,1430,3468
0126Z0,2025-12-22,14:30:00,665000,666000,660000,662000,8162,5403820000,868,7294
0126Z0,2025-12-22,14:45:00,661000,667000,660000,666000,7167,4745610000,2408,4759
0126Z0,2025-12-22,15:00:00,666000,667000,662000,664000,7203,4782540000,1535,5668
0126Z0,2025-12-22,15:15:00,664000,668000,664000,664000,11526,7670700000,4810,6716
0126Z0,2025-12-22,15:30:00,664000,666000,663000,663000,16017,10634070000,11329,3786
0126Z0,2025-12-23,09:15:00,668000,672000,656000,664000,46216,30785340000,21244,24610
0126Z0,2025-12-23,09:30:00,664000,665000,654000,659000,30747,20240500000,7072,23675
0126Z0,2025-12-23,09:45:00,660000,660000,640000,648000,56348,36518870000,10276,46072
0126Z0,2025-12-23,10:00:00,648000,649000,640000,648000,31032,19964540000,10642,20390
0126Z0,2025-12-23,10:15:00,648000,651000,645000,650000,13385,8661760000,6090,7295
0126Z0,2025-12-23,10:30:00,650000,655000,647000,655000,12713,8282620000,7447,5266
0126Z0,2025-12-23,10:45:00,655000,662000,653000,661500,23628,15532460000,15757,7871
0126Z0,2025-12-23,11:00:00,662000,666000,658000,659000,29884,19802890000,17602,12282
0126Z0,2025-12-23,11:15:00,658000,663000,656000,663000,7053,4649560000,3781,3272
0126Z0,2025-12-23,11:30:00,663500,665000,661000,662000,11285,7489150000,5597,5688
0126Z0,2025-12-23,11:45:00,662000,668000,661000,667000,13459,8950300000,9382,4077
0126Z0,2025-12-23,12:00:00,667000,667000,659000,661000,8459,5602400000,2299,6160
0126Z0,2025-12-23,12:15:00,661000,662000,657000,657000,5034,3318630000,870,4164
0126Z0,2025-12-23,12:30:00,657000,661000,656000,657000,5297,3485880000,1609,3688
0126Z0,2025-12-23,12:45:00,656500,658000,654000,655000,6717,4403620000,1504,5213
0126Z0,2025-12-23,13:00:00,655000,659000,650000,653000,11483,7508410000,3753,7730
0126Z0,2025-12-23,13:15:00,654000,657000,653000,656000,4923,3222480000,2735,2188
0126Z0,2025-12-23,13:30:00,656000,660000,656000,656000,6895,4537390000,3436,3459
0126Z0,2025-12-23,13:45:00,656500,662000,656000,659000,7345,4844690000,4224,3121
0126Z0,2025-12-23,14:00:00,660000,663000,658000,661000,8615,5689610000,5043,3572
0126Z0,2025-12-23,14:15:00,661000,662000,653000,658000,15805,10370980000,5004,10801
0126Z0,2025-12-23,14:30:00,657000,658000,655000,657000,5593,3673150000,2421,3172
0126Z0,2025-12-23,14:45:00,657000,661000,656000,658500,9870,6501760000,5025,4845
0126Z0,2025-12-23,15:00:00,658000,658500,656000,657000,5972,3924090000,2602,3370
0126Z0,2025-12-23,15:15:00,658000,658000,652000,653000,14429,9440420000,3948,10481
0126Z0,2025-12-23,15:30:00,653000,655000,652000,652000,14264,9306620000,11360,2337
0126Z0,2025-12-24,09:15:00,649000,651000,637000,639000,58321,37392690000,21545,36309
0126Z0,2025-12-24,09:30:00,638000,643000,636000,640000,31827,20314270000,12792,19035
0126Z0,2025-12-24,09:45:00,639000,645000,639000,642000,12011,7703450000,7343,4668
0126Z0,2025-12-24,10:00:00,643000,659000,641000,653000,42959,28004350000,27567,15392
0126Z0,2025-12-24,10:15:00,653000,669000,652000,664000,62817,41592560000,36120,26697
0126Z0,2025-12-24,10:30:00,664000,665000,654000,655000,16330,10746830000,4348,11982
0126Z0,2025-12-24,10:45:00,655000,656000,649000,655000,12123,7901170000,2893,9230
0126Z0,2025-12-24,11:00:00,654000,655000,650000,651000,7592,4946290000,1841,5751
0126Z0,2025-12-24,11:15:00,652000,656000,651000,654000,4949,3235590000,2412,2537
0126Z0,2025-12-24,11:30:00,654000,655000,649000,650000,7810,5091990000,938,6872
0126Z0,2025-12-24,11:45:00,650000,653000,649000,651000,3634,2363630000,1564,2070
0126Z0,2025-12-24,12:00:00,651000,654000,651000,654000,3002,1959950000,2117,885
0126Z0,2025-12-24,12:15:00,654000,654000,645000,646000,11793,7652550000,1710,10083
0126Z0,2025-12-24,12:30:00,647000,648000,643000,646000,7971,5143240000,2673,5298
0126Z0,2025-12-24,12:45:00,646000,648000,641000,643000,12890,8291640000,2989,9901
0126Z0,2025-12-24,13:00:00,643000,645000,640000,643000,6659,4274460000,1901,4758
0126Z0,2025-12-24,13:15:00,642000,646000,642000,645000,3276,2110900000,1384,1892
0126Z0,2025-12-24,13:30:00,645000,647000,642000,645000,5118,3297300000,2164,2954
0126Z0,2025-12-24,13:45:00,645000,649000,645000,645000,5238,3390420000,2775,2463
0126Z0,2025-12-24,14:00:00,645000,646000,642000,644000,4545,2924800000,1023,3522
0126Z0,2025-12-24,14:15:00,644000,645000,640000,642000,11747,7535720000,1322,10425
0126Z0,2025-12-24,14:30:00,641000,644000,640000,644000,7586,4869020000,2281,5305
0126Z0,2025-12-24,14:45:00,644000,645000,642000,643000,5945,3826410000,2707,3238
0126Z0,2025-12-24,15:00:00,643000,643000,639000,639500,11956,7661550000,3558,8398
0126Z0,2025-12-24,15:15:00,639000,642000,638000,640000,13609,8700670000,5401,8208
0126Z0,2025-12-24,15:30:00,640000,641000,637000,638000,15480,9885660000,9041,5717
0126Z0,2025-12-26,09:15:00,639000,655000,637000,646000,56998,36841620000,32760,24228
0126Z0,2025-12-26,09:30:00,646000,653000,638000,648000,38101,24607910000,15899,22202
0126Z0,2025-12-26,09:45:00,647000,663000,646000,661000,61295,40304840000,38490,22805
0126Z0,2025-12-26,10:00:00,661000,664000,656000,660000,30779,20345440000,17701,13078
0126Z0,2025-12-26,10:15:00,660000,668000,650000,666000,49900,33001400000,33543,16357
0126Z0,2025-12-26,10:30:00,666000,686000,665000,670000,110398,74719540000,65614,44784
0126Z0,2025-12-26,10:45:00,670500,683000,667000,682000,43517,29381760000,25103,18414
0126Z0,2025-12-26,11:00:00,683000,692000,682000,685000,76480,52588230000,45528,30952
0126Z0,2025-12-26,11:15:00,685000,695000,682000,691000,52345,36113700000,35636,16709
0126Z0,2025-12-26,11:30:00,692000,692000,686000,686000,19984,13770810000,6947,13037
0126Z0,2025-12-26,11:45:00,686500,695000,686000,692000,31707,21960390000,20023,11684
0126Z0,2025-12-26,12:00:00,693000,693000,686000,688500,16556,11413060000,4219,12337
0126Z0,2025-12-26,12:15:00,689000,691000,686000,691000,9304,6407300000,4493,4811
0126Z0,2025-12-26,12:30:00,690000,698000,689000,690000,32447,22510960000,22187,10260
0126Z0,2025-12-26,12:45:00,690000,693000,689000,690000,8379,5787550000,3148,5231
0126Z0,2025-12-26,13:00:00,690000,692000,689000,690500,8012,5530170000,2761,5251
0126Z0,2025-12-26,13:15:00,690500,705000,690000,696000,71625,50034490000,49343,22282
0126Z0,2025-12-26,13:30:00,696000,700000,694000,696000,18672,13008900000,7456,11216
0126Z0,2025-12-26,13:45:00,696000,697000,691000,692000,17045,11813970000,4347,12698
0126Z0,2025-12-26,14:00:00,692000,692000,685000,689000,32410,22292050000,10436,21974
0126Z0,2025-12-26,14:15:00,689000,692000,687000,687000,8508,5866720000,3617,4891
0126Z0,2025-12-26,14:30:00,688000,689000,681000,682000,20574,14073520000,5493,15081
0126Z0,2025-12-26,14:45:00,682000,686000,680000,681500,11762,8026490000,3737,8025
0126Z0,2025-12-26,15:00:00,681000,683000,671000,671000,42688,28860220000,11356,31332
0126Z0,2025-12-26,15:15:00,671000,677000,671000,674000,20222,13624370000,10733,9489
0126Z0,2025-12-26,15:30:00,674000,680000,673000,680000,25167,17073250000,19104,4972
0126Z0,2025-12-29,09:15:00,691000,694000,680000,685000,67928,46633160000,28995,38881
0126Z0,2025-12-29,09:30:00,686000,699000,681000,699000,47938,33212780000,28661,19277
0126Z0,2025-12-29,09:45:00,699000,720000,695000,700000,128107,90854740000,66656,61451
0126Z0,2025-12-29,10:00:00,700000,707000,696000,702500,28281,19835860000,10472,17809
0126Z0,2025-12-29,10:15:00,702500,704000,699000,699000,12863,9015690000,4364,8499
0126Z0,2025-12-29,10:30:00,699000,704000,696000,702000,14066,9838140000,4780,9286
0126Z0,2025-12-29,10:45:00,702000,712000,702000,711000,27405,19415590000,19551,7854
0126Z0,2025-12-29,11:00:00,711000,720000,708500,713000,37695,26959170000,26136,11559
0126Z0,2025-12-29,11:15:00,712000,720000,708500,714000,24341,17437750000,15049,9292
0126Z0,2025-12-29,11:30:00,714000,718000,714000,714000,11193,8012400000,5981,5212
0126Z0,2025-12-29,11:45:00,714000,717000,712000,715000,6990,4990890000,2824,4166
0126Z0,2025-12-29,12:00:00,715000,717000,712000,715000,4208,3007230000,2057,2151
0126Z0,2025-12-29,12:15:00,715000,715000,711000,712000,3916,2790420000,1122,2794
0126Z0,2025-12-29,12:30:00,712000,714000,711000,712000,4791,3411640000,1641,3150
0126Z0,2025-12-29,12:45:00,712000,717000,712000,717000,7159,5120590000,4594,2565
0126Z0,2025-12-29,13:00:00,717000,717000,712000,714000,4653,3323450000,1311,3342
0126Z0,2025-12-29,13:15:00,714500,722000,713000,718000,39167,28151130000,27866,11301
0126Z0,2025-12-29,13:30:00,718000,720000,717000,719000,8215,5903570000,4179,4036
0126Z0,2025-12-29,13:45:00,719000,719000,714000,717000,7433,5322630000,2232,5201
0126Z0,2025-12-29,14:00:00,716000,719000,716000,718500,4611,3309440000,2544,2067
0126Z0,2025-12-29,14:15:00,718500,719000,717000,717000,5291,3799320000,2464,2827
0126Z0,2025-12-29,14:30:00,717000,719000,715000,719000,6903,4949200000,3505,3398
0126Z0,2025-12-29,14:45:00,718000,720000,717000,719000,8129,5838670000,4936,3193
0126Z0,2025-12-29,15:00:00,720000,750000,719000,746000,118822,87437290000,85636,33186
0126Z0,2025-12-29,15:15:00,746000,749000,741000,743000,57223,42687290000,26662,30561
0126Z0,2025-12-29,15:30:00,743500,744000,738000,739000,44631,33004480000,24597,18005
0126Z0,2025-12-30,09:15:00,743000,765000,732000,759000,168485,126380050000,90166,78315
0126Z0,2025-12-30,09:30:00,759000,765000,750000,751000,96146,72953300000,41649,54497
0126Z0,2025-12-30,09:45:00,751000,754000,726000,735000,78314,58049060000,20705,57609
0126Z0,2025-12-30,10:00:00,735000,744000,734000,742000,24648,18213200000,12104,12544
0126Z0,2025-12-30,10:15:00,743000,747000,739000,747000,12505,9288040000,6622,5883
0126Z0,2025-12-30,10:30:00,747000,748000,742000,745000,13781,10280820000,6450,7331
0126Z0,2025-12-30,10:45:00,745000,759000,744000,749000,35166,26491430000,22342,12824
0126Z0,2025-12-30,11:00:00,749000,763000,749000,762000,31903,24183460000,24261,7642
0126Z0,2025-12-30,11:15:00,763000,765000,751000,753000,25725,19500020000,9509,16216
0126Z0,2025-12-30,11:30:00,754000,754000,747000,752000,10282,7711080000,2273,8009
0126Z0,2025-12-30,11:45:00,752000,755000,745000,745000,8722,6539920000,2558,6164
0126Z0,2025-12-30,12:00:00,746000,750000,741000,748000,9804,7309150000,2894,6910
0126Z0,2025-12-30,12:15:00,749000,749000,744000,747000,4284,3196750000,1463,2821
0126Z0,2025-12-30,12:30:00,747000,748000,742000,743000,6815,5068440000,1543,5272
0126Z0,2025-12-30,12:45:00,744000,744000,740000,741000,10233,7586620000,2586,7647
0126Z0,2025-12-30,13:00:00,740000,747000,740000,747000,5280,3919590000,2816,2464
0126Z0,2025-12-30,13:15:00,746000,750000,744000,744000,7386,5520520000,3923,3463
0126Z0,2025-12-30,13:30:00,744000,746000,744000,745000,2518,1876630000,909,1609
0126Z0,2025-12-30,13:45:00,745500,746000,741000,742000,5183,3853810000,1343,3840
0126Z0,2025-12-30,14:00:00,743000,743000,739000,741000,9531,7056870000,1440,8091
0126Z0,2025-12-30,14:15:00,740000,743000,739000,741000,7266,5382970000,1730,5536
0126Z0,2025-12-30,14:30:00,741000,745000,740000,742000,5519,4099750000,3218,2301
0126Z0,2025-12-30,14:45:00,742000,742000,735000,738000,17831,13153860000,4870,12961
0126Z0,2025-12-30,15:00:00,738000,743000,737000,739000,14733,10899980000,10583,4150
0126Z0,2025-12-30,15:15:00,740000,751000,738000,749500,34126,25436210000,23343,10783
0126Z0,2025-12-30,15:30:00,749000,750000,743000,743000,26076,19408440000,13792,9807
