"ticker","ticker_name","market_type","sector","listing_date"
"282330","BGF리테일","KOSPI","코스피 유통","2017-12-08"
"138930","BNK금융지주","KOSPI","코스피 금융","2011-03-30"
"001040","CJ","KOSPI","코스피 금융","1973-06-29"
"000120","CJ대한통운","KOSPI","코스피 운송·창고","1956-07-02"
"097950","CJ제일제당","KOSPI","코스피 음식료·담배","2007-09-28"
"005830","DB손해보험","KOSPI","코스피 보험","1973-06-28"
"000210","DL","KOSPI","코스피 화학","1976-02-02"
"375500","DL이앤씨","KOSPI","코스피 건설","2021-01-25"
"007340","DN오토모티브","KOSPI","코스피 전기·전자","1988-09-24"
"383220","F&F","KOSPI","코스피 섬유·의류","2021-05-21"
"114090","GKL","KOSPI","코스피 오락·문화","2009-11-19"
"078930","GS","KOSPI","코스피 금융","2004-08-05"
"006360","GS건설","KOSPI","코스피 건설","1981-08-03"
"007070","GS리테일","KOSPI","코스피 유통","2011-12-23"
"009540","HD한국조선해양","KOSPI","코스피 금융","1999-08-24"
"267250","HD현대","KOSPI","코스피 금융","2017-05-10"
"443060","HD현대마린솔루션","KOSPI","코스피 일반서비스","2024-05-08"
"071970","HD현대마린엔진","KOSPI","코스피 기계·장비","2009-05-15"
"267260","HD현대일렉트릭","KOSPI","코스피 전기·전자","2017-05-10"
"329180","HD현대중공업","KOSPI","코스피 운송장비·부품","2021-09-17"
"204320","HL만도","KOSPI","코스피 운송장비·부품","2014-10-06"
"011200","HMM","KOSPI","코스피 운송·창고","1995-10-05"
"298050","HS효성첨단소재","KOSPI","코스피 화학","2018-07-13"
"175330","JB금융지주","KOSPI","코스피 금융","2013-07-18"
"105560","KB금융","KOSPI","코스피 금융","2008-10-10"
"002380","KCC","KOSPI","코스피 화학","1973-06-25"
"030200","KT","KOSPI","코스피 통신","1998-12-23"
"033780","KT&G","KOSPI","코스피 음식료·담배","1999-10-08"
"003550","LG","KOSPI","코스피 금융","1970-02-13"
"034220","LG디스플레이","KOSPI","코스피 전기·전자","2004-07-23"
"051900","LG생활건강","KOSPI","코스피 화학","2001-04-25"
"064400","LG씨엔에스","KOSPI","코스피 IT 서비스","2025-02-05"
"373220","LG에너지솔루션","KOSPI","코스피 전기·전자","2022-01-27"
"032640","LG유플러스","KOSPI","코스피 통신","2008-04-21"
"011070","LG이노텍","KOSPI","코스피 전기·전자","2008-07-24"
"066570","LG전자","KOSPI","코스피 전기·전자","2002-04-22"
"051910","LG화학","KOSPI","코스피 화학","2001-04-25"
"079550","LIG넥스원","KOSPI","코스피 금속","2015-10-02"
"006260","LS","KOSPI","코스피 금융","1977-06-30"
"010120","LS ELECTRIC","KOSPI","코스피 전기·전자","1994-07-11"
"035420","NAVER","KOSPI","코스피 IT 서비스","2008-11-28"
"005940","NH투자증권","KOSPI","코스피 증권","1975-09-30"
"010060","OCI홀딩스","KOSPI","코스피 금융","1985-07-09"
"005490","POSCO홀딩스","KOSPI","코스피 금속","1988-06-10"
"010950","S-Oil","KOSPI","코스피 화학","1987-05-27"
"034730","SK","KOSPI","코스피 금융","2009-11-11"
"011790","SKC","KOSPI","코스피 화학","1997-07-18"
"302440","SK바이오사이언스","KOSPI","코스피 제약","2021-03-18"
"326030","SK바이오팜","KOSPI","코스피 일반서비스","2020-07-02"
"402340","SK스퀘어","KOSPI","코스피 금융","2021-11-29"
"361610","SK아이이테크놀로지","KOSPI","코스피 전기·전자","2021-05-11"
"096770","SK이노베이션","KOSPI","코스피 화학","2007-07-25"
"285130","SK케미칼","KOSPI","코스피 화학","2018-01-05"
"017670","SK텔레콤","KOSPI","코스피 통신","1989-11-07"
"000660","SK하이닉스","KOSPI","코스피 전기·전자","1996-12-26"
"069260","TKG휴켐스","KOSPI","코스피 화학","2002-10-07"
"139130","iM금융지주","KOSPI","코스피 금융","2011-06-07"
"035250","강원랜드","KOSPI","코스피 오락·문화","2003-09-04"
"010130","고려아연","KOSPI","코스피 금속","1990-07-28"
"011780","금호석유화학","KOSPI","코스피 화학","1988-01-22"
"073240","금호타이어","KOSPI","코스피 화학","2005-02-17"
"000270","기아","KOSPI","코스피 운송장비·부품","1973-07-21"
"024110","기업은행","KOSPI","코스피 금융","2003-12-24"
"251270","넷마블","KOSPI","코스피 IT 서비스","2017-05-12"
"006280","녹십자","KOSPI","코스피 제약","1989-08-01"
"005250","녹십자홀딩스","KOSPI","코스피 일반서비스","1978-08-28"
"004370","농심","KOSPI","코스피 음식료·담배","1976-06-30"
"001680","대상","KOSPI","코스피 음식료·담배","1970-04-01"
"047040","대우건설","KOSPI","코스피 건설","2001-03-23"
"003090","대웅","KOSPI","코스피 제약","1973-06-26"
"069620","대웅제약","KOSPI","코스피 제약","2002-11-01"
"006650","대한유화","KOSPI","코스피 화학","1999-08-11"
"001440","대한전선","KOSPI","코스피 전기·전자","1968-12-27"
"003490","대한항공","KOSPI","코스피 운송·창고","1966-03-18"
"192080","더블유게임즈","KOSPI","코스피 IT 서비스","2019-03-12"
"026960","동서","KOSPI","코스피 유통","2016-07-15"
"006040","동원산업","KOSPI","코스피 금융","1989-03-07"
"014820","동원시스템즈","KOSPI","코스피 화학","1994-03-29"
"000150","두산","KOSPI","코스피 금융","1973-06-29"
"454910","두산로보틱스","KOSPI","코스피 기계·장비","2023-10-05"
"241560","두산밥캣","KOSPI","코스피 기계·장비","2016-11-18"
"034020","두산에너빌리티","KOSPI","코스피 기계·장비","2000-10-25"
"023530","롯데쇼핑","KOSPI","코스피 유통","2006-02-09"
"280360","롯데웰푸드","KOSPI","코스피 음식료·담배","2017-10-30"
"004000","롯데정밀화학","KOSPI","코스피 화학","1976-04-15"
"004990","롯데지주","KOSPI","코스피 금융","1974-02-16"
"005300","롯데칠성","KOSPI","코스피 음식료·담배","1973-06-21"
"011170","롯데케미칼","KOSPI","코스피 화학","1991-05-30"
"138040","메리츠금융지주","KOSPI","코스피 금융","2011-05-13"
"006800","미래에셋증권","KOSPI","코스피 증권","1975-09-30"
"081660","미스토홀딩스","KOSPI","코스피 유통","2010-09-28"
"002840","미원상사","KOSPI","코스피 화학","1989-09-25"
"268280","미원에스씨","KOSPI","코스피 화학","2017-05-22"
"062040","산일전기","KOSPI","코스피 전기·전자","2024-07-29"
"028050","삼성E&A","KOSPI","코스피 일반서비스","1996-12-24"
"006400","삼성SDI","KOSPI","코스피 전기·전자","1979-02-27"
"028260","삼성물산","KOSPI","코스피 유통","2014-12-18"
"207940","삼성바이오로직스","KOSPI","코스피 제약","2016-11-10"
"032830","삼성생명","KOSPI","코스피 보험","2010-05-12"
"018260","삼성에스디에스","KOSPI","코스피 IT 서비스","2014-11-14"
"0126Z0","삼성에피스홀딩스","KOSPI","코스피 금융","2025-11-24"
"009150","삼성전기","KOSPI","코스피 전기·전자","1979-02-27"
"005930","삼성전자","KOSPI","코스피 전기·전자","1975-06-11"
"010140","삼성중공업","KOSPI","코스피 운송장비·부품","1994-01-28"
"016360","삼성증권","KOSPI","코스피 증권","1988-03-28"
"029780","삼성카드","KOSPI","코스피 금융","2007-06-27"
"000810","삼성화재","KOSPI","코스피 보험","1975-06-30"
"003230","삼양식품","KOSPI","코스피 음식료·담배","1975-06-30"
"004490","세방전지","KOSPI","코스피 전기·전자","1987-11-28"
"001430","세아베스틸지주","KOSPI","코스피 금속","1991-03-12"
"003030","세아제강지주","KOSPI","코스피 금융","1969-05-13"
"068270","셀트리온","KOSPI","코스피 제약","2018-02-09"
"004170","신세계","KOSPI","코스피 유통","1985-08-19"
"055550","신한지주","KOSPI","코스피 금융","2001-09-10"
"112610","씨에스윈드","KOSPI","코스피 금속","2014-11-27"
"090430","아모레퍼시픽","KOSPI","코스피 화학","2006-06-29"
"002790","아모레퍼시픽홀딩스","KOSPI","코스피 화학","1973-04-30"
"002030","아세아","KOSPI","코스피 일반서비스","1974-06-03"
"137310","에스디바이오센서","KOSPI","코스피 의료·정밀기기","2021-07-16"
"005850","에스엘","KOSPI","코스피 운송장비·부품","1988-11-08"
"012750","에스원","KOSPI","코스피 일반서비스","1996-01-30"
"278470","에이피알","KOSPI","코스피 화학","2024-02-27"
"450080","에코프로머티","KOSPI","코스피 전기·전자","2023-11-17"
"036570","엔씨소프트","KOSPI","코스피 IT 서비스","2003-05-22"
"066970","엘앤에프","KOSPI","코스피 전기·전자","2024-01-29"
"111770","영원무역","KOSPI","코스피 유통","2009-07-30"
"009970","영원무역홀딩스","KOSPI","코스피 금융","1988-11-07"
"000670","영풍","KOSPI","코스피 금속","1976-06-12"
"007310","오뚜기","KOSPI","코스피 음식료·담배","1994-08-12"
"271560","오리온","KOSPI","코스피 음식료·담배","2017-07-07"
"001800","오리온홀딩스","KOSPI","코스피 금융","1975-06-27"
"316140","우리금융지주","KOSPI","코스피 금융","2019-02-13"
"000100","유한양행","KOSPI","코스피 제약","1962-11-01"
"008730","율촌화학","KOSPI","코스피 화학","1988-08-30"
"139480","이마트","KOSPI","코스피 유통","2011-06-10"
"457190","이수스페셜티케미컬","KOSPI","코스피 화학","2023-05-31"
"007660","이수페타시스","KOSPI","코스피 전기·전자","2003-10-07"
"030000","제일기획","KOSPI","코스피 일반서비스","1998-03-03"
"185750","종근당","KOSPI","코스피 제약","2013-12-06"
"071320","지역난방공사","KOSPI","코스피 전기·가스","2010-01-29"
"035720","카카오","KOSPI","코스피 IT 서비스","2017-07-10"
"323410","카카오뱅크","KOSPI","코스피 금융","2021-08-06"
"377300","카카오페이","KOSPI","코스피 금융","2021-11-03"
"192820","코스맥스","KOSPI","코스피 화학","2014-04-07"
"005420","코스모화학","KOSPI","코스피 화학","1987-07-23"
"120110","코오롱인더","KOSPI","코스피 화학","2010-02-01"
"021240","코웨이","KOSPI","코스피 일반서비스","2001-08-07"
"259960","크래프톤","KOSPI","코스피 IT 서비스","2021-08-10"
"039490","키움증권","KOSPI","코스피 증권","2009-08-03"
"003240","태광산업","KOSPI","코스피 화학","1975-12-27"
"034230","파라다이스","KOSPI","코스피 오락·문화","2024-06-24"
"028670","팬오션","KOSPI","코스피 운송·창고","2007-09-21"
"022100","포스코DX","KOSPI","코스피 일반서비스","2024-01-02"
"047050","포스코인터내셔널","KOSPI","코스피 유통","2001-03-23"
"003670","포스코퓨처엠","KOSPI","코스피 전기·전자","2019-05-29"
"103140","풍산","KOSPI","코스피 금속","2008-07-30"
"086790","하나금융지주","KOSPI","코스피 금융","2005-12-12"
"352820","하이브","KOSPI","코스피 오락·문화","2020-10-15"
"000080","하이트진로","KOSPI","코스피 음식료·담배","2009-10-19"
"036460","한국가스공사","KOSPI","코스피 전기·가스","1999-12-15"
"071050","한국금융지주","KOSPI","코스피 금융","2003-07-21"
"000240","한국앤컴퍼니","KOSPI","코스피 금융","1968-12-27"
"015760","한국전력","KOSPI","코스피 전기·가스","1989-08-10"
"017960","한국카본","KOSPI","코스피 금속","1995-07-08"
"161890","한국콜마","KOSPI","코스피 화학","2012-10-19"
"161390","한국타이어앤테크놀로지","KOSPI","코스피 화학","2012-10-04"
"047810","한국항공우주","KOSPI","코스피 운송장비·부품","2011-06-30"
"042700","한미반도체","KOSPI","코스피 기계·장비","2005-07-22"
"008930","한미사이언스","KOSPI","코스피 금융","1988-06-20"
"128940","한미약품","KOSPI","코스피 제약","2010-07-30"
"009240","한샘","KOSPI","코스피 유통","2002-07-16"
"014680","한솔케미칼","KOSPI","코스피 화학","1989-05-20"
"018880","한온시스템","KOSPI","코스피 기계·장비","1996-07-31"
"009420","한올바이오파마","KOSPI","코스피 제약","1989-12-18"
"300720","한일시멘트","KOSPI","코스피 비금속","2018-08-06"
"051600","한전KPS","KOSPI","코스피 건설","2007-12-14"
"052690","한전기술","KOSPI","코스피 일반서비스","2009-12-14"
"180640","한진칼","KOSPI","코스피 금융","2013-09-16"
"000880","한화","KOSPI","코스피 화학","1976-06-24"
"088350","한화생명","KOSPI","코스피 보험","2010-03-17"
"009830","한화솔루션","KOSPI","코스피 화학","1974-06-19"
"272210","한화시스템","KOSPI","코스피 전기·전자","2019-11-13"
"012450","한화에어로스페이스","KOSPI","코스피 운송장비·부품","1987-05-27"
"082740","한화엔진","KOSPI","코스피 기계·장비","2011-01-04"
"042660","한화오션","KOSPI","코스피 운송장비·부품","2001-02-02"
"000720","현대건설","KOSPI","코스피 건설","1984-12-22"
"086280","현대글로비스","KOSPI","코스피 운송·창고","2005-12-26"
"064350","현대로템","KOSPI","코스피 운송장비·부품","2013-10-30"
"012330","현대모비스","KOSPI","코스피 운송장비·부품","1989-09-05"
"069960","현대백화점","KOSPI","코스피 유통","2002-11-25"
"017800","현대엘리베이터","KOSPI","코스피 기계·장비","1996-07-03"
"307950","현대오토에버","KOSPI","코스피 IT 서비스","2019-03-28"
"011210","현대위아","KOSPI","코스피 운송장비·부품","2011-02-21"
"004020","현대제철","KOSPI","코스피 금속","1987-05-23"
"005380","현대차","KOSPI","코스피 운송장비·부품","1974-06-28"
"001450","현대해상","KOSPI","코스피 보험","1989-08-25"
"008770","호텔신라","KOSPI","코스피 유통","1991-03-12"
"298040","효성중공업","KOSPI","코스피 전기·전자","2018-07-13"
"298020","효성티앤씨","KOSPI","코스피 화학","2018-07-13"
"093370","후성","KOSPI","코스피 화학","2006-12-22"
