trade_date,wti_crude_oil,gold_price,fed_rate,kr_base_rate
2020-01-01,,,1.5,0.5
2020-01-02,61.17,1524.5,1.5,
2020-01-03,63,1549.199951,1.5,
2020-01-04,,,1.5,
2020-01-05,,,1.5,
2020-01-06,63.27,1566.199951,1.5,
2020-01-07,62.7,1571.800049,1.5,
2020-01-08,59.65,1557.400024,1.5,
2020-01-09,59.56,1551.699951,1.5,
2020-01-10,59.02,1557.5,1.5,
2020-01-11,,,1.5,
2020-01-12,,,1.5,
2020-01-13,58.17,1548.400024,1.5,
2020-01-14,58.34,1542.400024,1.5,
2020-01-15,57.86,1552.099976,1.5,
2020-01-16,58.52,1549,1.5,
2020-01-17,58.55,1558.800049,1.5,
2020-01-18,,,1.5,
2020-01-19,,,1.5,
2020-01-20,,,1.5,
2020-01-21,58.25,1556.400024,1.5,
2020-01-22,56.76,1555.300049,1.5,
2020-01-23,55.51,1564.599976,1.5,
2020-01-24,54.09,1571.099976,1.5,
2020-01-25,,,1.5,
2020-01-26,,,1.5,
2020-01-27,53.09,1576.800049,1.5,
2020-01-28,53.33,1569.199951,1.5,
2020-01-29,53.29,1569.800049,1.5,
2020-01-30,52.19,1583.5,1.5,
2020-01-31,51.58,1582.900024,1.5,
2020-02-01,,,1.5,0.5
2020-02-02,,,1.5,
2020-02-03,50.06,1577.199951,1.5,
2020-02-04,49.59,1550.400024,1.5,
2020-02-05,50.87,1557.800049,1.5,
2020-02-06,50.94,1565.099976,1.5,
2020-02-07,50.34,1568.599976,1.5,
2020-02-08,,,1.5,
2020-02-09,,,1.5,
2020-02-10,49.59,1574.699951,1.5,
2020-02-11,50,1565.599976,1.5,
2020-02-12,51.13,1567.400024,1.5,
2020-02-13,51.41,1575.099976,1.5,
2020-02-14,52.03,1582.699951,1.5,
2020-02-15,,,1.5,
2020-02-16,,,1.5,
2020-02-17,,,1.5,
2020-02-18,52.1,1600,1.5,
2020-02-19,53.31,1607.5,1.5,
2020-02-20,53.77,1616.599976,1.5,
2020-02-21,53.36,1644.599976,1.5,
2020-02-22,,,1.5,
2020-02-23,,,1.5,
2020-02-24,51.36,1672.400024,1.5,
2020-02-25,49.78,1646.900024,1.5,
2020-02-26,48.67,1640,1.5,
2020-02-27,47.17,1640,1.5,
2020-02-28,44.83,1564.099976,1.5,
2020-02-29,,,1.5,
2020-03-01,,,1.5,0.25
2020-03-02,46.78,1592.300049,1.5,
2020-03-03,47.27,1642.099976,1.5,
2020-03-04,46.78,1641.099976,1,
2020-03-05,45.9,1666.400024,1,
2020-03-06,41.14,1670.800049,1,
2020-03-07,,,1,
2020-03-08,,,1,
2020-03-09,31.05,1674.5,1,
2020-03-10,34.47,1659.099976,1,
2020-03-11,33.13,1641.400024,1,
2020-03-12,31.56,1589.300049,1,
2020-03-13,31.72,1515.699951,1,
2020-03-14,,,1,
2020-03-15,,,1,
2020-03-16,28.96,1485.900024,0,
2020-03-17,26.96,1524.900024,0,
2020-03-18,20.48,1477.300049,0,
2020-03-19,25.09,1478.599976,0,
2020-03-20,19.48,1484,0,
2020-03-21,,,0,
2020-03-22,,,0,
2020-03-23,23.33,1567,0,
2020-03-24,21.03,1660.199951,0,
2020-03-25,20.75,1632.300049,0,
2020-03-26,16.6,1650.099976,0,
2020-03-27,15.48,1623.900024,0,
2020-03-28,,,0,
2020-03-29,,,0,
2020-03-30,14.1,1622,0,
2020-03-31,20.51,1583.400024,0,
2020-04-01,20.28,1578.199951,0,0.25
2020-04-02,25.18,1625.699951,0,
2020-04-03,28.36,1633.699951,0,
2020-04-04,,,0,
2020-04-05,,,0,
2020-04-06,26.21,1677,0,
2020-04-07,23.54,1664.800049,0,
2020-04-08,24.97,1665.400024,0,
2020-04-09,22.9,1736.199951,0,
2020-04-10,,,0,
2020-04-11,,,0,
2020-04-12,,,0,
2020-04-13,22.36,1744.800049,0,
2020-04-14,20.15,1756.699951,0,
2020-04-15,19.96,1727.199951,0,
2020-04-16,19.82,1720.400024,0,
2020-04-17,18.31,1689.199951,0,
2020-04-18,,,0,
2020-04-19,,,0,
2020-04-20,-36.98,1701.599976,0,
2020-04-21,8.91,1678.199951,0,
2020-04-22,13.64,1728.699951,0,
2020-04-23,15.06,1733.300049,0,
2020-04-24,15.99,1723.5,0,
2020-04-25,,,0,
2020-04-26,,,0,
2020-04-27,12.17,1711.900024,0,
2020-04-28,12.4,1710.5,0,
2020-04-29,15.04,1703.400024,0,
2020-04-30,19.23,1684.199951,0,
2020-05-01,19.72,1694.5,0,0.25
2020-05-02,,,0,
2020-05-03,,,0,
2020-05-04,20.47,1706.900024,0,
2020-05-05,24.56,1704.400024,0,
2020-05-06,23.88,1684.199951,0,
2020-05-07,23.68,1721.800049,0,
2020-05-08,24.73,1709.900024,0,
2020-05-09,,,0,
2020-05-10,,,0,
2020-05-11,24.02,1695.300049,0,
2020-05-12,25.76,1704.400024,0,
2020-05-13,25.37,1713.900024,0,
2020-05-14,27.4,1738.099976,0,
2020-05-15,29.44,1753.400024,0,
2020-05-16,,,0,
2020-05-17,,,0,
2020-05-18,31.83,1731.800049,0,
2020-05-19,32.3,1744.199951,0,
2020-05-20,33.56,1750.599976,0,
2020-05-21,34.3,1720.5,0,
2020-05-22,33.49,1734.599976,0,
2020-05-23,,,0,
2020-05-24,,,0,
2020-05-25,,,0,
2020-05-26,34.7,1704.800049,0,
2020-05-27,32.8,1710.300049,0,
2020-05-28,33.67,1713.300049,0,
2020-05-29,35.57,1736.900024,0,
2020-05-30,,,0,
2020-05-31,,,0,
2020-06-01,35.49,1737.800049,0,0.25
2020-06-02,36.88,1725.199951,0,
2020-06-03,37.33,1697.800049,0,
2020-06-04,37.42,1718.900024,0,
2020-06-05,39.49,1676.199951,0,
2020-06-06,,,0,
2020-06-07,,,0,
2020-06-08,38.17,1698.300049,0,
2020-06-09,38.98,1714.699951,0,
2020-06-10,39.54,1713.300049,0,
2020-06-11,36.43,1732,0,
2020-06-12,36.24,1729.300049,0,
2020-06-13,,,0,
2020-06-14,,,0,
2020-06-15,37.07,1720.300049,0,
2020-06-16,38.26,1729.599976,0,
2020-06-17,37.91,1729.199951,0,
2020-06-18,38.79,1724.800049,0,
2020-06-19,39.72,1745.900024,0,
2020-06-20,,,0,
2020-06-21,,,0,
2020-06-22,40.6,1756.699951,0,
2020-06-23,40.4,1772.099976,0,
2020-06-24,37.91,1765.800049,0,
2020-06-25,38.66,1762.099976,0,
2020-06-26,38.53,1772.5,0,
2020-06-27,,,0,
2020-06-28,,,0,
2020-06-29,39.67,1774.800049,0,
2020-06-30,39.27,1793,0,
2020-07-01,39.88,1773.199951,0,0.25
2020-07-02,40.57,1784,0,
2020-07-03,,,0,
2020-07-04,,,0,
2020-07-05,,,0,
2020-07-06,40.51,1788.5,0,
2020-07-07,40.59,1804.199951,0,
2020-07-08,40.91,1815.5,0,
2020-07-09,39.64,1799.199951,0,
2020-07-10,40.56,1798.199951,0,
2020-07-11,,,0,
2020-07-12,,,0,
2020-07-13,40.06,1811,0,
2020-07-14,40.3,1810.599976,0,
2020-07-15,41.2,1811.400024,0,
2020-07-16,40.74,1798.699951,0,
2020-07-17,40.55,1808.300049,0,
2020-07-18,,,0,
2020-07-19,,,0,
2020-07-20,40.83,1815.900024,0,
2020-07-21,41.76,1842.400024,0,
2020-07-22,41.88,1864.099976,0,
2020-07-23,40.99,1889.099976,0,
2020-07-24,41.23,1897.300049,0,
2020-07-25,,,0,
2020-07-26,,,0,
2020-07-27,41.46,1931,0,
2020-07-28,40.89,1944.699951,0,
2020-07-29,41.13,1953.5,0,
2020-07-30,39.85,1942.300049,0,
2020-07-31,40.1,1962.800049,0,
2020-08-01,,,0,0.25
2020-08-02,,,0,
2020-08-03,40.83,1966,0,
2020-08-04,41.67,2001.199951,0,
2020-08-05,42.25,2031.099976,0,
2020-08-06,41.93,2051.5,0,
2020-08-07,41.16,2010.099976,0,
2020-08-08,,,0,
2020-08-09,,,0,
2020-08-10,41.94,2024.400024,0,
2020-08-11,41.53,1932.599976,0,
2020-08-12,42.6,1934.900024,0,
2020-08-13,42.26,1956.699951,0,
2020-08-14,42.05,1937,0,
2020-08-15,,,0,
2020-08-16,,,0,
2020-08-17,42.89,1985,0,
2020-08-18,42.89,1999.400024,0,
2020-08-19,42.91,1958.699951,0,
2020-08-20,42.62,1933.800049,0,
2020-08-21,42.32,1934.599976,0,
2020-08-22,,,0,
2020-08-23,,,0,
2020-08-24,42.44,1927.699951,0,
2020-08-25,43.17,1911.800049,0,
2020-08-26,43.21,1940.699951,0,
2020-08-27,42.88,1921.599976,0,
2020-08-28,42.96,1964.599976,0,
2020-08-29,,,0,
2020-08-30,,,0,
2020-08-31,42.61,1967.599976,0,
2020-09-01,42.76,1968.199951,0,0.25
2020-09-02,42.76,1934.400024,0,
2020-09-03,41.39,1927.599976,0,
2020-09-04,39.69,1923.900024,0,
2020-09-05,,,0,
2020-09-06,,,0,
2020-09-07,,,0,
2020-09-08,36.87,1933,0,
2020-09-09,38.05,1944.699951,0,
2020-09-10,37.25,1954.199951,0,
2020-09-11,37.33,1937.800049,0,
2020-09-12,,,0,
2020-09-13,,,0,
2020-09-14,37.23,1953.099976,0,
2020-09-15,38.29,1956.300049,0,
2020-09-16,40.17,1960.199951,0,
2020-09-17,40.99,1940,0,
2020-09-18,41.09,1952.099976,0,
2020-09-19,,,0,
2020-09-20,,,0,
2020-09-21,39.26,1901.199951,0,
2020-09-22,39.55,1898.599976,0,
2020-09-23,39.92,1859.900024,0,
2020-09-24,40.11,1868.300049,0,
2020-09-25,40.06,1857.699951,0,
2020-09-26,,,0,
2020-09-27,,,0,
2020-09-28,40.47,1872.800049,0,
2020-09-29,39.03,1894.300049,0,
2020-09-30,40.05,1887.5,0,
2020-10-01,38.51,1908.400024,0,0.25
2020-10-02,36.9,1900.199951,0,
2020-10-03,,,0,
2020-10-04,,,0,
2020-10-05,39.12,1912.5,0,
2020-10-06,40.52,1901.099976,0,
2020-10-07,39.82,1883.599976,0,
2020-10-08,41.04,1888.599976,0,
2020-10-09,40.44,1919.5,0,
2020-10-10,,,0,
2020-10-11,,,0,
2020-10-12,39.22,1922.5,0,
2020-10-13,40.03,1888.5,0,
2020-10-14,40.86,1901.300049,0,
2020-10-15,40.84,1903.199951,0,
2020-10-16,40.7,1900.800049,0,
2020-10-17,,,0,
2020-10-18,,,0,
2020-10-19,40.69,1906.400024,0,
2020-10-20,41.37,1910.400024,0,
2020-10-21,39.88,1924.599976,0,
2020-10-22,40.46,1901.099976,0,
2020-10-23,39.73,1902,0,
2020-10-24,,,0,
2020-10-25,,,0,
2020-10-26,38.39,1902.699951,0,
2020-10-27,39.34,1908.800049,0,
2020-10-28,37.27,1876.199951,0,
2020-10-29,35.94,1865.599976,0,
2020-10-30,35.64,1877.400024,0,
2020-10-31,,,0,
2020-11-01,,,0,0.25
2020-11-02,36.6,1890.400024,0,
2020-11-03,37.44,1908.5,0,
2020-11-04,38.97,1894.599976,0,
2020-11-05,38.56,1945.300049,0,
2020-11-06,36.97,1950.300049,0,
2020-11-07,,,0,
2020-11-08,,,0,
2020-11-09,40.05,1853.199951,0,
2020-11-10,41.18,1875.400024,0,
2020-11-11,41.23,1860.699951,0,
2020-11-12,40.9,1872.599976,0,
2020-11-13,39.93,1885.699951,0,
2020-11-14,,,0,
2020-11-15,,,0,
2020-11-16,41.14,1887.300049,0,
2020-11-17,41.24,1884.5,0,
2020-11-18,41.64,1873.5,0,
2020-11-19,41.57,1861.099976,0,
2020-11-20,41.99,1872.599976,0,
2020-11-21,,,0,
2020-11-22,,,0,
2020-11-23,42.91,1837.800049,0,
2020-11-24,44.71,1804.800049,0,
2020-11-25,45.58,1805.699951,0,
2020-11-26,,,0,
2020-11-27,,1781.900024,0,
2020-11-28,,,0,
2020-11-29,,,0,
2020-11-30,45.2,1775.699951,0,
2020-12-01,44.54,1814.099976,0,0.25
2020-12-02,45.23,1825.699951,0,
2020-12-03,45.65,1836.800049,0,
2020-12-04,46.23,1835.900024,0,
2020-12-05,,,0,
2020-12-06,,,0,
2020-12-07,45.72,1861.800049,0,
2020-12-08,45.64,1870.800049,0,
2020-12-09,45.48,1834.599976,0,
2020-12-10,46.76,1833.599976,0,
2020-12-11,46.59,1839.800049,0,
2020-12-12,,,0,
2020-12-13,,,0,
2020-12-14,47.02,1828.699951,0,
2020-12-15,47.58,1852.300049,0,
2020-12-16,47.86,1856.099976,0,
2020-12-17,48.34,1887.199951,0,
2020-12-18,49.04,1885.699951,0,
2020-12-19,,,0,
2020-12-20,,,0,
2020-12-21,47.79,1879.199951,0,
2020-12-22,47.02,1866.599976,0,
2020-12-23,47.94,1874.699951,0,
2020-12-24,48.18,1879.900024,0,
2020-12-25,,,0,
2020-12-26,,,0,
2020-12-27,,,0,
2020-12-28,47.5,1877.199951,0,
2020-12-29,47.85,1879.699951,0,
2020-12-30,48.24,1891,0,
2020-12-31,48.35,1893.099976,0,
2021-01-01,,,0,0.25
2021-01-02,,,0,
2021-01-03,,,0,
2021-01-04,47.47,1944.699951,0,
2021-01-05,49.78,1952.699951,0,
2021-01-06,50.45,1906.900024,0,
2021-01-07,50.63,1912.300049,0,
2021-01-08,52.14,1834.099976,0,
2021-01-09,,,0,
2021-01-10,,,0,
2021-01-11,52.15,1849.599976,0,
2021-01-12,53.08,1842.900024,0,
2021-01-13,52.81,1853.599976,0,
2021-01-14,53.47,1850.300049,0,
2021-01-15,52.25,1829.300049,0,
2021-01-16,,,0,
2021-01-17,,,0,
2021-01-18,,,0,
2021-01-19,52.87,1839.5,0,
2021-01-20,53.16,1865.900024,0,
2021-01-21,53,1865.300049,0,
2021-01-22,52.28,1855.699951,0,
2021-01-23,,,0,
2021-01-24,,,0,
2021-01-25,52.78,1854.900024,0,
2021-01-26,52.61,1850.699951,0,
2021-01-27,52.81,1844.900024,0,
2021-01-28,52.26,1837.900024,0,
2021-01-29,52.16,1847.300049,0,
2021-01-30,,,0,
2021-01-31,,,0,
2021-02-01,53.55,1860.800049,0,0.25
2021-02-02,54.77,1830.5,0,
2021-02-03,55.67,1832.199951,0,
2021-02-04,56.19,1788.900024,0,
2021-02-05,56.8,1810.900024,0,
2021-02-06,,,0,
2021-02-07,,,0,
2021-02-08,57.95,1831.900024,0,
2021-02-09,58.34,1835.300049,0,
2021-02-10,58.69,1840.599976,0,
2021-02-11,58.22,1824.900024,0,
2021-02-12,59.5,1821.599976,0,
2021-02-13,,,0,
2021-02-14,,,0,
2021-02-15,,,0,
2021-02-16,60.07,1797.199951,0,
2021-02-17,61.09,1771.099976,0,
2021-02-18,60.4,1773.400024,0,
2021-02-19,59.12,1775.800049,0,
2021-02-20,,,0,
2021-02-21,,,0,
2021-02-22,61.67,1806.699951,0,
2021-02-23,61.66,1804.400024,0,
2021-02-24,63.21,1796.400024,0,
2021-02-25,63.43,1774.400024,0,
2021-02-26,61.55,1728.099976,0,
2021-02-27,,,0,
2021-02-28,,,0,
2021-03-01,60.54,1722.5,0,0.25
2021-03-02,59.7,1733.099976,0,
2021-03-03,61.33,1715.300049,0,
2021-03-04,63.81,1700.199951,0,
2021-03-05,66.08,1698,0,
2021-03-06,,,0,
2021-03-07,,,0,
2021-03-08,65.03,1677.699951,0,
2021-03-09,64.02,1716.599976,0,
2021-03-10,64.45,1721.5,0,
2021-03-11,66.02,1722.300049,0,
2021-03-12,65.59,1719.5,0,
2021-03-13,,,0,
2021-03-14,,,0,
2021-03-15,65.36,1728.900024,0,
2021-03-16,64.82,1730.599976,0,
2021-03-17,64.55,1726.800049,0,
2021-03-18,59.95,1732.199951,0,
2021-03-19,61.43,1741.400024,0,
2021-03-20,,,0,
2021-03-21,,,0,
2021-03-22,61.48,1737.800049,0,
2021-03-23,57.75,1724.699951,0,
2021-03-24,61.12,1732.900024,0,
2021-03-25,58.47,1724.900024,0,
2021-03-26,60.93,1732.199951,0,
2021-03-27,,,0,
2021-03-28,,,0,
2021-03-29,61.49,1712.099976,0,
2021-03-30,60.55,1683.900024,0,
2021-03-31,59.19,1713.800049,0,
2021-04-01,61.41,1726.5,0,0.25
2021-04-02,,,0,
2021-04-03,,,0,
2021-04-04,,,0,
2021-04-05,58.73,1727,0,
2021-04-06,59.34,1741.5,0,
2021-04-07,59.77,1740.099976,0,
2021-04-08,59.61,1756.800049,0,
2021-04-09,59.29,1743.300049,0,
2021-04-10,,,0,
2021-04-11,,,0,
2021-04-12,59.7,1731.199951,0,
2021-04-13,60.2,1746.199951,0,
2021-04-14,63.15,1734.900024,0,
2021-04-15,63.42,1765.400024,0,
2021-04-16,63.16,1779,0,
2021-04-17,,,0,
2021-04-18,,,0,
2021-04-19,63.33,1769.400024,0,
2021-04-20,62.61,1777.300049,0,
2021-04-21,61.34,1792.300049,0,
2021-04-22,61.45,1781.199951,0,
2021-04-23,62.18,1777,0,
2021-04-24,,,0,
2021-04-25,,,0,
2021-04-26,62.02,1779.199951,0,
2021-04-27,63.03,1778,0,
2021-04-28,63.81,1773.199951,0,
2021-04-29,65,1768.099976,0,
2021-04-30,63.5,1767.300049,0,
2021-05-01,,,0,0.25
2021-05-02,,,0,
2021-05-03,64.46,1791.400024,0,
2021-05-04,65.72,1775.800049,0,
2021-05-05,65.63,1784.099976,0,
2021-05-06,64.73,1815.5,0,
2021-05-07,64.96,1831.099976,0,
2021-05-08,,,0,
2021-05-09,,,0,
2021-05-10,64.92,1837.5,0,
2021-05-11,65.31,1835.900024,0,
2021-05-12,65.96,1822.599976,0,
2021-05-13,63.82,1823.800049,0,
2021-05-14,65.32,1837.900024,0,
2021-05-15,,,0,
2021-05-16,,,0,
2021-05-17,66.24,1867.5,0,
2021-05-18,65.49,1867.800049,0,
2021-05-19,63.28,1881.300049,0,
2021-05-20,61.95,1881.800049,0,
2021-05-21,63.61,1876.699951,0,
2021-05-22,,,0,
2021-05-23,,,0,
2021-05-24,66.13,1884.599976,0,
2021-05-25,66.27,1898.099976,0,
2021-05-26,66.41,1901.300049,0,
2021-05-27,66.87,1895.699951,0,
2021-05-28,66.31,1902.5,0,
2021-05-29,,,0,
2021-05-30,,,0,
2021-05-31,,,0,
2021-06-01,67.8,1902.900024,0,0.25
2021-06-02,68.79,1907.5,0,
2021-06-03,68.81,1871.199951,0,
2021-06-04,69.57,1889.800049,0,
2021-06-05,,,0,
2021-06-06,,,0,
2021-06-07,69.21,1896.800049,0,
2021-06-08,70.11,1892.199951,0,
2021-06-09,69.9,1893.199951,0,
2021-06-10,70.34,1894.199951,0,
2021-06-11,71,1877.400024,0,
2021-06-12,,,0,
2021-06-13,,,0,
2021-06-14,70.94,1864,0,
2021-06-15,72.06,1854.5,0,
2021-06-16,72.03,1859.5,0,
2021-06-17,71.06,1773.800049,0,
2021-06-18,71.64,1767.900024,0,
2021-06-19,,,0,
2021-06-20,,,0,
2021-06-21,73.64,1781.800049,0,
2021-06-22,73.15,1776.300049,0,
2021-06-23,73.11,1782.300049,0,
2021-06-24,73.31,1775.599976,0,
2021-06-25,74.21,1776.599976,0,
2021-06-26,,,0,
2021-06-27,,,0,
2021-06-28,72.98,1779.599976,0,
2021-06-29,73.14,1762.800049,0,
2021-06-30,73.52,1770.800049,0,
2021-07-01,75.33,1775.900024,0,0.25
2021-07-02,75.37,1782.599976,0,
2021-07-03,,,0,
2021-07-04,,,0,
2021-07-05,,,0,
2021-07-06,73.62,1793.5,0,
2021-07-07,72.22,1801.5,0,
2021-07-08,72.98,1799.599976,0,
2021-07-09,74.56,1810,0,
2021-07-10,,,0,
2021-07-11,,,0,
2021-07-12,74.21,1805.5,0,
2021-07-13,75.24,1809.400024,0,
2021-07-14,73.06,1824.300049,0,
2021-07-15,71.67,1828.400024,0,
2021-07-16,71.76,1814.5,0,
2021-07-17,,,0,
2021-07-18,,,0,
2021-07-19,66.45,1808.699951,0,
2021-07-20,67.32,1810.900024,0,
2021-07-21,70.26,1802.900024,0,
2021-07-22,72.15,1805,0,
2021-07-23,72.24,1801.400024,0,
2021-07-24,,,0,
2021-07-25,,,0,
2021-07-26,72.15,1798.699951,0,
2021-07-27,71.68,1799.5,0,
2021-07-28,72.37,1799.5,0,
2021-07-29,73.62,1831.199951,0,
2021-07-30,73.93,1812.599976,0,
2021-07-31,,,0,
2021-08-01,,,0,0.25
2021-08-02,71.31,1818.099976,0,
2021-08-03,70.64,1810.099976,0,
2021-08-04,68.19,1810.5,0,
2021-08-05,69.1,1805.099976,0,
2021-08-06,68.26,1760,0,
2021-08-07,,,0,
2021-08-08,,,0,
2021-08-09,66.56,1723.400024,0,
2021-08-10,68.33,1728.800049,0,
2021-08-11,69.3,1750.400024,0,
2021-08-12,69.12,1749,0,
2021-08-13,68.36,1775.199951,0,
2021-08-14,,,0,
2021-08-15,,,0,
2021-08-16,67.44,1786.900024,0,
2021-08-17,66.5,1785,0,
2021-08-18,65.36,1781.599976,0,
2021-08-19,63.69,1780.199951,0,
2021-08-20,62.25,1781,0,
2021-08-21,,,0,
2021-08-22,,,0,
2021-08-23,65.65,1803.199951,0,
2021-08-24,67.5,1805.599976,0,
2021-08-25,68.54,1788.199951,0,
2021-08-26,67.42,1792.199951,0,
2021-08-27,68.84,1816.599976,0,
2021-08-28,,,0,
2021-08-29,,,0,
2021-08-30,69.28,1809,0,
2021-08-31,68.43,1815,0,
2021-09-01,68.63,1813.099976,0,0.25
2021-09-02,70.07,1808.699951,0,
2021-09-03,69.34,1830.900024,0,
2021-09-04,,,0,
2021-09-05,,,0,
2021-09-06,,,0,
2021-09-07,68.49,1795.900024,0,
2021-09-08,69.36,1790.699951,0,
2021-09-09,68.26,1797.400024,0,
2021-09-10,69.82,1789.599976,0,
2021-09-11,,,0,
2021-09-12,,,0,
2021-09-13,70.54,1792,0,
2021-09-14,70.53,1804.699951,0,
2021-09-15,72.59,1792.400024,0,
2021-09-16,72.69,1754.599976,0,
2021-09-17,72.09,1749.400024,0,
2021-09-18,,,0,
2021-09-19,,,0,
2021-09-20,70.41,1761.800049,0,
2021-09-21,70.51,1776,0,
2021-09-22,72.37,1776.699951,0,
2021-09-23,73.43,1747.699951,0,
2021-09-24,74.18,1749.699951,0,
2021-09-25,,,0,
2021-09-26,,,0,
2021-09-27,75.54,1750,0,
2021-09-28,75.44,1735.800049,0,
2021-09-29,75.06,1721.5,0,
2021-09-30,75.22,1755.300049,0,
2021-10-01,76.01,1757,0,0.25
2021-10-02,,,0,
2021-10-03,,,0,
2021-10-04,77.68,1766.199951,0,
2021-10-05,79.17,1759.599976,0,
2021-10-06,77.66,1760.5,0,
2021-10-07,78.46,1757.900024,0,
2021-10-08,79.55,1756.300049,0,
2021-10-09,,,0,
2021-10-10,,,0,
2021-10-11,80.64,1754.599976,0,
2021-10-12,80.75,1758.300049,0,
2021-10-13,80.67,1793.699951,0,
2021-10-14,81.43,1796.699951,0,
2021-10-15,82.39,1767.199951,0,
2021-10-16,,,0,
2021-10-17,,,0,
2021-10-18,82.62,1764.800049,0,
2021-10-19,83.19,1769.699951,0,
2021-10-20,84.4,1784.099976,0,
2021-10-21,82.64,1781.199951,0,
2021-10-22,84.53,1795.5,0,
2021-10-23,,,0,
2021-10-24,,,0,
2021-10-25,84.64,1806,0,
2021-10-26,85.64,1792.699951,0,
2021-10-27,82.66,1797.900024,0,
2021-10-28,82.78,1801.599976,0,
2021-10-29,83.5,1783,0,
2021-10-30,,,0,
2021-10-31,,,0,
2021-11-01,84.08,1795.099976,0,0.25
2021-11-02,83.91,1788.699951,0,
2021-11-03,80.82,1763.599976,0,
2021-11-04,78.88,1793,0,
2021-11-05,81.25,1816.400024,0,
2021-11-06,,,0,
2021-11-07,,,0,
2021-11-08,81.96,1827.400024,0,
2021-11-09,84.12,1830.199951,0,
2021-11-10,81.23,1847.599976,0,
2021-11-11,81.47,1863.199951,0,
2021-11-12,80.87,1867.900024,0,
2021-11-13,,,0,
2021-11-14,,,0,
2021-11-15,80.85,1866.099976,0,
2021-11-16,80.76,1853.599976,0,
2021-11-17,78.32,1869.699951,0,
2021-11-18,78.92,1861,0,
2021-11-19,76.11,1851.199951,0,
2021-11-20,,,0,
2021-11-21,,,0,
2021-11-22,76.74,1806,0,
2021-11-23,78.32,1783.5,0,
2021-11-24,78.32,1784.099976,0,
2021-11-25,,,0,
2021-11-26,,1785.300049,0,
2021-11-27,,,0,
2021-11-28,,,0,
2021-11-29,69.88,1782.300049,0,
2021-11-30,66.14,1773.599976,0,
2021-12-01,65.44,1781.599976,0,0.25
2021-12-02,66.6,1760.699951,0,
2021-12-03,66.39,1782,0,
2021-12-04,,,0,
2021-12-05,,,0,
2021-12-06,69.62,1777.5,0,
2021-12-07,71.94,1782.599976,0,
2021-12-08,72.43,1783.400024,0,
2021-12-09,70.87,1774.599976,0,
2021-12-10,71.71,1782.900024,0,
2021-12-11,,,0,
2021-12-12,,,0,
2021-12-13,71.19,1786.300049,0,
2021-12-14,70.57,1770.400024,0,
2021-12-15,70.89,1762.599976,0,
2021-12-16,72.34,1796.599976,0,
2021-12-17,70.93,1803.800049,0,
2021-12-18,,,0,
2021-12-19,,,0,
2021-12-20,68.69,1793.699951,0,
2021-12-21,71.1,1787.900024,0,
2021-12-22,72.82,1801.599976,0,
2021-12-23,73.89,1811.199951,0,
2021-12-24,,,0,
2021-12-25,,,0,
2021-12-26,,,0,
2021-12-27,75.49,1808.099976,0,
2021-12-28,76.01,1810.199951,0,
2021-12-29,76.58,1805.099976,0,
2021-12-30,76.83,1812.699951,0,
2021-12-31,75.33,1827.5,0,
2022-01-01,,,0,0.25
2022-01-02,,,0,
2022-01-03,75.99,1799.400024,0,
2022-01-04,77,1814,0,
2022-01-05,77.83,1824.599976,0,
2022-01-06,79.47,1788.699951,0,
2022-01-07,79,1797,0,
2022-01-08,,,0,
2022-01-09,,,0,
2022-01-10,78.11,1798.400024,0,
2022-01-11,81.17,1818.599976,0,
2022-01-12,82.51,1827.199951,0,
2022-01-13,81.97,1821.199951,0,
2022-01-14,83.82,1816.5,0,
2022-01-15,,,0,
2022-01-16,,,0,
2022-01-17,,,0,
2022-01-18,85.42,1812.300049,0,
2022-01-19,86.84,1843.099976,0,
2022-01-20,86.29,1842.5,0,
2022-01-21,85.16,1831.800049,0,
2022-01-22,,,0,
2022-01-23,,,0,
2022-01-24,84.48,1841.699951,0,
2022-01-25,86.61,1852.699951,0,
2022-01-26,88.33,1829.900024,0,
2022-01-27,87.61,1793.300049,0,
2022-01-28,87.67,1784.900024,0,
2022-01-29,,,0,
2022-01-30,,,0,
2022-01-31,89.16,1795,0,
2022-02-01,88.22,1800.300049,0,0.25
2022-02-02,88.16,1809.199951,0,
2022-02-03,90.17,1803,0,
2022-02-04,92.27,1806.599976,0,
2022-02-05,,,0,
2022-02-06,,,0,
2022-02-07,91.25,1820.599976,0,
2022-02-08,89.32,1826.599976,0,
2022-02-09,89.57,1835.199951,0,
2022-02-10,89.83,1836.199951,0,
2022-02-11,93.1,1840.800049,0,
2022-02-12,,,0,
2022-02-13,,,0,
2022-02-14,95.52,1868,0,
2022-02-15,92.07,1854.800049,0,
2022-02-16,93.83,1870.199951,0,
2022-02-17,91.78,1900.699951,0,
2022-02-18,91.26,1898.599976,0,
2022-02-19,,,0,
2022-02-20,,,0,
2022-02-21,,,0,
2022-02-22,92.11,1906.099976,0,
2022-02-23,92.14,1909.199951,0,
2022-02-24,92.77,1925.099976,0,
2022-02-25,91.68,1886.5,0,
2022-02-26,,,0,
2022-02-27,,,0,
2022-02-28,96.13,1899.400024,0,
2022-03-01,103.66,1942.400024,0,0.25
2022-03-02,110.74,1920.900024,0,
2022-03-03,107.69,1934.400024,0,
2022-03-04,115.77,1965.099976,0,
2022-03-05,,,0,
2022-03-06,,,0,
2022-03-07,119.26,1993.900024,0,
2022-03-08,123.64,2040.099976,0,
2022-03-09,108.81,1985.900024,0,
2022-03-10,105.93,1998.099976,0,
2022-03-11,109.31,1982.699951,0,
2022-03-12,,,0,
2022-03-13,,,0,
2022-03-14,103.22,1959.599976,0,
2022-03-15,96.42,1928.5,0,
2022-03-16,94.85,1908,0,
2022-03-17,102.97,1942.099976,0.25,
2022-03-18,104.69,1928.199951,0.25,
2022-03-19,,,0.25,
2022-03-20,,,0.25,
2022-03-21,112.14,1928.599976,0.25,
2022-03-22,111.03,1920.699951,0.25,
2022-03-23,114.89,1936.599976,0.25,
2022-03-24,114.2,1961.599976,0.25,
2022-03-25,116.2,1953.800049,0.25,
2022-03-26,,,0.25,
2022-03-27,,,0.25,
2022-03-28,107.55,1939.599976,0.25,
2022-03-29,104.25,1912,0.25,
2022-03-30,107.81,1933.5,0.25,
2022-03-31,100.53,1949.199951,0.25,
2022-04-01,99.32,1919.099976,0.25,0.25
2022-04-02,,,0.25,
2022-04-03,,,0.25,
2022-04-04,103.29,1929.199951,0.25,
2022-04-05,101.98,1922.900024,0.25,
2022-04-06,96.39,1918.400024,0.25,
2022-04-07,96.05,1933.800049,0.25,
2022-04-08,98.35,1941.599976,0.25,
2022-04-09,,,0.25,
2022-04-10,,,0.25,
2022-04-11,94.22,1944.300049,0.25,
2022-04-12,100.52,1972.099976,0.25,
2022-04-13,104.26,1981,0.25,
2022-04-14,106.84,1970.900024,0.25,
2022-04-15,,,0.25,
2022-04-16,,,0.25,
2022-04-17,,,0.25,
2022-04-18,108.24,1982.900024,0.25,
2022-04-19,102.54,1955.699951,0.25,
2022-04-20,102.56,1952.300049,0.25,
2022-04-21,103.89,1944.900024,0.25,
2022-04-22,102.86,1931,0.25,
2022-04-23,,,0.25,
2022-04-24,,,0.25,
2022-04-25,99.6,1893.199951,0.25,
2022-04-26,102.62,1901.400024,0.25,
2022-04-27,101.96,1885.900024,0.25,
2022-04-28,105.47,1888.699951,0.25,
2022-04-29,104.59,1909.300049,0.25,
2022-04-30,,,0.25,
2022-05-01,,,0.25,0.75
2022-05-02,105.18,1861.800049,0.25,
2022-05-03,102.53,1868.800049,0.25,
2022-05-04,107.84,1867,0.25,
2022-05-05,108.17,1874,0.75,
2022-05-06,109.72,1881.199951,0.75,
2022-05-07,,,0.75,
2022-05-08,,,0.75,
2022-05-09,103.08,1857.099976,0.75,
2022-05-10,99.74,1839.900024,0.75,
2022-05-11,105.5,1852.599976,0.75,
2022-05-12,106.15,1823.800049,0.75,
2022-05-13,110.52,1807.400024,0.75,
2022-05-14,,,0.75,
2022-05-15,,,0.75,
2022-05-16,114.07,1813.5,0.75,
2022-05-17,112.31,1818.199951,0.75,
2022-05-18,109.67,1815.900024,0.75,
2022-05-19,112.21,1841.199951,0.75,
2022-05-20,112.63,1841.800049,0.75,
2022-05-21,,,0.75,
2022-05-22,,,0.75,
2022-05-23,110.32,1847.800049,0.75,
2022-05-24,112.55,1865.099976,0.75,
2022-05-25,112.88,1846.199951,0.75,
2022-05-26,116.19,1847.400024,0.75,
2022-05-27,114.96,1851.300049,0.75,
2022-05-28,,,0.75,
2022-05-29,,,0.75,
2022-05-30,,,0.75,
2022-05-31,114.38,1842.699951,0.75,
2022-06-01,115.26,1843.300049,0.75,0.75
2022-06-02,116.88,1866.5,0.75,
2022-06-03,118.97,1845.400024,0.75,
2022-06-04,,,0.75,
2022-06-05,,,0.75,
2022-06-06,118.41,1839.199951,0.75,
2022-06-07,119.55,1847.5,0.75,
2022-06-08,121.94,1851.900024,0.75,
2022-06-09,121.52,1848.800049,0.75,
2022-06-10,120.73,1871.5,0.75,
2022-06-11,,,0.75,
2022-06-12,,,0.75,
2022-06-13,120.92,1828,0.75,
2022-06-14,118.92,1809.5,0.75,
2022-06-15,115.32,1815.300049,0.75,
2022-06-16,117.56,1845.699951,1.5,
2022-06-17,109.56,1835.599976,1.5,
2022-06-18,,,1.5,
2022-06-19,,,1.5,
2022-06-20,,,1.5,
2022-06-21,110.49,1834.599976,1.5,
2022-06-22,106.22,1834.300049,1.5,
2022-06-23,105.75,1825.699951,1.5,
2022-06-24,109.07,1826.5,1.5,
2022-06-25,,,1.5,
2022-06-26,,,1.5,
2022-06-27,111.44,1820.900024,1.5,
2022-06-28,113.66,1817.5,1.5,
2022-06-29,111.65,1813.699951,1.5,
2022-06-30,107.76,1804.099976,1.5,
2022-07-01,110.3,1798.900024,1.5,1
2022-07-02,,,1.5,
2022-07-03,,,1.5,
2022-07-04,,,1.5,
2022-07-05,101.55,1761.800049,1.5,
2022-07-06,100.31,1734.900024,1.5,
2022-07-07,104.62,1737.900024,1.5,
2022-07-08,106.78,1740.599976,1.5,
2022-07-09,,,1.5,
2022-07-10,,,1.5,
2022-07-11,106.09,1730,1.5,
2022-07-12,97.69,1723.300049,1.5,
2022-07-13,98.44,1734.199951,1.5,
2022-07-14,97.79,1704.5,1.5,
2022-07-15,99.59,1702.400024,1.5,
2022-07-16,,,1.5,
2022-07-17,,,1.5,
2022-07-18,104.48,1709.199951,1.5,
2022-07-19,106.12,1710,1.5,
2022-07-20,104.45,1699.5,1.5,
2022-07-21,98.44,1712.699951,1.5,
2022-07-22,97.71,1727.099976,1.5,
2022-07-23,,,1.5,
2022-07-24,,,1.5,
2022-07-25,99.83,1719,1.5,
2022-07-26,97.74,1717.699951,1.5,
2022-07-27,100.03,1719.099976,1.5,
2022-07-28,99.11,1750.300049,2.25,
2022-07-29,101.31,1762.900024,2.25,
2022-07-30,,,2.25,
2022-07-31,,,2.25,
2022-08-01,96.59,1769,2.25,1.25
2022-08-02,97.14,1771.099976,2.25,
2022-08-03,93.25,1758,2.25,
2022-08-04,91.29,1788.5,2.25,
2022-08-05,91.77,1772.900024,2.25,
2022-08-06,,,2.25,
2022-08-07,,,2.25,
2022-08-08,93.52,1786.800049,2.25,
2022-08-09,93.18,1794,2.25,
2022-08-10,94.68,1795.599976,2.25,
2022-08-11,97.02,1789.699951,2.25,
2022-08-12,94.86,1798.599976,2.25,
2022-08-13,,,2.25,
2022-08-14,,,2.25,
2022-08-15,92.24,1781.400024,2.25,
2022-08-16,89.23,1773.199951,2.25,
2022-08-17,90.85,1760.300049,2.25,
2022-08-18,93.2,1755.300049,2.25,
2022-08-19,93.55,1747.599976,2.25,
2022-08-20,,,2.25,
2022-08-21,,,2.25,
2022-08-22,93.42,1734,2.25,
2022-08-23,96.46,1746.800049,2.25,
2022-08-24,95.52,1747.800049,2.25,
2022-08-25,93.33,1757.699951,2.25,
2022-08-26,93.63,1736.099976,2.25,
2022-08-27,,,2.25,
2022-08-28,,,2.25,
2022-08-29,97.4,1736.599976,2.25,
2022-08-30,92.08,1723.199951,2.25,
2022-08-31,90.09,1712.800049,2.25,
2022-09-01,87.09,1696.599976,2.25,1.25
2022-09-02,87.29,1709.800049,2.25,
2022-09-03,,,2.25,
2022-09-04,,,2.25,
2022-09-05,,,2.25,
2022-09-06,87.35,1700.400024,2.25,
2022-09-07,82.5,1715.300049,2.25,
2022-09-08,84.04,1708,2.25,
2022-09-09,87.27,1716.199951,2.25,
2022-09-10,,,2.25,
2022-09-11,,,2.25,
2022-09-12,88.18,1728.099976,2.25,
2022-09-13,87.84,1705,2.25,
2022-09-14,88.88,1696.5,2.25,
2022-09-15,85.72,1665.400024,2.25,
2022-09-16,85.57,1671.699951,2.25,
2022-09-17,,,2.25,
2022-09-18,,,2.25,
2022-09-19,86.15,1666.199951,2.25,
2022-09-20,84.69,1659.699951,2.25,
2022-09-21,83.38,1664.599976,2.25,
2022-09-22,84.02,1670.800049,3,
2022-09-23,79.07,1645.300049,3,
2022-09-24,,,3,
2022-09-25,,,3,
2022-09-26,77.17,1623.300049,3,
2022-09-27,78.91,1626.699951,3,
2022-09-28,82.61,1660.400024,3,
2022-09-29,81.78,1658.5,3,
2022-09-30,79.91,1662.400024,3,
2022-10-01,,,3,1.5
2022-10-02,,,3,
2022-10-03,84.05,1692.900024,3,
2022-10-04,86.87,1721.099976,3,
2022-10-05,88.22,1711.400024,3,
2022-10-06,88.9,1711.699951,3,
2022-10-07,93.07,1700.5,3,
2022-10-08,,,3,
2022-10-09,,,3,
2022-10-10,91.6,1667.300049,3,
2022-10-11,89.75,1678.699951,3,
2022-10-12,87.83,1670.300049,3,
2022-10-13,89.59,1670,3,
2022-10-14,86.1,1641.699951,3,
2022-10-15,,,3,
2022-10-16,,,3,
2022-10-17,86,1657,3,
2022-10-18,83.29,1649,3,
2022-10-19,86,1627.5,3,
2022-10-20,86.02,1630.800049,3,
2022-10-21,85.47,1651,3,
2022-10-22,,,3,
2022-10-23,,,3,
2022-10-24,86.12,1648.699951,3,
2022-10-25,86.93,1652.800049,3,
2022-10-26,89.39,1664,3,
2022-10-27,89.06,1660.699951,3,
2022-10-28,87.85,1639.599976,3,
2022-10-29,,,3,
2022-10-30,,,3,
2022-10-31,86.54,1635.900024,3,
2022-11-01,88.36,1645,3,1.75
2022-11-02,90.06,1645.699951,3,
2022-11-03,88.14,1627.300049,3.75,
2022-11-04,92.58,1672.5,3.75,
2022-11-05,,,3.75,
2022-11-06,,,3.75,
2022-11-07,91.8,1676.5,3.75,
2022-11-08,88.8,1712.099976,3.75,
2022-11-09,85.79,1710.099976,3.75,
2022-11-10,86.52,1750.300049,3.75,
2022-11-11,89.14,1766,3.75,
2022-11-12,,,3.75,
2022-11-13,,,3.75,
2022-11-14,85.85,1773.599976,3.75,
2022-11-15,86.87,1773.800049,3.75,
2022-11-16,85.62,1773,3.75,
2022-11-17,81.69,1760.800049,3.75,
2022-11-18,80.07,1751.900024,3.75,
2022-11-19,,,3.75,
2022-11-20,,,3.75,
2022-11-21,79.74,1737.400024,3.75,
2022-11-22,80.83,1738.300049,3.75,
2022-11-23,77.93,1744.900024,3.75,
2022-11-24,,,3.75,
2022-11-25,76.45,1753.300049,3.75,
2022-11-26,,,3.75,
2022-11-27,,,3.75,
2022-11-28,77.1,1740.099976,3.75,
2022-11-29,77.96,1748.400024,3.75,
2022-11-30,80.48,1746,3.75,
2022-12-01,81.06,1801.099976,3.75,1.75
2022-12-02,79.86,1795.900024,3.75,
2022-12-03,,,3.75,
2022-12-04,,,3.75,
2022-12-05,76.83,1767.400024,3.75,
2022-12-06,74.21,1769.300049,3.75,
2022-12-07,71.93,1785.5,3.75,
2022-12-08,71.3,1788.699951,3.75,
2022-12-09,71.05,1798.099976,3.75,
2022-12-10,,,3.75,
2022-12-11,,,3.75,
2022-12-12,72.96,1780.5,3.75,
2022-12-13,75.44,1813.900024,3.75,
2022-12-14,77.14,1807.5,3.75,
2022-12-15,75.89,1777.199951,4.25,
2022-12-16,74.19,1790,4.25,
2022-12-17,,,4.25,
2022-12-18,,,4.25,
2022-12-19,75.05,1787.699951,4.25,
2022-12-20,75.92,1815.900024,4.25,
2022-12-21,78.17,1815.900024,4.25,
2022-12-22,77.68,1787,4.25,
2022-12-23,79.57,1795.900024,4.25,
2022-12-24,,,4.25,
2022-12-25,,,4.25,
2022-12-26,,,4.25,
2022-12-27,79.45,1814.800049,4.25,
2022-12-28,78.89,1807.900024,4.25,
2022-12-29,78.43,1819.5,4.25,
2022-12-30,80.16,1819.699951,4.25,
2022-12-31,,,4.25,
2023-01-01,,,4.25,2
2023-01-02,,,4.25,
2023-01-03,76.87,1839.699951,4.25,
2023-01-04,72.82,1852.800049,4.25,
2023-01-05,73.61,1834.800049,4.25,
2023-01-06,73.77,1864.199951,4.25,
2023-01-07,,,4.25,
2023-01-08,,,4.25,
2023-01-09,74.69,1872.699951,4.25,
2023-01-10,75.11,1871.599976,4.25,
2023-01-11,77.46,1874.599976,4.25,
2023-01-12,78.32,1895.5,4.25,
2023-01-13,79.9,1918.400024,4.25,
2023-01-14,,,4.25,
2023-01-15,,,4.25,
2023-01-16,,,4.25,
2023-01-17,80.25,1907.199951,4.25,
2023-01-18,79.53,1904.400024,4.25,
2023-01-19,80.31,1922.099976,4.25,
2023-01-20,81.27,1926.400024,4.25,
2023-01-21,,,4.25,
2023-01-22,,,4.25,
2023-01-23,81.62,1927.099976,4.25,
2023-01-24,79.86,1933.900024,4.25,
2023-01-25,79.78,1941.199951,4.25,
2023-01-26,80.64,1929.099976,4.25,
2023-01-27,79.73,1928.599976,4.25,
2023-01-28,,,4.25,
2023-01-29,,,4.25,
2023-01-30,77.97,1922.900024,4.25,
2023-01-31,78.95,1929.5,4.25,
2023-02-01,76.34,1927.800049,4.25,2
2023-02-02,75.87,1916.300049,4.5,
2023-02-03,73.4,1862.900024,4.5,
2023-02-04,,,4.5,
2023-02-05,,,4.5,
2023-02-06,74.11,1866.199951,4.5,
2023-02-07,77.17,1871.699951,4.5,
2023-02-08,78.47,1877.400024,4.5,
2023-02-09,78.04,1866.199951,4.5,
2023-02-10,79.74,1862.800049,4.5,
2023-02-11,,,4.5,
2023-02-12,,,4.5,
2023-02-13,80.14,1851.900024,4.5,
2023-02-14,79.08,1854,4.5,
2023-02-15,78.57,1834.199951,4.5,
2023-02-16,78.45,1842,4.5,
2023-02-17,76.31,1840.400024,4.5,
2023-02-18,,,4.5,
2023-02-19,,,4.5,
2023-02-20,,,4.5,
2023-02-21,76.28,1833,4.5,
2023-02-22,73.95,1832,4.5,
2023-02-23,75.26,1818,4.5,
2023-02-24,76.19,1808.800049,4.5,
2023-02-25,,,4.5,
2023-02-26,,,4.5,
2023-02-27,75.57,1817,4.5,
2023-02-28,76.88,1828.900024,4.5,
2023-03-01,77.57,1837.699951,4.5,2
2023-03-02,78.05,1833.5,4.5,
2023-03-03,79.62,1847.699951,4.5,
2023-03-04,,,4.5,
2023-03-05,,,4.5,
2023-03-06,80.39,1847.900024,4.5,
2023-03-07,77.45,1813.900024,4.5,
2023-03-08,76.56,1812.699951,4.5,
2023-03-09,75.6,1829.300049,4.5,
2023-03-10,76.55,1862,4.5,
2023-03-11,,,4.5,
2023-03-12,,,4.5,
2023-03-13,74.68,1911.699951,4.5,
2023-03-14,71.18,1906.199951,4.5,
2023-03-15,67.38,1926.599976,4.5,
2023-03-16,68.15,1919,4.5,
2023-03-17,66.61,1969.800049,4.5,
2023-03-18,,,4.5,
2023-03-19,,,4.5,
2023-03-20,67.56,1979.199951,4.5,
2023-03-21,69.4,1938,4.5,
2023-03-22,70.71,1946.800049,4.5,
2023-03-23,69.77,1993.800049,4.75,
2023-03-24,69.22,1982.099976,4.75,
2023-03-25,,,4.75,
2023-03-26,,,4.75,
2023-03-27,72.87,1952.400024,4.75,
2023-03-28,73.12,1972.400024,4.75,
2023-03-29,72.95,1966.099976,4.75,
2023-03-30,74.32,1980.300049,4.75,
2023-03-31,75.68,1969,4.75,
2023-04-01,,,4.75,2
2023-04-02,,,4.75,
2023-04-03,80.4,1983.900024,4.75,
2023-04-04,80.7,2022.199951,4.75,
2023-04-05,80.69,2020.900024,4.75,
2023-04-06,80.7,2011.900024,4.75,
2023-04-07,,,4.75,
2023-04-08,,,4.75,
2023-04-09,,,4.75,
2023-04-10,79.79,1989.099976,4.75,
2023-04-11,81.54,2004.800049,4.75,
2023-04-12,83.26,2010.900024,4.75,
2023-04-13,82.16,2041.300049,4.75,
2023-04-14,82.58,2002.199951,4.75,
2023-04-15,,,4.75,
2023-04-16,,,4.75,
2023-04-17,80.93,1994.199951,4.75,
2023-04-18,80.85,2007.400024,4.75,
2023-04-19,79.18,1995.199951,4.75,
2023-04-20,77.27,2007.599976,4.75,
2023-04-21,77.86,1979.5,4.75,
2023-04-22,,,4.75,
2023-04-23,,,4.75,
2023-04-24,78.64,1989.099976,4.75,
2023-04-25,77.05,1994,4.75,
2023-04-26,74.33,1985.699951,4.75,
2023-04-27,74.77,1989.900024,4.75,
2023-04-28,76.78,1990.099976,4.75,
2023-04-29,,,4.75,
2023-04-30,,,4.75,
2023-05-01,75.65,1983.400024,4.75,2
2023-05-02,71.71,2014.300049,4.75,
2023-05-03,68.62,2028.599976,4.75,
2023-05-04,68.52,2048,5,
2023-05-05,71.32,2017.400024,5,
2023-05-06,,,5,
2023-05-07,,,5,
2023-05-08,73.13,2026.300049,5,
2023-05-09,73.68,2036.199951,5,
2023-05-10,72.53,2030.5,5,
2023-05-11,70.81,2014.699951,5,
2023-05-12,70.02,2014.5,5,
2023-05-13,,,5,
2023-05-14,,,5,
2023-05-15,71.07,2018,5,
2023-05-16,70.85,1988.400024,5,
2023-05-17,72.78,1980.699951,5,
2023-05-18,71.82,1956.5,5,
2023-05-19,71.57,1978.699951,5,
2023-05-20,,,5,
2023-05-21,,,5,
2023-05-22,71.81,1974.800049,5,
2023-05-23,72.87,1972.400024,5,
2023-05-24,74.37,1962.800049,5,
2023-05-25,71.68,1943.099976,5,
2023-05-26,72.35,1944.099976,5,
2023-05-27,,,5,
2023-05-28,,,5,
2023-05-29,,,5,
2023-05-30,69.45,1958,5,
2023-05-31,68.11,1963.900024,5,
2023-06-01,70.09,1978,5,2
2023-06-02,71.76,1952.400024,5,
2023-06-03,,,5,
2023-06-04,,,5,
2023-06-05,72.14,1958,5,
2023-06-06,71.71,1965.5,5,
2023-06-07,72.52,1942.699951,5,
2023-06-08,71.28,1963.599976,5,
2023-06-09,70.16,1962.199951,5,
2023-06-10,,,5,
2023-06-11,,,5,
2023-06-12,67.08,1955.300049,5,
2023-06-13,69.39,1944.599976,5,
2023-06-14,68.22,1955.300049,5,
2023-06-15,70.61,1957.800049,5,
2023-06-16,71.81,1958.400024,5,
2023-06-17,,,5,
2023-06-18,,,5,
2023-06-19,,,5,
2023-06-20,70.94,1935.5,5,
2023-06-21,72.55,1933.300049,5,
2023-06-22,69.22,1912.699951,5,
2023-06-23,68.91,1919.099976,5,
2023-06-24,,,5,
2023-06-25,,,5,
2023-06-26,69.09,1923.699951,5,
2023-06-27,67.68,1914,5,
2023-06-28,69.54,1912.300049,5,
2023-06-29,69.85,1909.199951,5,
2023-06-30,70.66,1921.099976,5,
2023-07-01,,,5,2
2023-07-02,,,5,
2023-07-03,69.71,1921.699951,5,
2023-07-04,,,5,
2023-07-05,71.78,1919.599976,5,
2023-07-06,71.76,1908.699951,5,
2023-07-07,73.91,1926.199951,5,
2023-07-08,,,5,
2023-07-09,,,5,
2023-07-10,73.05,1925,5,
2023-07-11,74.87,1931.300049,5,
2023-07-12,75.77,1956.199951,5,
2023-07-13,76.86,1959.199951,5,
2023-07-14,75.44,1960.099976,5,
2023-07-15,,,5,
2023-07-16,,,5,
2023-07-17,74.17,1952.400024,5,
2023-07-18,75.76,1977.199951,5,
2023-07-19,75.4,1977.5,5,
2023-07-20,75.65,1968.300049,5,
2023-07-21,77.06,1964.300049,5,
2023-07-22,,,5,
2023-07-23,,,5,
2023-07-24,78.81,1960.300049,5,
2023-07-25,79.76,1962.099976,5,
2023-07-26,79.11,1968.900024,5,
2023-07-27,80.17,1945.400024,5.25,
2023-07-28,80.55,1960.400024,5.25,
2023-07-29,,,5.25,
2023-07-30,,,5.25,
2023-07-31,81.8,1970.5,5.25,
2023-08-01,81.37,1940.699951,5.25,2
2023-08-02,79.5,1937.400024,5.25,
2023-08-03,81.56,1932,5.25,
2023-08-04,82.76,1939.599976,5.25,
2023-08-05,,,5.25,
2023-08-06,,,5.25,
2023-08-07,81.94,1933.5,5.25,
2023-08-08,82.94,1924.099976,5.25,
2023-08-09,84.35,1915.400024,5.25,
2023-08-10,82.81,1914.400024,5.25,
2023-08-11,83.17,1912.900024,5.25,
2023-08-12,,,5.25,
2023-08-13,,,5.25,
2023-08-14,82.5,1910.599976,5.25,
2023-08-15,81.06,1902.5,5.25,
2023-08-16,79.4,1896.099976,5.25,
2023-08-17,80.43,1884.099976,5.25,
2023-08-18,81.25,1886.099976,5.25,
2023-08-19,,,5.25,
2023-08-20,,,5.25,
2023-08-21,80.71,1893.300049,5.25,
2023-08-22,80.25,1896.400024,5.25,
2023-08-23,78.91,1918.5,5.25,
2023-08-24,79.52,1918.199951,5.25,
2023-08-25,80.47,1911.099976,5.25,
2023-08-26,,,5.25,
2023-08-27,,,5.25,
2023-08-28,80.65,1917.900024,5.25,
2023-08-29,81.14,1936.5,5.25,
2023-08-30,81.64,1944.300049,5.25,
2023-08-31,83.55,1938.199951,5.25,
2023-09-01,85.52,1939.800049,5.25,2
2023-09-02,,,5.25,
2023-09-03,,,5.25,
2023-09-04,,,5.25,
2023-09-05,86.74,1926.199951,5.25,
2023-09-06,87.55,1918.099976,5.25,
2023-09-07,86.87,1917.5,5.25,
2023-09-08,87.51,1918.400024,5.25,
2023-09-09,,,5.25,
2023-09-10,,,5.25,
2023-09-11,87.3,1923.300049,5.25,
2023-09-12,88.87,1911.300049,5.25,
2023-09-13,88.59,1909.099976,5.25,
2023-09-14,90.13,1910,5.25,
2023-09-15,90.83,1923.699951,5.25,
2023-09-16,,,5.25,
2023-09-17,,,5.25,
2023-09-18,91.47,1931.5,5.25,
2023-09-19,91.16,1932,5.25,
2023-09-20,89.2,1945.599976,5.25,
2023-09-21,89.56,1919.199951,5.25,
2023-09-22,90,1925.400024,5.25,
2023-09-23,,,5.25,
2023-09-24,,,5.25,
2023-09-25,89.68,1916.599976,5.25,
2023-09-26,91.43,1900.400024,5.25,
2023-09-27,93.67,1871.599976,5.25,
2023-09-28,91.65,1860.400024,5.25,
2023-09-29,90.77,1848.099976,5.25,
2023-09-30,,,5.25,
2023-10-01,,,5.25,2
2023-10-02,88.81,1830,5.25,
2023-10-03,89.26,1824.599976,5.25,
2023-10-04,84.32,1818.5,5.25,
2023-10-05,82.3,1816.599976,5.25,
2023-10-06,82.83,1830.199951,5.25,
2023-10-07,,,5.25,
2023-10-08,,,5.25,
2023-10-09,,1849.5,5.25,
2023-10-10,85.89,1861,5.25,
2023-10-11,83.7,1872.800049,5.25,
2023-10-12,82.87,1869.300049,5.25,
2023-10-13,87.67,1927.400024,5.25,
2023-10-14,,,5.25,
2023-10-15,,,5.25,
2023-10-16,86.65,1921.099976,5.25,
2023-10-17,86.66,1922.699951,5.25,
2023-10-18,88.35,1955.300049,5.25,
2023-10-19,89.35,1968.400024,5.25,
2023-10-20,89.12,1982.5,5.25,
2023-10-21,,,5.25,
2023-10-22,,,5.25,
2023-10-23,85.49,1976.300049,5.25,
2023-10-24,84.58,1975,5.25,
2023-10-25,86.07,1984.099976,5.25,
2023-10-26,83.8,1987.199951,5.25,
2023-10-27,86.04,1988.599976,5.25,
2023-10-28,,,5.25,
2023-10-29,,,5.25,
2023-10-30,83.03,1996.199951,5.25,
2023-10-31,81.64,1985.199951,5.25,
2023-11-01,81.05,1978.800049,5.25,2
2023-11-02,83.04,1985.599976,5.25,
2023-11-03,81.19,1991.5,5.25,
2023-11-04,,,5.25,
2023-11-05,,,5.25,
2023-11-06,81.54,1981.599976,5.25,
2023-11-07,77.96,1966.800049,5.25,
2023-11-08,75.85,1951.5,5.25,
2023-11-09,76.34,1964.199951,5.25,
2023-11-10,,1932.599976,5.25,
2023-11-11,,,5.25,
2023-11-12,,,5.25,
2023-11-13,78.86,1945.5,5.25,
2023-11-14,78.9,1961.800049,5.25,
2023-11-15,77.15,1960.099976,5.25,
2023-11-16,73.5,1983.900024,5.25,
2023-11-17,76.47,1981.599976,5.25,
2023-11-18,,,5.25,
2023-11-19,,,5.25,
2023-11-20,78.1,1977.699951,5.25,
2023-11-21,78.35,1999.300049,5.25,
2023-11-22,76.8,1991.400024,5.25,
2023-11-23,,,5.25,
2023-11-24,74.83,2002.199951,5.25,
2023-11-25,,,5.25,
2023-11-26,,,5.25,
2023-11-27,74.46,2011.800049,5.25,
2023-11-28,76.09,2039.699951,5.25,
2023-11-29,77.56,2047.099976,5.25,
2023-11-30,75.66,2038.099976,5.25,
2023-12-01,73.7,2071,5.25,2
2023-12-02,,,5.25,
2023-12-03,,,5.25,
2023-12-04,72.73,2024.099976,5.25,
2023-12-05,71.95,2018.5,5.25,
2023-12-06,68.98,2030.5,5.25,
2023-12-07,69,2029.900024,5.25,
2023-12-08,70.87,1998.300049,5.25,
2023-12-09,,,5.25,
2023-12-10,,,5.25,
2023-12-11,70.95,1978,5.25,
2023-12-12,68.27,1977.800049,5.25,
2023-12-13,69.09,1982.300049,5.25,
2023-12-14,71.21,2030.199951,5.25,
2023-12-15,71.05,2021.099976,5.25,
2023-12-16,,,5.25,
2023-12-17,,,5.25,
2023-12-18,72.16,2026.300049,5.25,
2023-12-19,73.23,2038.400024,5.25,
2023-12-20,73.87,2034.5,5.25,
2023-12-21,73.59,2039.099976,5.25,
2023-12-22,73.29,2057.100098,5.25,
2023-12-23,,,5.25,
2023-12-24,,,5.25,
2023-12-25,,,5.25,
2023-12-26,75.84,2058.199951,5.25,
2023-12-27,74.31,2081.899902,5.25,
2023-12-28,72.02,2073.899902,5.25,
2023-12-29,71.89,2062.399902,5.25,
2023-12-30,,,5.25,
2023-12-31,,,5.25,
2024-01-01,,,5.25,2
2024-01-02,70.62,2064.399902,5.25,
2024-01-03,72.97,2034.199951,5.25,
2024-01-04,72.38,2042.300049,5.25,
2024-01-05,74,2042.400024,5.25,
2024-01-06,,,5.25,
2024-01-07,,,5.25,
2024-01-08,71.06,2026.599976,5.25,
2024-01-09,72.43,2026.400024,5.25,
2024-01-10,71.57,2021.699951,5.25,
2024-01-11,72.15,2014.300049,5.25,
2024-01-12,72.94,2046.699951,5.25,
2024-01-13,,,5.25,
2024-01-14,,,5.25,
2024-01-15,,,5.25,
2024-01-16,72.63,2026,5.25,
2024-01-17,72.79,2002.599976,5.25,
2024-01-18,74.32,2018.599976,5.25,
2024-01-19,73.69,2026.5,5.25,
2024-01-20,,,5.25,
2024-01-21,,,5.25,
2024-01-22,75.26,2019.800049,5.25,
2024-01-23,74.72,2023.699951,5.25,
2024-01-24,75.48,2013.900024,5.25,
2024-01-25,77.91,2016.900024,5.25,
2024-01-26,78.45,2016.800049,5.25,
2024-01-27,,,5.25,
2024-01-28,,,5.25,
2024-01-29,77.25,2025.199951,5.25,
2024-01-30,78.3,2031.5,5.25,
2024-01-31,76.28,2048.399902,5.25,
2024-02-01,74.36,2053,5.25,2
2024-02-02,72.72,2036.099976,5.25,
2024-02-03,,,5.25,
2024-02-04,,,5.25,
2024-02-05,73.21,2025.699951,5.25,
2024-02-06,73.83,2034.5,5.25,
2024-02-07,74.26,2035.199951,5.25,
2024-02-08,76.67,2032.199951,5.25,
2024-02-09,77.26,2023.300049,5.25,
2024-02-10,,,5.25,
2024-02-11,,,5.25,
2024-02-12,77.34,2018.199951,5.25,
2024-02-13,78.28,1992.900024,5.25,
2024-02-14,77.09,1990.300049,5.25,
2024-02-15,78.47,2002.099976,5.25,
2024-02-16,79.65,2011.5,5.25,
2024-02-17,,,5.25,
2024-02-18,,,5.25,
2024-02-19,,,5.25,
2024-02-20,78.72,2027.5,5.25,
2024-02-21,78.89,2022.300049,5.25,
2024-02-22,79.64,2019.699951,5.25,
2024-02-23,77.6,2038.599976,5.25,
2024-02-24,,,5.25,
2024-02-25,,,5.25,
2024-02-26,78.53,2028.5,5.25,
2024-02-27,79.8,2034,5.25,
2024-02-28,79.44,2033,5.25,
2024-02-29,79.22,2045.699951,5.25,
2024-03-01,80.9,2086.899902,5.25,2
2024-03-02,,,5.25,
2024-03-03,,,5.25,
2024-03-04,79.67,2117.699951,5.25,
2024-03-05,79.11,2133.5,5.25,
2024-03-06,80.08,2150.300049,5.25,
2024-03-07,79.81,2158,5.25,
2024-03-08,78.96,2178.600098,5.25,
2024-03-09,,,5.25,
2024-03-10,,,5.25,
2024-03-11,78.87,2182.5,5.25,
2024-03-12,78.51,2160.399902,5.25,
2024-03-13,80.67,2175.399902,5.25,
2024-03-14,82.16,2163,5.25,
2024-03-15,81.94,2157.300049,5.25,
2024-03-16,,,5.25,
2024-03-17,,,5.25,
2024-03-18,83.68,2160.699951,5.25,
2024-03-19,84.39,2156.300049,5.25,
2024-03-20,82.79,2157.899902,5.25,
2024-03-21,81.99,2182.399902,5.25,
2024-03-22,81.1,2158.100098,5.25,
2024-03-23,,,5.25,
2024-03-24,,,5.25,
2024-03-25,82.41,2174.800049,5.25,
2024-03-26,82.41,2175.600098,5.25,
2024-03-27,82.15,2190.600098,5.25,
2024-03-28,83.96,2217.399902,5.25,
2024-03-29,,,5.25,
2024-03-30,,,5.25,
2024-03-31,,,5.25,
2024-04-01,84.54,2236.5,5.25,2
2024-04-02,85.95,2261,5.25,
2024-04-03,86.22,2294.399902,5.25,
2024-04-04,87.37,2288.800049,5.25,
2024-04-05,87.69,2325.699951,5.25,
2024-04-06,,,5.25,
2024-04-07,,,5.25,
2024-04-08,87.24,2331.699951,5.25,
2024-04-09,86.04,2343.5,5.25,
2024-04-10,86.98,2329.600098,5.25,
2024-04-11,85.79,2354.800049,5.25,
2024-04-12,86.46,2356.199951,5.25,
2024-04-13,,,5.25,
2024-04-14,,,5.25,
2024-04-15,86.21,2365.800049,5.25,
2024-04-16,86.15,2390.800049,5.25,
2024-04-17,83.58,2371.699951,5.25,
2024-04-18,83.5,2382.300049,5.25,
2024-04-19,83.79,2398.399902,5.25,
2024-04-20,,,5.25,
2024-04-21,,,5.25,
2024-04-22,83.82,2332.199951,5.25,
2024-04-23,84.17,2327.699951,5.25,
2024-04-24,84.09,2324.5,5.25,
2024-04-25,84.92,2329.800049,5.25,
2024-04-26,85.38,2334.800049,5.25,
2024-04-27,,,5.25,
2024-04-28,,,5.25,
2024-04-29,84.26,2345.399902,5.25,
2024-04-30,83.49,2291.399902,5.25,
2024-05-01,80.7,2299.899902,5.25,2
2024-05-02,80.59,2299.199951,5.25,
2024-05-03,79.65,2299,5.25,
2024-05-04,,,5.25,
2024-05-05,,,5.25,
2024-05-06,80.1,2321.600098,5.25,
2024-05-07,79.97,2315.199951,5.25,
2024-05-08,80.57,2313.600098,5.25,
2024-05-09,80.86,2332.100098,5.25,
2024-05-10,79.81,2367.300049,5.25,
2024-05-11,,,5.25,
2024-05-12,,,5.25,
2024-05-13,80.71,2336.100098,5.25,
2024-05-14,79.62,2353.399902,5.25,
2024-05-15,80.23,2388.699951,5.25,
2024-05-16,80.85,2380,5.25,
2024-05-17,81.66,2412.199951,5.25,
2024-05-18,,,5.25,
2024-05-19,,,5.25,
2024-05-20,81.39,2433.899902,5.25,
2024-05-21,80.66,2421.699951,5.25,
2024-05-22,79.15,2389.199951,5.25,
2024-05-23,77.47,2335,5.25,
2024-05-24,78.48,2332.5,5.25,
2024-05-25,,,5.25,
2024-05-26,,,5.25,
2024-05-27,,,5.25,
2024-05-28,80.9,2355.199951,5.25,
2024-05-29,80.24,2340.300049,5.25,
2024-05-30,78.96,2342.899902,5.25,
2024-05-31,77.97,2322.899902,5.25,
2024-06-01,,,5.25,2
2024-06-02,,,5.25,
2024-06-03,75.26,2346.600098,5.25,
2024-06-04,74.27,2325.5,5.25,
2024-06-05,75.08,2354.100098,5.25,
2024-06-06,76.52,2370.300049,5.25,
2024-06-07,76.53,2305.199951,5.25,
2024-06-08,,,5.25,
2024-06-09,,,5.25,
2024-06-10,78.75,2307.699951,5.25,
2024-06-11,78.88,2307.5,5.25,
2024-06-12,79.56,2336,5.25,
2024-06-13,79.61,2300.199951,5.25,
2024-06-14,79.41,2331.399902,5.25,
2024-06-15,,,5.25,
2024-06-16,,,5.25,
2024-06-17,81.33,2312.399902,5.25,
2024-06-18,82.67,2330.399902,5.25,
2024-06-19,,,5.25,
2024-06-20,83.34,2353.800049,5.25,
2024-06-21,81.71,2316.399902,5.25,
2024-06-22,,,5.25,
2024-06-23,,,5.25,
2024-06-24,82.63,2330,5.25,
2024-06-25,81.97,2316.600098,5.25,
2024-06-26,82.19,2299.199951,5.25,
2024-06-27,83.04,2324.5,5.25,
2024-06-28,82.83,2327.699951,5.25,
2024-06-29,,,5.25,
2024-06-30,,,5.25,
2024-07-01,84.7,2327.600098,5.25,2
2024-07-02,84.09,2323,5.25,
2024-07-03,85.19,2359.800049,5.25,
2024-07-04,,,5.25,
2024-07-05,84.44,2388.5,5.25,
2024-07-06,,,5.25,
2024-07-07,,,5.25,
2024-07-08,83.63,2355.199951,5.25,
2024-07-09,82.78,2360.100098,5.25,
2024-07-10,83.39,2372.199951,5.25,
2024-07-11,83.92,2415,5.25,
2024-07-12,83.49,2414,5.25,
2024-07-13,,,5.25,
2024-07-14,,,5.25,
2024-07-15,83.22,2422.899902,5.25,
2024-07-16,81.92,2462.399902,5.25,
2024-07-17,84.16,2454.800049,5.25,
2024-07-18,84.17,2451.800049,5.25,
2024-07-19,81.43,2395.5,5.25,
2024-07-20,,,5.25,
2024-07-21,,,5.25,
2024-07-22,81.25,2392,5.25,
2024-07-23,78.24,2404.600098,5.25,
2024-07-24,78.78,2413.300049,5.25,
2024-07-25,79.43,2351.899902,5.25,
2024-07-26,78.58,2380,5.25,
2024-07-27,,,5.25,
2024-07-28,,,5.25,
2024-07-29,77.27,2377.300049,5.25,
2024-07-30,76.17,2405,5.25,
2024-07-31,79.36,2426.5,5.25,
2024-08-01,77.74,2435,5.25,2
2024-08-02,74.99,2425.699951,5.25,
2024-08-03,,,5.25,
2024-08-04,,,5.25,
2024-08-05,74.46,2401.699951,5.25,
2024-08-06,74.6,2389.100098,5.25,
2024-08-07,76.68,2390.5,5.25,
2024-08-08,77.64,2422.199951,5.25,
2024-08-09,78.28,2432.100098,5.25,
2024-08-10,,,5.25,
2024-08-11,,,5.25,
2024-08-12,81.45,2462.399902,5.25,
2024-08-13,79.81,2466.699951,5.25,
2024-08-14,78.47,2439.399902,5.25,
2024-08-15,79.66,2453.100098,5.25,
2024-08-16,78.05,2498.600098,5.25,
2024-08-17,,,5.25,
2024-08-18,,,5.25,
2024-08-19,75.82,2501.800049,5.25,
2024-08-20,75.27,2511.300049,5.25,
2024-08-21,72.76,2508.399902,5.25,
2024-08-22,73.72,2478.899902,5.25,
2024-08-23,75.82,2508.399902,5.25,
2024-08-24,,,5.25,
2024-08-25,,,5.25,
2024-08-26,78.4,2517.699951,5.25,
2024-08-27,76.5,2516,5.25,
2024-08-28,75.49,2501,5.25,
2024-08-29,76.9,2525.699951,5.25,
2024-08-30,74.52,2493.800049,5.25,
2024-08-31,,,5.25,
2024-09-01,,,5.25,2
2024-09-02,,,5.25,
2024-09-03,71.28,2489.899902,5.25,
2024-09-04,70.11,2493.399902,5.25,
2024-09-05,70.09,2511.399902,5.25,
2024-09-06,68.58,2493.5,5.25,
2024-09-07,,,5.25,
2024-09-08,,,5.25,
2024-09-09,69.65,2501.800049,5.25,
2024-09-10,66.73,2512.300049,5.25,
2024-09-11,68.25,2512.100098,5.25,
2024-09-12,69.89,2551.199951,5.25,
2024-09-13,69.59,2581.300049,5.25,
2024-09-14,,,5.25,
2024-09-15,,,5.25,
2024-09-16,71.1,2580.399902,5.25,
2024-09-17,72.16,2564.300049,5.25,
2024-09-18,71.87,2570.699951,5.25,
2024-09-19,72.86,2588,4.75,
2024-09-20,72.72,2619.899902,4.75,
2024-09-21,,,4.75,
2024-09-22,,,4.75,
2024-09-23,71.33,2626.5,4.75,
2024-09-24,72.34,2651.199951,4.75,
2024-09-25,70.42,2659.199951,4.75,
2024-09-26,68.28,2669.899902,4.75,
2024-09-27,68.72,2644.300049,4.75,
2024-09-28,,,4.75,
2024-09-29,,,4.75,
2024-09-30,68.75,2636.100098,4.75,
2024-10-01,70.41,2667.300049,4.75,1.75
2024-10-02,70.74,2647.100098,4.75,
2024-10-03,74.33,2657.100098,4.75,
2024-10-04,74.93,2645.800049,4.75,
2024-10-05,,,4.75,
2024-10-06,,,4.75,
2024-10-07,77.76,2644.800049,4.75,
2024-10-08,74.26,2615,4.75,
2024-10-09,73.85,2606,4.75,
2024-10-10,76.46,2620.600098,4.75,
2024-10-11,76.11,2657.600098,4.75,
2024-10-12,,,4.75,
2024-10-13,,,4.75,
2024-10-14,,2647.800049,4.75,
2024-10-15,71.22,2661.399902,4.75,
2024-10-16,70.97,2674,4.75,
2024-10-17,71.26,2691,4.75,
2024-10-18,69.78,2713.699951,4.75,
2024-10-19,,,4.75,
2024-10-20,,,4.75,
2024-10-21,71.16,2723.100098,4.75,
2024-10-22,72.84,2744.199951,4.75,
2024-10-23,71.37,2714.399902,4.75,
2024-10-24,70.58,2734.899902,4.75,
2024-10-25,72.02,2740.899902,4.75,
2024-10-26,,,4.75,
2024-10-27,,,4.75,
2024-10-28,67.65,2742.899902,4.75,
2024-10-29,67.48,2768.399902,4.75,
2024-10-30,68.91,2788.5,4.75,
2024-10-31,69.58,2738.300049,4.75,
2024-11-01,69.81,2738.600098,4.75,1.5
2024-11-02,,,4.75,
2024-11-03,,,4.75,
2024-11-04,71.83,2736.100098,4.75,
2024-11-05,72.26,2740.300049,4.75,
2024-11-06,71.98,2667.600098,4.75,
2024-11-07,72.69,2698.399902,4.75,
2024-11-08,70.69,2687.5,4.5,
2024-11-09,,,4.5,
2024-11-10,,,4.5,
2024-11-11,,2611.199951,4.5,
2024-11-12,68.43,2600,4.5,
2024-11-13,68.76,2580.800049,4.5,
2024-11-14,68.99,2568.199951,4.5,
2024-11-15,67.33,2565.699951,4.5,
2024-11-16,,,4.5,
2024-11-17,,,4.5,
2024-11-18,69.46,2610.600098,4.5,
2024-11-19,69.75,2627.100098,4.5,
2024-11-20,69.25,2648.199951,4.5,
2024-11-21,70.39,2672.100098,4.5,
2024-11-22,71.68,2709.899902,4.5,
2024-11-23,,,4.5,
2024-11-24,,,4.5,
2024-11-25,69.41,2616.800049,4.5,
2024-11-26,69.05,2620.300049,4.5,
2024-11-27,69.03,2639.899902,4.5,
2024-11-28,,,4.5,
2024-11-29,68.26,2657,4.5,
2024-11-30,,,4.5,
2024-12-01,,,4.5,1.5
2024-12-02,68.35,2634.899902,4.5,
2024-12-03,70.15,2644.699951,4.5,
2024-12-04,68.81,2653.800049,4.5,
2024-12-05,68.58,2626.600098,4.5,
2024-12-06,68.58,2638.600098,4.5,
2024-12-07,,,4.5,
2024-12-08,,,4.5,
2024-12-09,68.65,2664.899902,4.5,
2024-12-10,68.85,2697.600098,4.5,
2024-12-11,70.57,2733.800049,4.5,
2024-12-12,70.25,2687.5,4.5,
2024-12-13,71.54,2656,4.5,
2024-12-14,,,4.5,
2024-12-15,,,4.5,
2024-12-16,71.03,2651.399902,4.5,
2024-12-17,70.31,2644.399902,4.5,
2024-12-18,70.8,2636.5,4.5,
2024-12-19,70.1,2592.199951,4.25,
2024-12-20,69.71,2628.699951,4.25,
2024-12-21,,,4.25,
2024-12-22,,,4.25,
2024-12-23,69.5,2612.300049,4.25,
2024-12-24,70.87,2620,4.25,
2024-12-25,,,4.25,
2024-12-26,70.38,2638.800049,4.25,
2024-12-27,71.28,2617.199951,4.25,
2024-12-28,,,4.25,
2024-12-29,,,4.25,
2024-12-30,71.73,2606.100098,4.25,
2024-12-31,72.44,2629.199951,4.25,
2025-01-01,,,4.25,1.5
2025-01-02,73.79,2658.899902,4.25,
2025-01-03,74.64,2645,4.25,
2025-01-04,,,4.25,
2025-01-05,,,4.25,
2025-01-06,74.31,2638.399902,4.25,
2025-01-07,74.99,2656.699951,4.25,
2025-01-08,73.99,2664.5,4.25,
2025-01-09,,2683.800049,4.25,
2025-01-10,77.27,2708.5,4.25,
2025-01-11,,,4.25,
2025-01-12,,,4.25,
2025-01-13,79.57,2673.5,4.25,
2025-01-14,78.2,2677.5,4.25,
2025-01-15,80.73,2712.5,4.25,
2025-01-16,79.35,2746.399902,4.25,
2025-01-17,78.56,2744.300049,4.25,
2025-01-18,,,4.25,
2025-01-19,,,4.25,
2025-01-20,,,4.25,
2025-01-21,76.79,2755,4.25,
2025-01-22,76.12,2767.600098,4.25,
2025-01-23,75.03,2763.100098,4.25,
2025-01-24,74.97,2777.300049,4.25,
2025-01-25,,,4.25,
2025-01-26,,,4.25,
2025-01-27,73.51,2737.5,4.25,
2025-01-28,74.15,2766.800049,4.25,
2025-01-29,72.94,2769.100098,4.25,
2025-01-30,73.1,2823,4.25,
2025-01-31,72.84,2812.5,4.25,
2025-02-01,,,4.25,1.25
2025-02-02,,,4.25,
2025-02-03,73.52,2833.899902,4.25,
2025-02-04,73.04,2853.300049,4.25,
2025-02-05,71.39,2871.600098,4.25,
2025-02-06,70.97,2856,4.25,
2025-02-07,71.32,2867.300049,4.25,
2025-02-08,,,4.25,
2025-02-09,,,4.25,
2025-02-10,72.73,2914.300049,4.25,
2025-02-11,73.67,2912.5,4.25,
2025-02-12,71.72,2909,4.25,
2025-02-13,71.66,2925.899902,4.25,
2025-02-14,71.05,2883.600098,4.25,
2025-02-15,,,4.25,
2025-02-16,,,4.25,
2025-02-17,,,4.25,
2025-02-18,72.21,2931.600098,4.25,
2025-02-19,72.58,2919.399902,4.25,
2025-02-20,72.88,2940,4.25,
2025-02-21,70.72,2937.600098,4.25,
2025-02-22,,,4.25,
2025-02-23,,,4.25,
2025-02-24,71.06,2947.899902,4.25,
2025-02-25,69.15,2904.5,4.25,
2025-02-26,68.87,2916.800049,4.25,
2025-02-27,70.62,2883.199951,4.25,
2025-02-28,69.97,2836.800049,4.25,
2025-03-01,,,4.25,1.25
2025-03-02,,,4.25,
2025-03-03,68.63,2890.199951,4.25,
2025-03-04,68.47,2909.600098,4.25,
2025-03-05,66.58,2915.300049,4.25,
2025-03-06,66.62,2916.600098,4.25,
2025-03-07,67.29,2904.699951,4.25,
2025-03-08,,,4.25,
2025-03-09,,,4.25,
2025-03-10,66.31,2891,4.25,
2025-03-11,66.52,2912.899902,4.25,
2025-03-12,67.65,2939.100098,4.25,
2025-03-13,66.82,2984.300049,4.25,
2025-03-14,67.43,2994.5,4.25,
2025-03-15,,,4.25,
2025-03-16,,,4.25,
2025-03-17,67.84,3000,4.25,
2025-03-18,67.49,3035.100098,4.25,
2025-03-19,67.4,3035.899902,4.25,
2025-03-20,68.55,3040,4.25,
2025-03-21,68.52,3018.199951,4.25,
2025-03-22,,,4.25,
2025-03-23,,,4.25,
2025-03-24,69.46,3013.100098,4.25,
2025-03-25,69.48,3023.699951,4.25,
2025-03-26,70.05,3020.899902,4.25,
2025-03-27,70.3,3060.199951,4.25,
2025-03-28,69.74,3086.5,4.25,
2025-03-29,,,4.25,
2025-03-30,,,4.25,
2025-03-31,71.87,3122.800049,4.25,
2025-04-01,71.61,3118.899902,4.25,1.25
2025-04-02,72.12,3139.899902,4.25,
2025-04-03,67.43,3097,4.25,
2025-04-04,62.42,3012,4.25,
2025-04-05,,,4.25,
2025-04-06,,,4.25,
2025-04-07,61.05,2951.300049,4.25,
2025-04-08,60.04,2968.399902,4.25,
2025-04-09,62.63,3056.5,4.25,
2025-04-10,60.57,3155.199951,4.25,
2025-04-11,61.91,3222.199951,4.25,
2025-04-12,,,4.25,
2025-04-13,,,4.25,
2025-04-14,61.99,3204.800049,4.25,
2025-04-15,61.74,3218.699951,4.25,
2025-04-16,62.88,3326.600098,4.25,
2025-04-17,65.07,3308.699951,4.25,
2025-04-18,,,4.25,
2025-04-19,,,4.25,
2025-04-20,,,4.25,
2025-04-21,63.48,3406.199951,4.25,
2025-04-22,64.6,3400.800049,4.25,
2025-04-23,62.64,3276.300049,4.25,
2025-04-24,63.55,3332,4.25,
2025-04-25,63.85,3282.399902,4.25,
2025-04-26,,,4.25,
2025-04-27,,,4.25,
2025-04-28,63.3,3332.5,4.25,
2025-04-29,61.84,3318.800049,4.25,
2025-04-30,59.55,3305,4.25,
2025-05-01,60.59,3210,4.25,1
2025-05-02,59.67,3231.899902,4.25,
2025-05-03,,,4.25,
2025-05-04,,,4.25,
2025-05-05,58.5,3311.300049,4.25,
2025-05-06,60.42,3411.399902,4.25,
2025-05-07,59.42,3381.399902,4.25,
2025-05-08,61.25,3296.600098,4.25,
2025-05-09,62.37,3335.399902,4.25,
2025-05-10,,,4.25,
2025-05-11,,,4.25,
2025-05-12,63.32,3220,4.25,
2025-05-13,65.04,3240.300049,4.25,
2025-05-14,64.48,3181.399902,4.25,
2025-05-15,63.03,3220.699951,4.25,
2025-05-16,63.84,3182,4.25,
2025-05-17,,,4.25,
2025-05-18,,,4.25,
2025-05-19,63.98,3228.899902,4.25,
2025-05-20,63.97,3280.300049,4.25,
2025-05-21,62.93,3309.300049,4.25,
2025-05-22,62.55,3292.300049,4.25,
2025-05-23,62.89,3363.600098,4.25,
2025-05-24,,,4.25,
2025-05-25,,,4.25,
2025-05-26,,,4.25,
2025-05-27,61.61,3299.100098,4.25,
2025-05-28,62.54,3293.600098,4.25,
2025-05-29,61.66,3317.100098,4.25,
2025-05-30,61.46,3288.899902,4.25,
2025-05-31,,,4.25,
2025-06-01,,,4.25,1
2025-06-02,63.27,3370.600098,4.25,
2025-06-03,64.1,3350.199951,4.25,
2025-06-04,63.57,3373.5,4.25,
2025-06-05,64.06,3350.699951,4.25,
2025-06-06,65.3,3322.699951,4.25,
2025-06-07,,,4.25,
2025-06-08,,,4.25,
2025-06-09,65.99,3332.100098,4.25,
2025-06-10,65.66,3320.899902,4.25,
2025-06-11,68.91,3321.300049,4.25,
2025-06-12,68.73,3380.899902,4.25,
2025-06-13,73.84,3431.199951,4.25,
2025-06-14,,,4.25,
2025-06-15,,,4.25,
2025-06-16,72.53,3396.399902,4.25,
2025-06-17,75.62,3386.600098,4.25,
2025-06-18,75.89,3389.800049,4.25,
2025-06-19,,,4.25,
2025-06-20,75.72,3368.100098,4.25,
2025-06-21,,,4.25,
2025-06-22,,,4.25,
2025-06-23,69.36,3377.699951,4.25,
2025-06-24,65.45,3317.399902,4.25,
2025-06-25,65.98,3327.100098,4.25,
2025-06-26,66.44,3333.5,4.25,
2025-06-27,66.66,3273.699951,4.25,
2025-06-28,,,4.25,
2025-06-29,,,4.25,
2025-06-30,66.3,3294.399902,4.25,
2025-07-01,66.64,3336.699951,4.25,1
2025-07-02,68.66,3348,4.25,
2025-07-03,68.13,3331.600098,4.25,
2025-07-04,,3332.5,4.25,
2025-07-05,,,4.25,
2025-07-06,,,4.25,
2025-07-07,69.16,3332.199951,4.25,
2025-07-08,69.55,3307,4.25,
2025-07-09,69.61,3311.600098,4.25,
2025-07-10,67.78,3317.399902,4.25,
2025-07-11,69.63,3356,4.25,
2025-07-12,,,4.25,
2025-07-13,,,4.25,
2025-07-14,68.19,3351.5,4.25,
2025-07-15,67.76,3329.800049,4.25,
2025-07-16,67.13,3352.5,4.25,
2025-07-17,68.76,3340.100098,4.25,
2025-07-18,68.53,3353,4.25,
2025-07-19,,,4.25,
2025-07-20,,,4.25,
2025-07-21,68.39,3401.899902,4.25,
2025-07-22,67.56,3439.199951,4.25,
2025-07-23,66.05,3394.100098,4.25,
2025-07-24,67.16,3371,4.25,
2025-07-25,66.38,3334,4.25,
2025-07-26,,,4.25,
2025-07-27,,,4.25,
2025-07-28,67.81,3309.100098,4.25,
2025-07-29,70.27,3323.399902,4.25,
2025-07-30,71.09,3295.800049,4.25,
2025-07-31,70.36,3293.199951,4.25,
2025-08-01,68.39,3347.699951,4.25,1
2025-08-02,,,4.25,
2025-08-03,,,4.25,
2025-08-04,67.33,3374.399902,4.25,
2025-08-05,66.2,3381.899902,4.25,
2025-08-06,65.38,3380,4.25,
2025-08-07,64.9,3400.300049,4.25,
2025-08-08,64.94,3439.100098,4.25,
2025-08-09,,,4.25,
2025-08-10,,,4.25,
2025-08-11,65.03,3353.100098,4.25,
2025-08-12,64.22,3348.899902,4.25,
2025-08-13,63.68,3358.699951,4.25,
2025-08-14,64.99,3335.199951,4.25,
2025-08-15,63.78,3336,4.25,
2025-08-16,,,4.25,
2025-08-17,,,4.25,
2025-08-18,64.51,3331.699951,4.25,
2025-08-19,63.38,3313.399902,4.25,
2025-08-20,64.19,3343.399902,4.25,
2025-08-21,64.56,3336.899902,4.25,
2025-08-22,64.08,3374.399902,4.25,
2025-08-23,,,4.25,
2025-08-24,,,4.25,
2025-08-25,65.18,3373.800049,4.25,
2025-08-26,63.6,3388.600098,4.25,
2025-08-27,64.49,3404.600098,4.25,
2025-08-28,64.96,3431.800049,4.25,
2025-08-29,64.36,3473.699951,4.25,
2025-08-30,,,4.25,
2025-08-31,,,4.25,
2025-09-01,,,4.25,1
2025-09-02,65.95,3549.399902,4.25,
2025-09-03,64.36,3593.199951,4.25,
2025-09-04,63.81,3565.800049,4.25,
2025-09-05,62.22,3613.199951,4.25,
2025-09-06,,,4.25,
2025-09-07,,,4.25,
2025-09-08,62.6,3638.100098,4.25,
2025-09-09,62.97,3643.300049,4.25,
2025-09-10,64.01,3643.600098,4.25,
2025-09-11,62.71,3636.899902,4.25,
2025-09-12,63.02,3649.399902,4.25,
2025-09-13,,,4.25,
2025-09-14,,,4.25,
2025-09-15,63.66,3682.199951,4.25,
2025-09-16,64.89,3688.899902,4.25,
2025-09-17,64.41,3681.800049,4.25,
2025-09-18,63.91,3643.699951,4,
2025-09-19,63.02,3671.5,4,
2025-09-20,,,4,
2025-09-21,,,4,
2025-09-22,62.99,3740.699951,4,
2025-09-23,63.76,3780.600098,4,
2025-09-24,65.4,3732.100098,4,
2025-09-25,65.51,3736.899902,4,
2025-09-26,66.5,3775.300049,4,
2025-09-27,,,4,
2025-09-28,,,4,
2025-09-29,64.27,3820.899902,4,
2025-09-30,63.17,3840.800049,4,
2025-10-01,62.59,3867.5,4,1
2025-10-02,61.28,3839.699951,4,
2025-10-03,61.65,3880.800049,4,
2025-10-04,,,4,
2025-10-05,,,4,
2025-10-06,62.49,3948.5,4,
2025-10-07,62.52,3976.600098,4,
2025-10-08,63.37,4043.300049,4,
2025-10-09,62.36,3946.300049,4,
2025-10-10,59.75,3975.899902,4,
2025-10-11,,,4,
2025-10-12,,,4,
2025-10-13,,4108.600098,4,
2025-10-14,59.52,4138.700195,4,
2025-10-15,59.08,4176.899902,4,
2025-10-16,58.29,4280.200195,4,
2025-10-17,58.3,4189.899902,4,
2025-10-18,,,4,
2025-10-19,,,4,
2025-10-20,58.34,4336.399902,4,
2025-10-21,58.66,4087.699951,4,
2025-10-22,59.3,4044.399902,4,
2025-10-23,62.44,4125.5,4,
2025-10-24,62.27,4118.399902,4,
2025-10-25,,,4,
2025-10-26,,,4,
2025-10-27,62.13,4001.899902,4,
2025-10-28,60.97,3966.199951,4,
2025-10-29,61.26,3983.699951,4,
2025-10-30,61.36,4001.300049,3.75,
2025-10-31,61.75,3982.199951,3.75,
2025-11-01,,,3.75,
2025-11-02,,,3.75,
2025-11-03,61.79,4000.300049,3.75,
2025-11-04,61.38,3947.699951,3.75,
2025-11-05,60.4,3980.300049,3.75,
2025-11-06,60.24,3979.899902,3.75,
2025-11-07,60.54,3999.399902,3.75,
2025-11-08,,,3.75,
2025-11-09,,,3.75,
2025-11-10,60.94,4111.799805,3.75,
2025-11-11,,4106.799805,3.75,
2025-11-12,59.3,4204.399902,3.75,
2025-11-13,59.54,4186.899902,3.75,
2025-11-14,60.87,4087.600098,3.75,
2025-11-15,,,3.75,
2025-11-16,,,3.75,
2025-11-17,60.66,4068.300049,3.75,
2025-11-18,61.51,4061.300049,3.75,
2025-11-19,60.27,4077.699951,3.75,
2025-11-20,60.07,4056.5,3.75,
2025-11-21,58.86,4076.699951,3.75,
2025-11-22,,,3.75,
2025-11-23,,,3.75,
2025-11-24,59.11,4091.899902,3.75,
2025-11-25,58.25,4139.200195,3.75,
2025-11-26,58.81,4165.200195,3.75,
2025-11-27,,,3.75,
2025-11-28,58.58,4218.299805,3.75,
2025-11-29,,,3.75,
2025-11-30,,,3.75,
2025-12-01,59.47,4239.299805,3.75,
2025-12-02,58.81,4186.600098,3.75,
2025-12-03,59.09,4199.299805,3.75,
2025-12-04,59.82,4211.799805,3.75,
2025-12-05,60.23,4212.899902,3.75,
2025-12-06,,,3.75,
2025-12-07,,,3.75,
2025-12-08,59.04,4187.200195,3.75,
2025-12-09,58.4,4206.700195,3.75,
2025-12-10,58.67,4196.399902,3.75,
2025-12-11,57.76,4285.5,3.5,
2025-12-12,57.61,4300.100098,3.5,
2025-12-13,,,3.5,
2025-12-14,,,3.5,
2025-12-15,56.97,4306.700195,3.5,
2025-12-16,55.44,4304.5,3.5,
2025-12-17,56.07,4347.5,3.5,
2025-12-18,56.22,4339.5,3.5,
2025-12-19,56.8,4361.399902,3.5,
2025-12-20,,,3.5,
2025-12-21,,,3.5,
2025-12-22,58.18,4444.600098,3.5,
2025-12-23,58.55,4482.799805,3.5,
2025-12-24,58.72,4480.600098,3.5,
2025-12-25,,,3.5,
2025-12-26,56.6,4529.100098,3.5,
2025-12-27,,,3.5,
2025-12-28,,,3.5,
2025-12-29,57.89,4325.100098,3.5,
2025-12-30,57.79,4370.100098,3.5,
2025-12-31,57.26,,3.5,
