trade_date,snp500_close,nasdaq_close,phlx_semi_close
2019-12-31,3230.78,8972.6,1849.62
2020-01-02,3257.85,9092.19,1887.91
2020-01-03,3234.85,9020.77,1853.98
2020-01-06,3246.28,9071.47,1834.68
2020-01-07,3237.18,9068.58,1867.28
2020-01-08,3253.05,9129.24,1867.59
2020-01-09,3274.7,9203.43,1878.73
2020-01-10,3265.35,9178.86,1866.35
2020-01-13,3288.13,9273.93,1890.79
2020-01-14,3283.15,9251.33,1894.64
2020-01-15,3289.29,9258.7,1872.16
2020-01-16,3316.81,9357.13,1903.93
2020-01-17,3329.62,9388.94,1916.62
2020-01-21,3320.79,9370.81,1915.0
2020-01-22,3321.75,9383.77,1930.23
2020-01-23,3325.54,9402.48,1945.37
2020-01-24,3295.47,9314.91,1924.03
2020-01-27,3243.63,9139.31,1848.86
2020-01-28,3276.24,9269.68,1893.27
2020-01-29,3273.4,9275.16,1858.7
2020-01-30,3283.66,9298.93,1855.8
2020-01-31,3225.52,9150.94,1789.93
2020-02-03,3248.92,9273.4,1812.18
2020-02-04,3297.59,9467.97,1868.65
2020-02-05,3334.69,9508.68,1909.52
2020-02-06,3345.78,9572.15,1909.64
2020-02-07,3327.71,9520.51,1864.36
2020-02-10,3352.09,9628.39,1892.8
2020-02-11,3357.75,9638.94,1931.08
2020-02-12,3379.45,9725.96,1958.82
2020-02-13,3373.94,9711.97,1960.34
2020-02-14,3380.16,9731.18,1956.56
2020-02-18,3370.29,9732.74,1929.12
2020-02-19,3386.15,9817.18,1979.5
2020-02-20,3373.23,9750.97,1949.25
2020-02-21,3337.75,9576.59,1891.05
2020-02-24,3225.89,9221.28,1801.23
2020-02-25,3128.21,8965.61,1746.11
2020-02-26,3116.39,8980.78,1749.95
2020-02-27,2978.76,8566.48,1668.65
2020-02-28,2954.22,8567.37,1705.54
2020-03-02,3090.23,8952.17,1765.38
2020-03-03,3003.37,8684.09,1705.26
2020-03-04,3130.12,9018.09,1789.57
2020-03-05,3023.94,8738.59,1734.03
2020-03-06,2972.37,8575.62,1699.89
2020-03-09,2746.56,7950.68,1558.16
2020-03-10,2882.23,8344.25,1656.5
2020-03-11,2741.38,7952.05,1562.54
2020-03-12,2480.64,7201.8,1392.11
2020-03-13,2711.02,7874.88,1544.26
2020-03-16,2386.13,6904.59,1298.78
2020-03-17,2529.19,7334.78,1426.52
2020-03-18,2398.1,6989.84,1286.84
2020-03-19,2409.39,7150.58,1341.22
2020-03-20,2304.92,6879.52,1298.54
2020-03-23,2237.4,6860.67,1342.12
2020-03-24,2447.33,7417.86,1491.83
2020-03-25,2475.56,7384.3,1472.57
2020-03-26,2630.07,7797.54,1572.61
2020-03-27,2541.47,7502.38,1488.75
2020-03-30,2626.65,7774.15,1545.31
2020-03-31,2584.59,7700.1,1510.59
2020-04-01,2470.5,7360.58,1427.73
2020-04-02,2526.9,7487.31,1474.61
2020-04-03,2488.65,7373.08,1443.04
2020-04-06,2663.68,7913.24,1592.88
2020-04-07,2659.41,7887.26,1585.38
2020-04-08,2749.98,8090.9,1639.89
2020-04-09,2789.82,8153.58,1601.73
2020-04-13,2761.63,8192.42,1623.68
2020-04-14,2846.06,8515.74,1695.76
2020-04-15,2783.36,8393.18,1647.91
2020-04-16,2799.55,8532.36,1690.87
2020-04-17,2874.56,8650.14,1705.64
2020-04-20,2823.16,8560.73,1667.57
2020-04-21,2736.56,8263.23,1588.7
2020-04-22,2799.31,8495.38,1682.12
2020-04-23,2797.8,8494.75,1664.67
2020-04-24,2836.74,8634.52,1702.56
2020-04-27,2878.48,8730.16,1725.04
2020-04-28,2863.39,8607.73,1713.21
2020-04-29,2939.51,8914.71,1797.76
2020-04-30,2912.43,8889.55,1731.24
2020-05-01,2830.71,8604.95,1644.4
2020-05-04,2842.74,8710.71,1661.3
2020-05-05,2868.44,8809.12,1689.5
2020-05-06,2848.42,8854.39,1707.75
2020-05-07,2881.19,8979.66,1724.93
2020-05-08,2929.8,9121.32,1775.61
2020-05-11,2930.19,9192.34,1774.31
2020-05-12,2870.12,9002.55,1725.24
2020-05-13,2820.0,8863.17,1691.57
2020-05-14,2852.5,8943.72,1739.05
2020-05-15,2863.7,9014.56,1700.89
2020-05-18,2953.91,9234.83,1782.54
2020-05-19,2922.94,9185.1,1775.61
2020-05-20,2971.61,9375.78,1840.79
2020-05-21,2948.51,9284.88,1790.96
2020-05-22,2955.45,9324.59,1802.31
2020-05-26,2991.77,9340.22,1820.51
2020-05-27,3036.13,9412.36,1847.31
2020-05-28,3029.73,9368.99,1804.66
2020-05-29,3044.31,9489.87,1852.49
2020-06-01,3055.73,9552.05,1843.24
2020-06-02,3080.82,9608.38,1883.41
2020-06-03,3122.87,9682.91,1937.47
2020-06-04,3112.35,9615.81,1953.47
2020-06-05,3193.93,9814.08,2003.76
2020-06-08,3232.39,9924.75,1998.62
2020-06-09,3207.18,9953.75,1998.09
2020-06-10,3190.14,10020.35,2004.66
2020-06-11,3002.1,9492.73,1876.66
2020-06-12,3041.31,9588.81,1903.85
2020-06-15,3066.59,9726.02,1931.01
2020-06-16,3124.74,9895.87,1965.69
2020-06-17,3113.49,9910.53,1984.08
2020-06-18,3115.34,9943.05,1980.14
2020-06-19,3097.74,9946.12,1966.79
2020-06-22,3117.86,10056.48,1983.36
2020-06-23,3131.29,10131.37,1987.73
2020-06-24,3050.33,9909.17,1944.3
2020-06-25,3083.76,10017.0,1961.05
2020-06-26,3009.05,9757.22,1921.92
2020-06-29,3053.24,9874.15,1943.9
2020-06-30,3100.29,10058.77,1996.44
2020-07-01,3115.86,10154.63,1966.98
2020-07-02,3130.01,10207.63,1993.61
2020-07-06,3179.72,10433.65,2046.81
2020-07-07,3145.32,10343.89,2019.77
2020-07-08,3169.94,10492.5,2049.76
2020-07-09,3152.05,10547.75,2076.72
2020-07-10,3185.04,10617.44,2069.79
2020-07-13,3155.22,10390.84,2034.14
2020-07-14,3197.52,10488.58,2069.79
2020-07-15,3226.56,10550.49,2064.17
2020-07-16,3215.57,10473.83,2055.92
2020-07-17,3224.73,10503.19,2068.99
2020-07-20,3251.84,10767.09,2110.47
2020-07-21,3257.3,10680.36,2096.59
2020-07-22,3276.02,10706.13,2105.43
2020-07-23,3235.66,10461.42,2070.97
2020-07-24,3215.63,10363.18,2038.71
2020-07-27,3239.41,10536.27,2104.62
2020-07-28,3218.44,10402.09,2060.4
2020-07-29,3258.44,10542.94,2106.3
2020-07-30,3246.22,10587.81,2147.55
2020-07-31,3271.12,10745.27,2136.41
2020-08-03,3294.61,10902.8,2177.27
2020-08-04,3306.51,10941.17,2209.81
2020-08-05,3327.77,10998.4,2207.56
2020-08-06,3349.16,11108.07,2204.94
2020-08-07,3351.28,11010.98,2178.86
2020-08-10,3360.47,10968.36,2179.6
2020-08-11,3333.69,10782.82,2154.79
2020-08-12,3380.35,11012.24,2227.22
2020-08-13,3373.43,11042.5,2202.41
2020-08-14,3372.85,11019.3,2200.81
2020-08-17,3381.99,11129.73,2227.61
2020-08-18,3389.78,11210.84,2214.66
2020-08-19,3374.85,11146.46,2200.77
2020-08-20,3385.51,11264.95,2181.04
2020-08-21,3397.16,11311.8,2198.33
2020-08-24,3431.28,11379.72,2219.37
2020-08-25,3443.62,11466.47,2243.06
2020-08-26,3478.73,11665.06,2250.23
2020-08-27,3484.55,11625.34,2220.15
2020-08-28,3508.01,11695.63,2264.14
2020-08-31,3500.31,11775.46,2260.43
2020-09-01,3526.65,11939.67,2304.68
2020-09-02,3580.84,12056.44,2370.18
2020-09-03,3455.06,11458.1,2234.23
2020-09-04,3426.96,11313.13,2212.73
2020-09-08,3331.84,10847.69,2108.61
2020-09-09,3398.96,11141.56,2169.61
2020-09-10,3339.19,10919.59,2137.78
2020-09-11,3340.97,10853.55,2136.37
2020-09-14,3383.54,11056.65,2181.75
2020-09-15,3401.2,11190.32,2219.19
2020-09-16,3385.49,11050.47,2195.54
2020-09-17,3357.01,10910.28,2194.15
2020-09-18,3319.47,10793.28,2160.97
2020-09-21,3281.06,10778.8,2154.28
2020-09-22,3315.57,10963.64,2180.26
2020-09-23,3236.92,10632.99,2126.69
2020-09-24,3246.59,10672.27,2147.42
2020-09-25,3298.46,10913.56,2177.84
2020-09-28,3351.6,11117.53,2237.64
2020-09-29,3335.47,11085.25,2242.52
2020-09-30,3363.0,11167.51,2244.12
2020-10-01,3380.8,11326.51,2291.77
2020-10-02,3348.42,11075.02,2221.12
2020-10-05,3408.6,11332.49,2295.56
2020-10-06,3360.97,11154.6,2281.09
2020-10-07,3419.44,11364.6,2328.84
2020-10-08,3446.83,11420.98,2356.16
2020-10-09,3477.14,11579.94,2398.04
2020-10-12,3534.22,11876.26,2433.48
2020-10-13,3511.93,11863.9,2430.13
2020-10-14,3488.67,11768.73,2417.2
2020-10-15,3483.34,11713.87,2411.13
2020-10-16,3483.81,11671.56,2399.76
2020-10-19,3426.92,11478.88,2385.85
2020-10-20,3443.12,11516.49,2385.82
2020-10-21,3435.56,11484.69,2367.26
2020-10-22,3453.49,11506.01,2370.45
2020-10-23,3465.39,11548.28,2360.23
2020-10-26,3400.97,11358.94,2308.45
2020-10-27,3390.68,11431.35,2300.91
2020-10-28,3271.03,11004.87,2222.98
2020-10-29,3310.11,11185.59,2283.65
2020-10-30,3269.96,10911.59,2246.15
2020-11-02,3310.24,10957.61,2260.07
2020-11-03,3369.16,11160.57,2302.73
2020-11-04,3443.44,11590.78,2384.22
2020-11-05,3510.45,11890.93,2489.16
2020-11-06,3509.44,11895.23,2529.27
2020-11-09,3550.5,11713.78,2497.59
2020-11-10,3545.53,11553.86,2422.33
2020-11-11,3572.66,11786.43,2511.24
2020-11-12,3537.01,11709.59,2478.43
2020-11-13,3585.15,11829.29,2508.82
2020-11-16,3626.91,11924.13,2570.98
2020-11-17,3609.53,11899.34,2548.96
2020-11-18,3567.79,11801.6,2530.59
2020-11-19,3581.87,11904.71,2570.22
2020-11-20,3557.54,11854.97,2555.5
2020-11-23,3577.59,11880.63,2595.25
2020-11-24,3635.41,12036.79,2609.01
2020-11-25,3629.65,12094.4,2600.24
2020-11-27,3638.35,12205.85,2631.56
2020-11-30,3621.63,12198.74,2663.49
2020-12-01,3662.45,12355.11,2709.73
2020-12-02,3669.01,12349.37,2716.35
2020-12-03,3666.72,12377.18,2716.15
2020-12-04,3699.12,12464.23,2793.03
2020-12-07,3691.96,12519.95,2806.61
2020-12-08,3702.25,12582.77,2816.27
2020-12-09,3672.82,12338.95,2734.77
2020-12-10,3668.1,12405.81,2733.67
2020-12-11,3663.46,12377.87,2704.08
2020-12-14,3647.49,12440.04,2736.25
2020-12-15,3694.62,12595.06,2774.79
2020-12-16,3701.17,12658.19,2773.42
2020-12-17,3722.48,12764.75,2778.14
2020-12-18,3709.41,12755.64,2764.74
2020-12-21,3694.92,12742.52,2747.29
2020-12-22,3687.26,12807.92,2743.97
2020-12-23,3690.01,12771.11,2723.53
2020-12-24,3703.06,12804.73,2750.24
2020-12-28,3735.36,12899.42,2744.3
2020-12-29,3727.04,12850.22,2738.05
2020-12-30,3732.04,12870.0,2783.77
2020-12-31,3756.07,12888.28,2795.5
2021-01-04,3700.65,12698.45,2783.21
2021-01-05,3726.86,12818.96,2837.17
2021-01-06,3748.14,12740.79,2827.96
2021-01-07,3803.79,13067.48,2937.0
2021-01-08,3824.68,13201.98,2936.47
2021-01-11,3799.61,13036.43,2969.92
2021-01-12,3801.19,13072.43,2988.02
2021-01-13,3809.84,13128.95,2991.95
2021-01-14,3795.54,13112.64,3055.64
2021-01-15,3768.25,12998.5,2992.77
2021-01-19,3798.91,13197.18,3093.32
2021-01-20,3851.85,13457.25,3085.04
2021-01-21,3853.07,13530.91,3132.17
2021-01-22,3841.47,13543.06,3074.4
2021-01-25,3855.36,13635.99,3079.21
2021-01-26,3849.62,13626.06,3031.77
2021-01-27,3750.77,13270.6,2875.13
2021-01-28,3787.38,13337.16,2935.12
2021-01-29,3714.24,13070.69,2887.08
2021-02-01,3773.86,13403.39,2999.99
2021-02-02,3826.31,13612.78,3047.33
2021-02-03,3830.17,13610.54,2982.87
2021-02-04,3871.74,13777.74,3008.42
2021-02-05,3886.83,13856.3,2985.01
2021-02-08,3915.59,13987.64,3078.48
2021-02-09,3911.23,14007.7,3064.95
2021-02-10,3909.88,13972.53,3074.86
2021-02-11,3916.38,14025.77,3180.84
2021-02-12,3934.83,14095.47,3219.87
2021-02-16,3932.59,14047.5,3238.92
2021-02-17,3931.33,13965.49,3178.24
2021-02-18,3913.97,13865.36,3146.79
2021-02-19,3906.71,13874.46,3223.46
2021-02-22,3876.5,13533.05,3102.01
2021-02-23,3881.37,13465.2,3083.88
2021-02-24,3925.43,13597.97,3183.74
2021-02-25,3829.34,13119.43,2999.16
2021-02-26,3811.15,13192.35,3067.62
2021-03-01,3901.82,13588.83,3169.11
2021-03-02,3870.29,13358.79,3070.94
2021-03-03,3819.72,12997.75,2975.58
2021-03-04,3768.47,12723.47,2831.63
2021-03-05,3841.94,12920.15,2920.75
2021-03-08,3821.35,12609.16,2762.75
2021-03-09,3875.44,13073.82,2932.21
2021-03-10,3898.81,13068.83,2879.32
2021-03-11,3939.34,13398.67,2997.13
2021-03-12,3943.34,13319.86,2965.09
2021-03-15,3968.94,13459.71,3032.05
2021-03-16,3962.71,13471.57,3070.32
2021-03-17,3974.12,13525.2,3107.92
2021-03-18,3915.46,13116.17,2976.22
2021-03-19,3913.1,13215.24,3011.37
2021-03-22,3940.59,13377.54,3077.55
2021-03-23,3910.52,13227.7,2994.21
2021-03-24,3889.14,12961.89,2953.97
2021-03-25,3909.52,12977.68,2959.88
2021-03-26,3974.54,13138.73,3106.28
2021-03-29,3971.09,13059.65,3054.63
2021-03-30,3958.55,13045.39,3044.55
2021-03-31,3972.89,13246.87,3124.94
2021-04-01,4019.87,13480.11,3240.17
2021-04-05,4077.91,13705.59,3305.43
2021-04-06,4073.94,13698.38,3266.1
2021-04-07,4079.95,13688.84,3266.46
2021-04-08,4097.17,13829.31,3301.26
2021-04-09,4128.8,13900.19,3294.53
2021-04-12,4127.99,13850.0,3258.33
2021-04-13,4141.59,13996.1,3252.7
2021-04-14,4124.66,13857.84,3213.88
2021-04-15,4170.42,14038.76,3271.33
2021-04-16,4185.47,14052.34,3253.08
2021-04-19,4163.26,13914.77,3171.0
2021-04-20,4134.94,13786.27,3121.43
2021-04-21,4173.42,13950.22,3207.25
2021-04-22,4134.98,13818.41,3133.17
2021-04-23,4180.17,14016.81,3196.98
2021-04-26,4187.62,14138.78,3250.26
2021-04-27,4186.72,14090.22,3225.61
2021-04-28,4183.18,14051.03,3178.49
2021-04-29,4211.47,14082.55,3202.5
2021-04-30,4181.17,13962.68,3108.99
2021-05-03,4192.66,13895.12,3073.38
2021-05-04,4164.66,13633.5,3024.31
2021-05-05,4167.59,13582.42,3042.88
2021-05-06,4201.62,13632.84,3066.22
2021-05-07,4232.6,13752.24,3112.03
2021-05-10,4188.43,13401.86,2967.11
2021-05-11,4152.1,13389.43,2976.01
2021-05-12,4063.04,13031.68,2851.15
2021-05-13,4112.5,13124.99,2893.94
2021-05-14,4173.85,13429.98,2981.42
2021-05-17,4163.29,13379.05,2954.63
2021-05-18,4127.83,13303.64,2929.15
2021-05-19,4115.68,13299.74,2987.28
2021-05-20,4159.12,13535.74,3066.11
2021-05-21,4155.86,13470.99,3052.1
2021-05-24,4197.05,13661.17,3122.98
2021-05-25,4188.13,13657.17,3134.67
2021-05-26,4195.99,13738.0,3140.98
2021-05-27,4200.88,13736.28,3159.27
2021-05-28,4204.11,13748.74,3186.56
2021-06-01,4202.04,13736.48,3174.32
2021-06-02,4208.12,13756.33,3196.98
2021-06-03,4192.85,13614.51,3139.19
2021-06-04,4229.89,13814.49,3214.14
2021-06-07,4226.52,13881.72,3191.66
2021-06-08,4227.26,13924.91,3171.22
2021-06-09,4219.55,13911.75,3158.48
2021-06-10,4239.18,14020.33,3196.21
2021-06-11,4247.44,14069.42,3210.06
2021-06-14,4255.15,14174.14,3255.34
2021-06-15,4246.59,14072.86,3225.98
2021-06-16,4223.7,14039.68,3201.01
2021-06-17,4221.86,14161.35,3231.71
2021-06-18,4166.45,14030.38,3152.81
2021-06-21,4224.79,14141.48,3171.99
2021-06-22,4246.44,14253.27,3185.43
2021-06-23,4241.84,14271.73,3197.22
2021-06-24,4266.49,14369.71,3253.8
2021-06-25,4280.7,14360.39,3241.48
2021-06-28,4290.61,14500.51,3323.14
2021-06-29,4291.8,14528.33,3348.87
2021-06-30,4297.5,14503.95,3345.31
2021-07-01,4319.94,14522.38,3295.06
2021-07-02,4352.34,14639.33,3315.83
2021-07-06,4343.54,14663.64,3307.92
2021-07-07,4358.13,14665.06,3261.73
2021-07-08,4320.82,14559.78,3222.81
2021-07-09,4369.55,14701.92,3278.39
2021-07-12,4384.63,14733.24,3319.0
2021-07-13,4369.21,14677.65,3300.81
2021-07-14,4374.3,14644.95,3289.18
2021-07-15,4360.03,14543.13,3217.74
2021-07-16,4327.16,14427.24,3145.45
2021-07-19,4258.49,14274.98,3147.51
2021-07-20,4323.06,14498.88,3190.95
2021-07-21,4358.69,14631.95,3288.75
2021-07-22,4367.48,14684.6,3259.42
2021-07-23,4411.79,14836.99,3280.06
2021-07-26,4422.3,14840.71,3276.92
2021-07-27,4401.46,14660.58,3215.97
2021-07-28,4400.64,14762.58,3272.45
2021-07-29,4419.15,14778.26,3333.24
2021-07-30,4395.26,14672.68,3356.53
2021-08-02,4387.16,14681.07,3377.49
2021-08-03,4423.15,14761.29,3396.66
2021-08-04,4402.66,14780.53,3436.9
2021-08-05,4429.1,14895.12,3424.46
2021-08-06,4436.52,14835.76,3412.05
2021-08-09,4432.35,14860.18,3399.76
2021-08-10,4436.75,14788.09,3358.87
2021-08-11,4442.41,14765.14,3350.93
2021-08-12,4460.83,14816.26,3312.96
2021-08-13,4468.0,14822.9,3335.04
2021-08-16,4479.71,14793.76,3322.64
2021-08-17,4448.08,14656.18,3256.82
2021-08-18,4400.27,14525.91,3208.83
2021-08-19,4405.8,14541.79,3235.87
2021-08-20,4441.67,14714.66,3256.5
2021-08-23,4479.53,14942.65,3342.01
2021-08-24,4486.23,15019.8,3345.39
2021-08-25,4496.19,15041.86,3372.55
2021-08-26,4470.0,14945.81,3370.39
2021-08-27,4509.37,15129.5,3436.45
2021-08-30,4528.79,15265.89,3446.44
2021-08-31,4522.68,15259.24,3417.72
2021-09-01,4524.09,15309.38,3399.95
2021-09-02,4536.95,15331.18,3411.32
2021-09-03,4535.43,15363.52,3430.89
2021-09-07,4520.03,15374.33,3419.73
2021-09-08,4514.07,15286.64,3377.68
2021-09-09,4493.28,15248.25,3390.84
2021-09-10,4458.58,15115.49,3416.66
2021-09-13,4468.73,15105.58,3449.68
2021-09-14,4443.05,15037.76,3449.39
2021-09-15,4480.7,15161.53,3465.76
2021-09-16,4473.75,15181.92,3473.6
2021-09-17,4432.99,15043.97,3421.16
2021-09-20,4357.73,14713.9,3338.23
2021-09-21,4354.19,14746.4,3345.03
2021-09-22,4395.64,14896.85,3412.02
2021-09-23,4448.98,15052.24,3457.45
2021-09-24,4455.48,15047.7,3453.92
2021-09-27,4443.11,14969.97,3445.44
2021-09-28,4352.63,14546.68,3314.39
2021-09-29,4359.46,14512.44,3263.84
2021-09-30,4307.54,14448.58,3258.09
2021-10-01,4357.04,14566.7,3261.18
2021-10-04,4300.46,14255.48,3180.06
2021-10-05,4345.72,14433.83,3227.25
2021-10-06,4363.55,14501.91,3238.79
2021-10-07,4399.76,14654.02,3274.48
2021-10-08,4391.34,14579.54,3246.27
2021-10-11,4361.19,14486.2,3221.23
2021-10-12,4350.65,14465.92,3178.15
2021-10-13,4363.8,14571.64,3192.75
2021-10-14,4438.26,14823.43,3291.24
2021-10-15,4471.37,14897.34,3314.41
2021-10-18,4486.46,15021.81,3338.78
2021-10-19,4519.63,15129.09,3381.45
2021-10-20,4536.19,15121.68,3374.22
2021-10-21,4549.78,15215.7,3412.05
2021-10-22,4544.9,15090.2,3370.28
2021-10-25,4566.48,15226.71,3392.39
2021-10-26,4574.79,15235.71,3392.96
2021-10-27,4551.68,15235.84,3360.29
2021-10-28,4596.42,15448.12,3438.83
2021-10-29,4605.38,15498.39,3451.27
2021-11-01,4613.67,15595.92,3506.28
2021-11-02,4630.65,15649.6,3548.86
2021-11-03,4660.57,15811.58,3590.17
2021-11-04,4680.06,15940.31,3715.76
2021-11-05,4697.53,15971.59,3756.55
2021-11-08,4701.7,15982.36,3803.33
2021-11-09,4685.25,15886.54,3800.57
2021-11-10,4646.71,15622.71,3693.02
2021-11-11,4649.27,15704.28,3764.49
2021-11-12,4682.85,15860.96,3794.5
2021-11-15,4682.8,15853.85,3793.75
2021-11-16,4700.9,15973.86,3859.4
2021-11-17,4688.67,15921.57,3831.44
2021-11-18,4704.54,15993.71,3899.96
2021-11-19,4697.96,16057.44,3912.02
2021-11-22,4682.94,15854.76,3847.12
2021-11-23,4690.7,15775.14,3834.43
2021-11-24,4701.46,15845.23,3870.01
2021-11-26,4594.62,15491.66,3757.13
2021-11-29,4655.27,15782.83,3910.54
2021-11-30,4567.0,15537.69,3833.22
2021-12-01,4513.04,15254.05,3810.75
2021-12-02,4577.1,15381.32,3810.82
2021-12-03,4538.43,15085.47,3804.54
2021-12-06,4591.67,15225.15,3800.07
2021-12-07,4686.75,15686.92,3988.75
2021-12-08,4701.21,15786.99,3964.44
2021-12-09,4667.45,15517.37,3879.52
2021-12-10,4712.02,15630.6,3914.67
2021-12-13,4668.97,15413.28,3814.43
2021-12-14,4634.09,15237.64,3794.41
2021-12-15,4709.85,15565.58,3934.46
2021-12-16,4668.67,15180.43,3766.32
2021-12-17,4620.64,15169.68,3761.04
2021-12-20,4568.02,14980.94,3732.39
2021-12-21,4649.23,15341.09,3857.3
2021-12-22,4696.56,15521.89,3891.92
2021-12-23,4725.79,15653.37,3932.39
2021-12-27,4791.19,15871.26,4039.51
2021-12-28,4786.35,15781.72,3992.19
2021-12-29,4793.06,15766.22,3999.35
2021-12-30,4778.73,15741.56,3952.04
2021-12-31,4766.18,15644.97,3946.17
2022-01-03,4796.56,15832.8,4027.22
2022-01-04,4793.54,15622.72,4009.0
2022-01-05,4700.58,15100.17,3879.87
2022-01-06,4696.05,15080.86,3909.04
2022-01-07,4677.03,14935.9,3796.32
2022-01-10,4670.29,14942.83,3805.39
2022-01-11,4713.07,15153.45,3875.44
2022-01-12,4726.35,15188.39,3901.21
2022-01-13,4659.03,14806.81,3811.84
2022-01-14,4662.85,14893.75,3900.61
2022-01-18,4577.11,14506.9,3727.24
2022-01-19,4532.76,14340.26,3612.19
2022-01-20,4482.73,14154.02,3494.75
2022-01-21,4397.94,13768.92,3434.79
2022-01-24,4410.13,13855.13,3479.95
2022-01-25,4356.45,13539.29,3350.85
2022-01-26,4349.93,13542.12,3407.0
2022-01-27,4326.51,13352.78,3244.0
2022-01-28,4431.85,13770.57,3303.4
2022-01-31,4515.55,14239.88,3483.21
2022-02-01,4546.54,14346.0,3510.86
2022-02-02,4589.38,14417.55,3597.17
2022-02-03,4477.44,13878.82,3432.55
2022-02-04,4500.53,14098.01,3453.07
2022-02-07,4483.87,14015.67,3452.33
2022-02-08,4521.54,14194.45,3535.13
2022-02-09,4587.18,14490.37,3653.72
2022-02-10,4504.08,14185.64,3536.1
2022-02-11,4418.64,13791.15,3365.25
2022-02-14,4401.67,13790.92,3370.2
2022-02-15,4471.07,14139.76,3554.45
2022-02-16,4475.01,14124.09,3555.69
2022-02-17,4380.26,13716.72,3422.6
2022-02-18,4348.87,13548.07,3384.3
2022-02-22,4304.76,13381.52,3356.07
2022-02-23,4225.5,13037.49,3277.8
2022-02-24,4288.7,13473.59,3399.16
2022-02-25,4384.65,13694.62,3452.67
2022-02-28,4373.94,13751.4,3429.53
2022-03-01,4306.26,13532.46,3304.85
2022-03-02,4386.54,13752.02,3416.16
2022-03-03,4363.49,13537.94,3339.76
2022-03-04,4328.87,13313.44,3258.92
2022-03-07,4201.09,12830.96,3098.93
2022-03-08,4170.7,12795.55,3156.87
2022-03-09,4277.88,13255.55,3282.18
2022-03-10,4259.52,13129.96,3211.07
2022-03-11,4204.31,12843.81,3144.15
2022-03-14,4173.11,12581.22,3047.5
2022-03-15,4262.45,12948.62,3180.24
2022-03-16,4357.86,13436.55,3340.07
2022-03-17,4411.67,13614.78,3364.55
2022-03-18,4463.12,13893.84,3432.3
2022-03-21,4461.18,13838.46,3423.24
2022-03-22,4511.61,14108.82,3445.85
2022-03-23,4456.24,13922.6,3360.32
2022-03-24,4520.16,14191.84,3532.72
2022-03-25,4543.06,14169.3,3525.34
2022-03-28,4575.52,14354.9,3547.17
2022-03-29,4631.6,14619.64,3625.58
2022-03-30,4602.45,14442.27,3508.62
2022-03-31,4530.41,14220.52,3429.0
2022-04-01,4545.86,14261.5,3366.64
2022-04-04,4582.64,14532.55,3424.95
2022-04-05,4525.12,14204.17,3269.82
2022-04-06,4481.15,13888.82,3193.96
2022-04-07,4500.21,13897.3,3197.44
2022-04-08,4488.28,13711.0,3120.16
2022-04-11,4412.53,13411.96,3055.09
2022-04-12,4397.45,13371.57,3047.47
2022-04-13,4446.59,13643.59,3119.32
2022-04-14,4392.59,13351.08,3028.22
2022-04-18,4391.69,13332.36,3085.19
2022-04-19,4462.21,13619.66,3153.23
2022-04-20,4459.45,13453.07,3142.2
2022-04-21,4393.66,13174.65,3058.74
2022-04-22,4271.78,12839.29,2989.83
2022-04-25,4296.12,13004.85,3042.39
2022-04-26,4175.2,12490.74,2909.12
2022-04-27,4183.96,12488.93,2894.91
2022-04-28,4287.5,12871.53,3056.36
2022-04-29,4131.93,12334.64,2919.74
2022-05-02,4155.38,12536.02,3022.24
2022-05-03,4175.48,12563.76,3044.89
2022-05-04,4300.17,12964.86,3163.79
2022-05-05,4146.87,12317.69,3005.53
2022-05-06,4123.34,12144.66,2982.06
2022-05-09,3991.24,11623.25,2829.1
2022-05-10,4001.05,11737.67,2900.13
2022-05-11,3935.18,11364.24,2811.94
2022-05-12,3930.08,11370.96,2827.21
2022-05-13,4023.89,11805.0,2970.37
2022-05-16,4008.01,11662.79,2920.06
2022-05-17,4088.85,11984.52,3066.5
2022-05-18,3923.68,11418.15,2907.96
2022-05-19,3900.79,11388.5,2890.33
2022-05-20,3901.36,11354.62,2882.65
2022-05-23,3973.75,11535.27,2898.43
2022-05-24,3941.48,11264.45,2827.05
2022-05-25,3978.73,11434.74,2882.93
2022-05-26,4057.84,11740.65,2994.61
2022-05-27,4158.24,12131.13,3115.35
2022-05-31,4132.15,12081.39,3098.69
2022-06-01,4101.23,11994.46,3049.03
2022-06-02,4176.82,12316.9,3157.98
2022-06-03,4108.54,12012.73,3062.59
2022-06-06,4121.43,12061.37,3062.74
2022-06-07,4160.68,12175.23,3092.97
2022-06-08,4115.77,12086.27,3019.1
2022-06-09,4017.82,11754.23,2937.79
2022-06-10,3900.86,11340.02,2831.98
2022-06-13,3749.63,10809.23,2673.0
2022-06-14,3735.48,10828.35,2689.89
2022-06-15,3789.99,11099.15,2737.55
2022-06-16,3666.77,10646.1,2566.86
2022-06-17,3674.84,10798.35,2578.54
2022-06-21,3764.79,11069.3,2649.37
2022-06-22,3759.89,11053.08,2619.71
2022-06-23,3795.73,11232.19,2602.74
2022-06-24,3911.74,11607.62,2718.47
2022-06-27,3900.11,11524.55,2713.48
2022-06-28,3821.55,11181.54,2642.07
2022-06-29,3818.83,11177.89,2583.98
2022-06-30,3785.38,11028.74,2556.25
2022-07-01,3825.33,11127.85,2458.46
2022-07-05,3831.39,11322.24,2477.64
2022-07-06,3845.08,11361.85,2494.11
2022-07-07,3902.62,11621.35,2605.89
2022-07-08,3899.38,11635.31,2618.02
2022-07-11,3854.43,11372.6,2553.69
2022-07-12,3818.8,11264.73,2558.17
2022-07-13,3801.78,11247.58,2577.36
2022-07-14,3790.38,11251.19,2626.92
2022-07-15,3863.16,11452.42,2693.77
2022-07-18,3830.85,11360.05,2679.57
2022-07-19,3936.69,11713.15,2803.14
2022-07-20,3959.9,11897.65,2872.96
2022-07-21,3998.95,12059.61,2916.81
2022-07-22,3961.63,11834.11,2842.41
2022-07-25,3966.84,11782.67,2825.03
2022-07-26,3921.05,11562.57,2778.96
2022-07-27,4023.61,12032.42,2911.0
2022-07-28,4072.43,12162.59,2944.5
2022-07-29,4130.29,12390.69,2967.14
2022-08-01,4118.63,12368.98,2978.32
2022-08-02,4091.19,12348.76,2974.75
2022-08-03,4155.17,12668.16,3053.46
2022-08-04,4151.94,12720.58,3081.41
2022-08-05,4145.19,12657.55,3053.39
2022-08-08,4140.06,12644.46,3004.34
2022-08-09,4122.47,12493.93,2866.9
2022-08-10,4210.24,12854.8,2988.71
2022-08-11,4207.27,12779.91,2978.7
2022-08-12,4280.15,13047.19,3067.84
2022-08-15,4297.14,13128.05,3077.33
2022-08-16,4305.2,13102.55,3045.64
2022-08-17,4274.04,12938.12,2970.12
2022-08-18,4283.74,12965.34,3037.84
2022-08-19,4228.48,12705.22,2953.34
2022-08-22,4137.99,12381.57,2843.37
2022-08-23,4128.73,12381.3,2864.31
2022-08-24,4140.77,12431.53,2866.18
2022-08-25,4199.12,12639.27,2971.07
2022-08-26,4057.66,12141.71,2798.44
2022-08-29,4030.61,12017.67,2744.5
2022-08-30,3986.16,11883.14,2708.63
2022-08-31,3955.0,11816.2,2677.39
2022-09-01,3966.85,11785.13,2625.95
2022-09-02,3924.26,11630.86,2599.26
2022-09-06,3908.19,11544.91,2571.47
2022-09-07,3979.87,11791.9,2611.5
2022-09-08,4006.18,11862.13,2658.18
2022-09-09,4067.36,12112.31,2721.77
2022-09-12,4110.41,12266.41,2731.09
2022-09-13,3932.69,11633.57,2562.27
2022-09-14,3946.01,11719.68,2591.51
2022-09-15,3901.35,11552.36,2549.54
2022-09-16,3873.33,11448.4,2563.14
2022-09-19,3899.89,11535.02,2577.94
2022-09-20,3855.93,11425.05,2539.5
2022-09-21,3789.93,11220.19,2514.96
2022-09-22,3757.99,11066.81,2444.25
2022-09-23,3693.23,10867.93,2408.9
2022-09-26,3655.04,10802.92,2373.47
2022-09-27,3647.29,10829.5,2398.04
2022-09-28,3719.04,11051.64,2427.26
2022-09-29,3640.47,10737.51,2347.36
2022-09-30,3585.62,10575.62,2306.7
2022-10-03,3678.43,10815.43,2393.32
2022-10-04,3790.93,11176.41,2500.11
2022-10-05,3783.28,11148.64,2523.61
2022-10-06,3744.52,11073.31,2508.84
2022-10-07,3639.66,10652.4,2356.75
2022-10-10,3612.39,10542.1,2275.34
2022-10-11,3588.84,10426.19,2218.49
2022-10-12,3577.03,10417.1,2198.6
2022-10-13,3669.91,10649.15,2263.24
2022-10-14,3583.07,10321.39,2162.32
2022-10-17,3677.95,10675.8,2211.66
2022-10-18,3719.98,10772.4,2220.96
2022-10-19,3695.16,10680.51,2237.74
2022-10-20,3665.78,10614.84,2253.22
2022-10-21,3752.75,10859.72,2336.69
2022-10-24,3797.34,10952.61,2351.55
2022-10-25,3859.11,11199.12,2404.69
2022-10-26,3830.6,10970.99,2376.33
2022-10-27,3807.3,10792.67,2340.6
2022-10-28,3901.06,11102.45,2433.66
2022-10-31,3871.98,10988.15,2384.45
2022-11-01,3856.1,10890.85,2402.75
2022-11-02,3759.69,10524.8,2328.47
2022-11-03,3719.89,10342.94,2292.85
2022-11-04,3770.55,10475.25,2398.24
2022-11-07,3806.8,10564.52,2450.62
2022-11-08,3828.11,10616.2,2503.39
2022-11-09,3748.57,10353.17,2424.82
2022-11-10,3956.37,11114.15,2672.5
2022-11-11,3992.93,11323.33,2754.9
2022-11-14,3957.25,11196.22,2728.05
2022-11-15,3991.73,11358.41,2810.61
2022-11-16,3958.79,11183.66,2690.82
2022-11-17,3946.56,11144.96,2719.1
2022-11-18,3965.34,11146.06,2724.03
2022-11-21,3949.94,11024.51,2675.83
2022-11-22,4003.58,11174.41,2756.82
2022-11-23,4027.26,11285.32,2786.42
2022-11-25,4026.12,11226.36,2751.27
2022-11-28,3963.94,11049.5,2678.78
2022-11-29,3957.63,10983.78,2670.65
2022-11-30,4080.11,11468.0,2826.85
2022-12-01,4076.57,11482.45,2804.7
2022-12-02,4071.7,11461.5,2771.24
2022-12-05,3998.84,11239.94,2738.05
2022-12-06,3941.26,11014.89,2673.53
2022-12-07,3933.92,10958.55,2673.25
2022-12-08,3963.51,11082.0,2744.73
2022-12-09,3934.38,11004.62,2721.02
2022-12-12,3990.56,11143.74,2779.21
2022-12-13,4019.65,11256.81,2821.53
2022-12-14,3995.32,11170.89,2777.27
2022-12-15,3895.75,10810.53,2661.41
2022-12-16,3852.36,10705.41,2636.1
2022-12-19,3817.66,10546.03,2599.86
2022-12-20,3821.62,10547.11,2583.64
2022-12-21,3878.44,10709.37,2644.5
2022-12-22,3822.39,10476.12,2533.33
2022-12-23,3844.82,10497.86,2535.49
2022-12-27,3829.25,10353.23,2490.17
2022-12-28,3783.22,10213.29,2453.49
2022-12-29,3849.28,10478.09,2534.95
2022-12-30,3839.5,10466.48,2532.11
2023-01-03,3824.14,10386.98,2500.99
2023-01-04,3852.97,10458.76,2569.46
2023-01-05,3808.1,10305.24,2518.52
2023-01-06,3895.08,10569.29,2636.1
2023-01-09,3892.09,10635.65,2686.75
2023-01-10,3919.25,10742.63,2721.29
2023-01-11,3969.61,10931.67,2755.36
2023-01-12,3983.17,11001.1,2789.65
2023-01-13,3999.09,11079.16,2800.66
2023-01-17,3990.97,11095.11,2807.48
2023-01-18,3928.86,10957.01,2789.47
2023-01-19,3898.85,10852.27,2710.44
2023-01-20,3972.61,11140.43,2794.69
2023-01-23,4019.81,11364.41,2934.83
2023-01-24,4016.95,11334.27,2913.74
2023-01-25,4016.22,11313.36,2918.99
2023-01-26,4060.43,11512.41,2966.6
2023-01-27,4070.56,11621.71,2945.27
2023-01-30,4017.77,11393.81,2866.69
2023-01-31,4076.6,11584.55,2921.92
2023-02-01,4119.21,11816.32,3073.47
2023-02-02,4179.76,12200.82,3141.84
2023-02-03,4136.48,12006.95,3082.11
2023-02-06,4111.08,11887.45,3029.74
2023-02-07,4164.0,12113.79,3124.15
2023-02-08,4117.86,11910.52,3055.63
2023-02-09,4081.5,11789.58,3059.62
2023-02-10,4090.46,11718.12,3011.15
2023-02-13,4137.29,11891.79,3057.32
2023-02-14,4136.13,11960.15,3121.63
2023-02-15,4147.6,12070.59,3133.07
2023-02-16,4090.41,11855.83,3055.24
2023-02-17,4079.09,11787.27,3005.87
2023-02-21,3997.34,11492.3,2906.26
2023-02-22,3991.05,11507.07,2892.39
2023-02-23,4012.32,11590.4,2988.81
2023-02-24,3970.04,11394.94,2935.11
2023-02-27,3982.24,11466.98,2951.21
2023-02-28,3970.15,11455.54,2958.39
2023-03-01,3951.39,11379.48,2955.83
2023-03-02,3981.35,11462.98,2984.11
2023-03-03,4045.64,11689.01,3028.34
2023-03-06,4048.42,11675.74,2994.59
2023-03-07,3986.37,11530.33,2962.42
2023-03-08,3992.01,11576.0,3041.39
2023-03-09,3918.32,11338.35,2980.21
2023-03-10,3861.59,11138.89,2923.93
2023-03-13,3855.76,11188.84,2921.71
2023-03-14,3919.29,11428.15,3010.15
2023-03-15,3891.93,11434.05,2977.39
2023-03-16,3960.28,11717.28,3098.07
2023-03-17,3916.64,11630.51,3083.52
2023-03-20,3951.57,11675.54,3114.71
2023-03-21,4002.87,11860.11,3116.89
2023-03-22,3936.97,11669.96,3091.71
2023-03-23,3948.72,11787.4,3174.36
2023-03-24,3970.99,11823.96,3121.26
2023-03-27,3977.53,11768.84,3083.58
2023-03-28,3971.27,11716.08,3057.27
2023-03-29,4027.81,11926.24,3157.11
2023-03-30,4050.83,12013.47,3208.26
2023-03-31,4109.31,12221.91,3230.86
2023-04-03,4124.51,12189.45,3200.43
2023-04-04,4100.6,12126.33,3142.5
2023-04-05,4090.38,11996.86,3085.98
2023-04-06,4105.02,12087.96,3071.77
2023-04-10,4109.11,12084.36,3126.97
2023-04-11,4108.94,12031.88,3109.42
2023-04-12,4091.95,11929.34,3052.52
2023-04-13,4146.22,12166.27,3074.94
2023-04-14,4137.64,12123.47,3070.45
2023-04-17,4151.32,12157.72,3066.68
2023-04-18,4154.87,12153.41,3077.72
2023-04-19,4154.52,12157.23,3046.38
2023-04-20,4129.79,12059.56,3046.28
2023-04-21,4133.52,12072.46,3021.44
2023-04-24,4137.04,12037.2,3007.51
2023-04-25,4071.63,11799.16,2906.29
2023-04-26,4055.99,11854.35,2922.99
2023-04-27,4135.35,12142.24,2941.59
2023-04-28,4169.48,12226.58,2994.97
2023-05-01,4167.87,12212.6,3019.09
2023-05-02,4119.58,12080.51,2996.86
2023-05-03,4090.75,12025.33,2957.37
2023-05-04,4061.22,11966.4,2941.63
2023-05-05,4136.25,12235.41,3007.69
2023-05-08,4138.12,12256.92,3024.41
2023-05-09,4119.17,12179.55,2967.84
2023-05-10,4137.64,12306.44,2997.51
2023-05-11,4130.62,12328.51,2978.72
2023-05-12,4124.08,12284.74,2972.85
2023-05-15,4136.28,12365.21,3052.64
2023-05-16,4109.9,12343.05,3048.71
2023-05-17,4158.77,12500.57,3124.68
2023-05-18,4198.05,12688.84,3223.49
2023-05-19,4191.98,12657.9,3203.49
2023-05-22,4192.63,12720.78,3215.04
2023-05-23,4145.58,12560.25,3177.44
2023-05-24,4115.24,12484.16,3124.09
2023-05-25,4151.28,12698.09,3336.72
2023-05-26,4205.45,12975.69,3545.67
2023-05-30,4205.52,13017.43,3549.39
2023-05-31,4179.83,12935.29,3453.18
2023-06-01,4221.02,13100.98,3506.74
2023-06-02,4282.37,13240.77,3501.4
2023-06-05,4273.79,13229.43,3444.12
2023-06-06,4283.85,13276.42,3488.34
2023-06-07,4267.52,13104.9,3477.18
2023-06-08,4293.93,13238.52,3514.32
2023-06-09,4298.86,13259.14,3524.97
2023-06-12,4338.93,13461.92,3641.66
2023-06-13,4369.01,13573.32,3683.66
2023-06-14,4372.59,13626.48,3739.75
2023-06-15,4425.84,13782.82,3708.06
2023-06-16,4409.59,13689.57,3673.14
2023-06-20,4388.71,13667.29,3647.56
2023-06-21,4365.69,13502.2,3549.73
2023-06-22,4381.89,13630.61,3569.87
2023-06-23,4348.33,13492.52,3506.71
2023-06-26,4328.82,13335.78,3515.77
2023-06-27,4378.41,13555.67,3642.41
2023-06-28,4376.86,13591.75,3609.48
2023-06-29,4396.44,13591.33,3614.18
2023-06-30,4450.38,13787.92,3673.06
2023-07-03,4455.59,13816.77,3703.62
2023-07-05,4446.82,13791.65,3622.32
2023-07-06,4411.59,13679.04,3577.49
2023-07-07,4398.95,13660.72,3577.73
2023-07-10,4409.53,13685.48,3651.6
2023-07-11,4439.26,13760.7,3653.53
2023-07-12,4472.16,13918.96,3721.47
2023-07-13,4510.04,14138.57,3797.13
2023-07-14,4505.42,14113.7,3750.41
2023-07-17,4522.79,14244.95,3837.31
2023-07-18,4554.98,14353.64,3842.36
2023-07-19,4565.72,14358.02,3801.66
2023-07-20,4534.87,14063.31,3663.85
2023-07-21,4536.34,14032.81,3698.85
2023-07-24,4554.64,14058.87,3692.32
2023-07-25,4567.46,14144.56,3755.27
2023-07-26,4566.75,14127.28,3699.37
2023-07-27,4537.41,14050.11,3768.27
2023-07-28,4582.23,14316.66,3851.76
2023-07-31,4588.96,14346.02,3861.63
2023-08-01,4576.73,14283.91,3858.21
2023-08-02,4513.39,13973.45,3711.6
2023-08-03,4501.89,13959.72,3708.08
2023-08-04,4478.03,13909.24,3699.2
2023-08-07,4518.44,13994.4,3739.41
2023-08-08,4499.38,13884.32,3679.42
2023-08-09,4467.71,13722.02,3610.48
2023-08-10,4468.83,13737.99,3597.02
2023-08-11,4464.05,13644.85,3514.55
2023-08-14,4489.72,13788.33,3615.45
2023-08-15,4437.86,13631.05,3553.96
2023-08-16,4404.33,13474.63,3480.08
2023-08-17,4370.36,13316.93,3446.35
2023-08-18,4369.71,13290.78,3462.74
2023-08-21,4399.77,13497.59,3560.74
2023-08-22,4387.55,13505.87,3527.69
2023-08-23,4436.01,13721.03,3602.01
2023-08-24,4376.31,13463.97,3481.3
2023-08-25,4405.71,13590.65,3495.65
2023-08-28,4433.31,13705.13,3537.87
2023-08-29,4497.63,13943.76,3629.57
2023-08-30,4514.87,14019.31,3643.92
2023-08-31,4507.66,14034.97,3670.93
2023-09-01,4515.77,14031.81,3682.84
2023-09-05,4496.83,14020.95,3683.79
2023-09-06,4465.48,13872.47,3654.46
2023-09-07,4451.14,13748.83,3582.11
2023-09-08,4457.49,13761.53,3565.99
2023-09-11,4487.46,13917.89,3569.23
2023-09-12,4461.9,13773.61,3541.09
2023-09-13,4467.44,13813.59,3560.46
2023-09-14,4505.1,13926.05,3584.23
2023-09-15,4450.32,13708.33,3476.39
2023-09-18,4453.53,13710.24,3492.47
2023-09-19,4443.95,13678.19,3459.02
2023-09-20,4402.2,13469.13,3398.81
2023-09-21,4330.0,13223.98,3338.85
2023-09-22,4320.06,13211.81,3365.29
2023-09-25,4337.44,13271.32,3389.46
2023-09-26,4273.53,13063.61,3329.62
2023-09-27,4274.51,13092.85,3361.41
2023-09-28,4299.7,13201.28,3420.99
2023-09-29,4288.05,13219.32,3434.29
2023-10-02,4288.39,13307.77,3448.85
2023-10-03,4229.45,13059.47,3376.58
2023-10-04,4263.75,13236.01,3424.92
2023-10-05,4258.19,13219.83,3406.98
2023-10-06,4308.5,13431.34,3475.21
2023-10-09,4335.66,13484.24,3467.35
2023-10-10,4358.24,13562.84,3512.07
2023-10-11,4376.95,13659.68,3537.83
2023-10-12,4349.61,13574.22,3548.62
2023-10-13,4327.78,13407.23,3452.97
2023-10-16,4373.63,13567.98,3502.51
2023-10-17,4373.2,13533.75,3474.66
2023-10-18,4314.6,13314.3,3413.45
2023-10-19,4278.0,13186.18,3367.77
2023-10-20,4224.16,12983.81,3316.14
2023-10-23,4217.04,13018.33,3298.54
2023-10-24,4247.68,13139.87,3343.94
2023-10-25,4186.77,12821.22,3205.84
2023-10-26,4137.23,12595.61,3188.42
2023-10-27,4117.37,12643.01,3227.09
2023-10-30,4166.82,12789.48,3185.18
2023-10-31,4193.8,12851.24,3215.89
2023-11-01,4237.86,13061.47,3290.95
2023-11-02,4317.78,13294.19,3368.54
2023-11-03,4358.34,13478.28,3454.57
2023-11-06,4365.98,13518.78,3444.89
2023-11-07,4378.38,13639.86,3471.46
2023-11-08,4382.78,13650.41,3472.67
2023-11-09,4347.35,13521.45,3452.34
2023-11-10,4415.24,13798.11,3591.74
2023-11-13,4411.55,13767.74,3556.75
2023-11-14,4495.7,14094.38,3685.57
2023-11-15,4502.88,14103.84,3712.09
2023-11-16,4508.24,14113.67,3724.1
2023-11-17,4514.02,14125.48,3748.65
2023-11-20,4547.38,14284.53,3805.81
2023-11-21,4538.19,14199.98,3732.79
2023-11-22,4556.62,14265.86,3744.96
2023-11-24,4559.34,14250.85,3747.93
2023-11-27,4550.43,14241.02,3739.31
2023-11-28,4554.89,14281.76,3718.35
2023-11-29,4550.58,14258.49,3753.36
2023-11-30,4567.8,14226.22,3724.58
2023-12-01,4594.63,14305.03,3738.27
2023-12-04,4569.78,14185.49,3693.44
2023-12-05,4567.18,14229.91,3672.4
2023-12-06,4549.34,14146.71,3645.82
2023-12-07,4585.59,14339.99,3747.54
2023-12-08,4604.37,14403.97,3774.17
2023-12-11,4622.44,14432.49,3902.39
2023-12-12,4643.7,14533.4,3930.18
2023-12-13,4707.09,14733.96,3990.95
2023-12-14,4719.55,14761.56,4097.47
2023-12-15,4719.19,14813.92,4117.0
2023-12-18,4740.56,14904.81,4103.79
2023-12-19,4768.37,15003.22,4125.56
2023-12-20,4698.35,14777.94,4007.66
2023-12-21,4746.75,14963.87,4118.59
2023-12-22,4754.63,14992.97,4132.85
2023-12-26,4774.75,15074.57,4207.45
2023-12-27,4781.58,15099.18,4214.59
2023-12-28,4783.35,15095.14,4208.68
2023-12-29,4769.83,15011.35,4175.47
2024-01-02,4742.83,14765.94,4023.04
2024-01-03,4704.81,14592.21,3941.21
2024-01-04,4688.68,14510.3,3908.85
2024-01-05,4697.24,14524.07,3933.49
2024-01-08,4763.54,14843.77,4062.48
2024-01-09,4756.5,14857.71,4064.65
2024-01-10,4783.45,14969.65,4048.84
2024-01-11,4780.24,14970.19,4067.9
2024-01-12,4783.83,14972.76,4052.43
2024-01-16,4765.98,14944.35,4105.94
2024-01-17,4739.21,14855.62,4069.95
2024-01-18,4780.94,15055.65,4206.52
2024-01-19,4839.81,15310.97,4375.65
2024-01-22,4850.43,15360.29,4386.6
2024-01-23,4864.6,15425.94,4415.26
2024-01-24,4868.55,15481.92,4483.33
2024-01-25,4894.16,15510.5,4472.26
2024-01-26,4890.97,15455.36,4342.1
2024-01-29,4927.93,15628.04,4388.27
2024-01-30,4924.97,15509.9,4319.99
2024-01-31,4845.65,15164.01,4260.92
2024-02-01,4906.19,15361.64,4280.48
2024-02-02,4958.61,15628.95,4336.73
2024-02-05,4942.81,15597.68,4388.1
2024-02-06,4954.23,15609.0,4338.27
2024-02-07,4995.06,15756.64,4408.73
2024-02-08,4997.91,15793.71,4478.01
2024-02-09,5026.61,15990.66,4567.3
2024-02-12,5021.84,15942.55,4560.04
2024-02-13,4953.17,15655.6,4468.18
2024-02-14,5000.62,15859.15,4565.41
2024-02-15,5029.73,15906.17,4558.1
2024-02-16,5005.57,15775.65,4527.68
2024-02-20,4975.51,15630.78,4456.87
2024-02-21,4981.8,15580.87,4446.36
2024-02-22,5087.03,16041.62,4667.37
2024-02-23,5088.8,15996.82,4615.03
2024-02-26,5069.53,15976.25,4663.47
2024-02-27,5078.18,16035.3,4654.89
2024-02-28,5069.76,15947.74,4602.6
2024-02-29,5096.27,16091.92,4726.92
2024-03-01,5137.08,16274.94,4929.58
2024-03-04,5130.95,16207.51,4981.97
2024-03-05,5078.65,15939.59,4879.83
2024-03-06,5104.76,16031.54,4997.93
2024-03-07,5157.36,16273.38,5165.83
2024-03-08,5123.69,16085.11,4957.78
2024-03-11,5117.94,16019.27,4890.2
2024-03-12,5175.27,16265.64,4992.51
2024-03-13,5165.31,16177.77,4868.95
2024-03-14,5150.48,16128.53,4783.65
2024-03-15,5117.09,15973.17,4757.71
2024-03-18,5149.42,16103.45,4757.6
2024-03-19,5178.51,16166.79,4712.81
2024-03-20,5224.62,16369.41,4788.18
2024-03-21,5241.53,16401.84,4897.88
2024-03-22,5234.18,16428.82,4908.26
2024-03-25,5218.19,16384.47,4891.49
2024-03-26,5203.58,16315.7,4851.88
2024-03-27,5248.49,16399.52,4899.95
2024-03-28,5254.35,16379.46,4905.21
2024-04-01,5243.77,16396.83,4962.1
2024-04-02,5205.81,16240.45,4886.94
2024-04-03,5211.49,16277.46,4903.5
2024-04-04,5147.21,16049.08,4756.07
2024-04-05,5204.34,16248.52,4819.13
2024-04-08,5202.39,16253.96,4825.39
2024-04-09,5209.91,16306.64,4870.81
2024-04-10,5160.64,16170.36,4790.35
2024-04-11,5199.06,16442.2,4906.37
2024-04-12,5123.41,16175.09,4745.05
2024-04-15,5061.82,15885.02,4679.1
2024-04-16,5051.41,15865.25,4720.53
2024-04-17,5022.21,15683.37,4567.31
2024-04-18,5011.12,15601.5,4491.71
2024-04-19,4967.23,15282.01,4306.87
2024-04-22,5010.6,15451.31,4381.92
2024-04-23,5070.55,15696.64,4478.8
2024-04-24,5071.63,15712.75,4526.2
2024-04-25,5048.42,15611.76,4615.04
2024-04-26,5099.96,15927.9,4735.29
2024-04-29,5116.17,15983.08,4765.79
2024-04-30,5035.69,15657.82,4673.3
2024-05-01,5018.39,15605.48,4507.68
2024-05-02,5064.2,15840.96,4605.35
2024-05-03,5127.79,16156.33,4716.19
2024-05-06,5180.74,16349.25,4820.45
2024-05-07,5187.7,16332.56,4784.88
2024-05-08,5187.67,16302.76,4790.38
2024-05-09,5214.08,16346.26,4759.77
2024-05-10,5222.68,16340.87,4808.03
2024-05-13,5221.42,16388.24,4823.09
2024-05-14,5246.68,16511.18,4903.93
2024-05-15,5308.15,16742.39,5045.08
2024-05-16,5297.1,16698.32,5017.54
2024-05-17,5303.27,16685.97,4983.02
2024-05-20,5308.13,16794.87,5090.35
2024-05-21,5321.41,16832.62,5074.4
2024-05-22,5307.01,16801.54,5126.81
2024-05-23,5267.84,16736.03,5125.98
2024-05-24,5304.72,16920.79,5220.92
2024-05-28,5306.04,17019.88,5317.87
2024-05-29,5266.95,16920.58,5219.32
2024-05-30,5235.48,16737.08,5173.26
2024-05-31,5277.51,16735.02,5123.36
2024-06-03,5283.4,16828.67,5152.51
2024-06-04,5291.34,16857.05,5116.27
2024-06-05,5354.03,17187.9,5347.44
2024-06-06,5352.96,17173.12,5301.68
2024-06-07,5346.99,17133.13,5287.24
2024-06-10,5360.79,17192.53,5362.4
2024-06-11,5375.32,17343.55,5365.38
2024-06-12,5421.03,17608.44,5520.87
2024-06-13,5433.74,17667.56,5602.42
2024-06-14,5431.6,17688.88,5598.31
2024-06-17,5473.23,17857.02,5688.1
2024-06-18,5487.03,17862.23,5765.12
2024-06-20,5473.17,17721.59,5610.01
2024-06-21,5464.62,17689.36,5538.54
2024-06-24,5447.87,17496.82,5371.52
2024-06-25,5469.3,17717.65,5467.66
2024-06-26,5477.9,17805.16,5452.32
2024-06-27,5482.87,17858.68,5421.09
2024-06-28,5460.48,17732.6,5472.26
2024-07-01,5475.09,17879.3,5477.15
2024-07-02,5509.01,18028.76,5544.99
2024-07-03,5537.02,18188.3,5651.72
2024-07-05,5567.19,18352.76,5656.31
2024-07-08,5572.85,18403.74,5765.21
2024-07-09,5576.98,18429.29,5765.2
2024-07-10,5633.91,18647.45,5904.54
2024-07-11,5584.54,18283.41,5699.66
2024-07-12,5615.35,18398.45,5775.19
2024-07-15,5631.22,18472.57,5777.71
2024-07-16,5667.2,18509.34,5804.03
2024-07-17,5588.27,17996.92,5408.71
2024-07-18,5544.59,17871.22,5436.42
2024-07-19,5505.0,17726.94,5267.16
2024-07-22,5564.41,18007.57,5477.83
2024-07-23,5555.74,17997.35,5397.9
2024-07-24,5427.13,17342.41,5105.65
2024-07-25,5399.22,17181.72,5005.36
2024-07-26,5459.1,17357.88,5103.13
2024-07-29,5463.54,17370.2,5087.62
2024-07-30,5436.44,17147.42,4890.15
2024-07-31,5522.3,17599.4,5233.18
2024-08-01,5446.68,17194.15,4859.59
2024-08-02,5346.56,16776.16,4607.76
2024-08-05,5186.33,16200.08,4519.45
2024-08-06,5240.03,16366.85,4567.57
2024-08-07,5199.5,16195.81,4426.27
2024-08-08,5319.31,16660.02,4730.01
2024-08-09,5344.16,16745.3,4709.45
2024-08-12,5344.39,16780.61,4743.82
2024-08-13,5434.43,17187.61,4942.31
2024-08-14,5455.21,17192.6,4933.35
2024-08-15,5543.22,17594.5,5173.38
2024-08-16,5554.25,17631.72,5170.25
2024-08-19,5608.25,17876.77,5266.57
2024-08-20,5597.12,17816.94,5196.3
2024-08-21,5620.85,17918.99,5267.93
2024-08-22,5570.64,17619.35,5086.9
2024-08-23,5634.61,17877.79,5228.65
2024-08-26,5616.84,17725.77,5097.35
2024-08-27,5625.8,17754.82,5153.63
2024-08-28,5592.18,17556.03,5059.56
2024-08-29,5591.96,17516.43,5029.25
2024-08-30,5648.4,17713.62,5158.82
2024-09-03,5528.93,17136.3,4759.0
2024-09-04,5520.07,17084.3,4770.85
2024-09-05,5503.41,17127.66,4742.42
2024-09-06,5408.42,16690.83,4528.22
2024-09-09,5471.05,16884.6,4625.78
2024-09-10,5495.52,17025.88,4680.67
2024-09-11,5554.13,17395.53,4910.17
2024-09-12,5595.76,17569.68,4898.44
2024-09-13,5626.02,17683.98,4980.49
2024-09-16,5633.09,17592.13,4910.44
2024-09-17,5634.58,17628.06,4912.1
2024-09-18,5618.26,17573.3,4859.29
2024-09-19,5713.64,18013.98,5066.65
2024-09-20,5702.55,17948.32,5000.06
2024-09-23,5718.57,17974.27,5025.81
2024-09-24,5732.93,18074.52,5091.78
2024-09-25,5722.26,18082.21,5132.52
2024-09-26,5745.37,18190.29,5310.5
2024-09-27,5738.17,18119.59,5217.23
2024-09-30,5762.48,18189.17,5173.06
2024-10-01,5708.75,17910.36,5024.94
2024-10-02,5709.54,17925.12,5099.2
2024-10-03,5699.94,17918.48,5125.21
2024-10-04,5751.07,18137.85,5206.84
2024-10-07,5695.94,17923.9,5196.8
2024-10-08,5751.13,18182.92,5266.1
2024-10-09,5792.04,18291.62,5321.9
2024-10-10,5780.05,18282.05,5293.94
2024-10-11,5815.03,18342.94,5335.94
2024-10-14,5859.85,18502.69,5432.21
2024-10-15,5815.26,18315.59,5145.21
2024-10-16,5842.47,18367.08,5155.86
2024-10-17,5841.47,18373.61,5204.81
2024-10-18,5864.67,18489.55,5208.62
2024-10-21,5853.98,18540.01,5215.21
2024-10-22,5851.2,18579.77,5190.71
2024-10-23,5797.42,18276.65,5131.37
2024-10-24,5809.86,18415.49,5157.61
2024-10-25,5808.12,18518.61,5212.83
2024-10-28,5823.52,18567.19,5211.67
2024-10-29,5832.92,18712.75,5332.17
2024-10-30,5813.67,18607.93,5153.49
2024-10-31,5705.45,18095.15,4946.75
2024-11-01,5728.8,18239.92,5001.43
2024-11-04,5712.69,18179.98,4974.0
2024-11-05,5782.76,18439.17,5057.83
2024-11-06,5929.04,18983.47,5215.57
2024-11-07,5973.1,19269.46,5333.99
2024-11-08,5995.54,19286.78,5290.52
2024-11-11,6001.35,19298.76,5156.39
2024-11-12,5983.99,19281.4,5108.64
2024-11-13,5985.38,19230.72,5006.29
2024-11-14,5949.17,19107.65,5004.59
2024-11-15,5870.62,18680.12,4833.59
2024-11-18,5893.62,18791.81,4888.77
2024-11-19,5916.98,18987.47,4919.16
2024-11-20,5917.11,18966.14,4884.25
2024-11-21,5948.71,18972.42,4963.05
2024-11-22,5969.34,19003.65,4955.8
2024-11-25,5987.37,19054.84,4987.92
2024-11-26,6021.63,19174.3,4927.56
2024-11-27,5998.74,19060.48,4853.01
2024-11-29,6032.38,19218.17,4926.56
2024-12-02,6047.15,19403.95,5055.32
2024-12-03,6049.88,19480.91,5035.86
2024-12-04,6086.49,19735.12,5121.78
2024-12-05,6075.11,19700.26,5026.37
2024-12-06,6090.27,19859.77,5061.3
2024-12-09,6052.85,19736.69,5018.84
2024-12-10,6034.91,19687.24,4894.7
2024-12-11,6084.19,20034.89,5027.8
2024-12-12,6051.25,19902.84,4982.19
2024-12-13,6051.09,19926.72,5149.78
2024-12-16,6074.08,20173.89,5256.06
2024-12-17,6050.61,20109.06,5169.79
2024-12-18,5872.16,19392.69,4970.98
2024-12-19,5867.08,19372.77,4893.47
2024-12-20,5930.85,19572.6,4964.91
2024-12-23,5974.07,19764.88,5118.75
2024-12-24,6040.04,20031.13,5173.56
2024-12-26,6037.59,20020.36,5175.31
2024-12-27,5970.84,19722.03,5122.97
2024-12-30,5906.94,19486.79,5026.51
2024-12-31,5881.63,19310.79,4979.93
2025-01-02,5868.55,19280.79,5021.5
2025-01-03,5942.47,19621.68,5163.65
2025-01-06,5975.38,19864.98,5310.14
2025-01-07,5909.03,19489.68,5212.25
2025-01-08,5918.25,19478.88,5162.35
2025-01-10,5827.04,19161.63,5037.47
2025-01-13,5836.22,19088.1,5020.04
2025-01-14,5842.91,19044.39,5045.95
2025-01-15,5949.91,19511.23,5153.67
2025-01-16,5937.34,19338.29,5162.96
2025-01-17,5996.66,19630.2,5309.74
2025-01-21,6049.24,19756.78,5378.5
2025-01-22,6086.37,20009.34,5469.29
2025-01-23,6118.71,20053.68,5444.69
2025-01-24,6101.24,19954.3,5341.94
2025-01-27,6012.28,19341.83,4853.24
2025-01-28,6067.7,19733.59,4907.03
2025-01-29,6039.31,19632.32,4918.1
2025-01-30,6071.17,19681.75,5030.53
2025-01-31,6040.53,19627.44,5015.85
2025-02-03,5994.57,19391.96,4924.81
2025-02-04,6037.88,19654.02,4976.59
2025-02-05,6061.48,19692.33,5091.5
2025-02-06,6083.57,19791.99,5092.59
2025-02-07,6025.99,19523.4,5009.34
2025-02-10,6066.44,19714.27,5082.67
2025-02-11,6068.5,19643.86,5079.97
2025-02-12,6051.97,19649.95,5090.79
2025-02-13,6115.07,19945.64,5156.39
2025-02-14,6114.63,20026.77,5160.94
2025-02-18,6129.58,20041.26,5247.86
2025-02-19,6144.15,20056.25,5309.69
2025-02-20,6117.52,19962.36,5310.63
2025-02-21,6013.13,19524.01,5136.59
2025-02-24,5983.25,19286.93,5003.54
2025-02-25,5955.25,19026.39,4888.88
2025-02-26,5956.06,19075.26,4990.82
2025-02-27,5861.57,18544.42,4686.75
2025-02-28,5954.5,18847.28,4766.75
2025-03-03,5849.72,18350.19,4575.37
2025-03-04,5778.15,18285.16,4604.51
2025-03-05,5842.63,18552.73,4700.79
2025-03-06,5738.52,18069.26,4487.85
2025-03-07,5770.2,18196.22,4629.59
2025-03-10,5614.56,17468.32,4405.09
2025-03-11,5572.07,17436.1,4374.07
2025-03-12,5599.3,17648.45,4481.02
2025-03-13,5521.52,17303.01,4453.24
2025-03-14,5638.94,17754.09,4598.79
2025-03-17,5675.12,17808.66,4663.97
2025-03-18,5614.66,17504.12,4589.03
2025-03-19,5675.29,17750.79,4634.53
2025-03-20,5662.89,17691.63,4601.37
2025-03-21,5667.56,17784.05,4557.95
2025-03-24,5767.57,18188.59,4694.22
2025-03-25,5776.65,18271.86,4661.34
2025-03-26,5712.2,17899.02,4508.74
2025-03-27,5693.31,17804.03,4415.25
2025-03-28,5580.94,17322.99,4284.91
2025-03-31,5611.85,17299.29,4270.43
2025-04-01,5633.07,17449.89,4282.46
2025-04-02,5670.97,17601.05,4320.75
2025-04-03,5396.52,16550.61,3893.69
2025-04-04,5074.08,15587.79,3597.66
2025-04-07,5062.25,15603.26,3694.95
2025-04-08,4982.77,15267.91,3562.94
2025-04-09,5456.9,17124.97,4230.45
2025-04-10,5268.05,16387.31,3893.3
2025-04-11,5363.36,16724.46,3990.9
2025-04-14,5405.97,16831.48,4003.22
2025-04-15,5396.63,16823.17,4021.89
2025-04-16,5275.7,16307.16,3857.17
2025-04-17,5282.7,16286.45,3832.47
2025-04-21,5158.2,15870.9,3751.91
2025-04-22,5287.76,16300.42,3832.05
2025-04-23,5375.86,16708.05,3983.92
2025-04-24,5484.77,17166.04,4208.19
2025-04-25,5525.21,17382.94,4251.61
2025-04-28,5528.75,17366.13,4235.62
2025-04-29,5560.83,17461.32,4196.75
2025-04-30,5569.06,17446.34,4230.09
2025-05-01,5604.14,17710.74,4247.66
2025-05-02,5686.67,17977.73,4397.05
2025-05-05,5650.38,17844.24,4356.18
2025-05-06,5606.91,17689.66,4311.2
2025-05-07,5631.28,17738.16,4386.36
2025-05-08,5663.94,17928.14,4430.44
2025-05-09,5659.91,17928.92,4466.5
2025-05-12,5844.19,18708.34,4780.93
2025-05-13,5886.55,19010.09,4931.35
2025-05-14,5892.58,19146.81,4960.73
2025-05-15,5916.93,19112.32,4932.45
2025-05-16,5958.38,19211.1,4922.19
2025-05-19,5963.6,19215.46,4897.71
2025-05-20,5940.46,19142.71,4890.78
2025-05-21,5844.61,18872.64,4802.71
2025-05-22,5842.01,18925.74,4775.47
2025-05-23,5802.82,18737.21,4702.38
2025-05-27,5921.54,19199.16,4861.09
2025-05-28,5888.55,19100.94,4834.42
2025-05-29,5912.17,19175.87,4860.48
2025-05-30,5911.69,19113.77,4758.06
2025-06-02,5935.94,19242.61,4832.79
2025-06-03,5970.37,19398.96,4964.41
2025-06-04,5970.81,19460.49,5033.35
2025-06-05,5939.3,19298.45,5010.92
2025-06-06,6000.36,19529.95,5038.06
2025-06-09,6005.88,19591.24,5136.66
2025-06-10,6038.81,19714.99,5242.5
2025-06-11,6022.24,19615.88,5232.53
2025-06-12,6045.26,19662.49,5249.15
2025-06-13,5976.97,19406.83,5112.24
2025-06-16,6033.11,19701.21,5267.3
2025-06-17,5982.72,19521.09,5223.65
2025-06-18,5980.87,19546.27,5251.02
2025-06-20,5967.84,19447.41,5211.48
2025-06-23,6025.17,19630.97,5244.3
2025-06-24,6092.18,19912.53,5441.87
2025-06-25,6092.16,19973.55,5493.3
2025-06-26,6141.02,20167.91,5541.46
2025-06-27,6173.07,20273.46,5544.99
2025-06-30,6204.95,20369.73,5546.54
2025-07-01,6198.01,20202.89,5507.5
2025-07-02,6227.42,20393.13,5611.05
2025-07-03,6279.35,20601.1,5647.12
2025-07-07,6229.98,20412.52,5541.2
2025-07-08,6225.52,20418.46,5641.22
2025-07-09,6263.26,20611.34,5665.99
2025-07-10,6280.46,20630.66,5708.28
2025-07-11,6259.75,20585.53,5696.29
2025-07-14,6268.56,20640.33,5646.72
2025-07-15,6243.76,20677.8,5718.61
2025-07-16,6263.7,20730.49,5696.21
2025-07-17,6297.36,20885.65,5737.64
2025-07-18,6296.79,20895.65,5732.62
2025-07-21,6305.6,20974.18,5739.42
2025-07-22,6309.62,20892.69,5638.71
2025-07-23,6358.91,21020.02,5637.79
2025-07-24,6363.35,21057.96,5644.37
2025-07-25,6388.64,21108.32,5645.86
2025-07-28,6389.77,21178.58,5737.1
2025-07-29,6370.86,21098.29,5739.79
2025-07-30,6362.9,21129.67,5787.32
2025-07-31,6339.39,21122.45,5607.92
2025-08-01,6238.01,20650.13,5527.61
2025-08-04,6329.94,21053.58,5624.41
2025-08-05,6299.19,20916.55,5561.69
2025-08-06,6345.06,21169.42,5550.3
2025-08-07,6340.0,21242.7,5633.7
2025-08-08,6389.45,21450.02,5678.02
2025-08-11,6373.45,21385.4,5670.37
2025-08-12,6445.76,21681.9,5840.09
2025-08-13,6466.58,21713.14,5892.61
2025-08-14,6468.54,21710.67,5885.49
2025-08-15,6449.8,21622.98,5752.74
2025-08-18,6449.15,21629.77,5776.31
2025-08-19,6411.37,21314.95,5671.51
2025-08-20,6395.78,21172.86,5630.82
2025-08-21,6370.17,21100.31,5603.26
2025-08-22,6466.91,21496.54,5754.46
2025-08-25,6439.32,21449.29,5756.3
2025-08-26,6465.94,21544.27,5807.92
2025-08-27,6481.4,21590.14,5824.61
2025-08-28,6501.86,21705.16,5853.05
2025-08-29,6460.26,21455.55,5668.94
2025-09-02,6415.54,21279.63,5605.46
2025-09-03,6448.26,21497.73,5592.82
2025-09-04,6502.08,21707.69,5667.86
2025-09-05,6481.5,21700.39,5761.4
2025-09-08,6495.15,21798.7,5809.61
2025-09-09,6512.61,21879.49,5819.83
2025-09-10,6532.04,21886.06,5958.09
2025-09-11,6587.47,22043.07,5995.39
2025-09-12,6584.29,22141.1,6001.74
2025-09-15,6615.28,22348.75,6059.83
2025-09-16,6606.76,22333.96,6079.22
2025-09-17,6600.35,22261.33,6060.22
2025-09-18,6631.96,22470.72,6278.16
2025-09-19,6664.36,22631.48,6232.25
2025-09-22,6693.75,22788.98,6330.12
2025-09-23,6656.92,22573.47,6308.21
2025-09-24,6637.97,22497.86,6297.0
2025-09-25,6604.72,22384.7,6284.67
2025-09-26,6643.7,22484.07,6305.05
2025-09-29,6661.21,22591.15,6315.11
2025-09-30,6688.46,22660.01,6369.82
2025-10-01,6711.2,22755.16,6500.28
2025-10-02,6715.35,22844.05,6626.38
2025-10-03,6715.79,22780.51,6583.74
2025-10-06,6740.28,22941.67,6774.06
2025-10-07,6714.59,22788.36,6634.76
2025-10-08,6753.72,23043.38,6860.2
2025-10-09,6735.11,23024.63,6840.2
2025-10-10,6552.51,22204.43,6407.6
2025-10-13,6654.72,22694.61,6723.47
2025-10-14,6644.31,22521.7,6570.33
2025-10-15,6671.06,22670.08,6767.06
2025-10-16,6629.07,22562.54,6800.02
2025-10-17,6664.01,22679.97,6777.98
2025-10-20,6735.13,22990.54,6885.03
2025-10-21,6735.35,22953.67,6839.27
2025-10-22,6699.4,22740.4,6677.57
2025-10-23,6738.44,22941.8,6847.39
2025-10-24,6791.69,23204.87,6976.94
2025-10-27,6875.16,23637.46,7167.98
2025-10-28,6890.89,23827.49,7194.71
2025-10-29,6890.59,23958.47,7327.93
2025-10-30,6822.34,23581.14,7216.0
2025-10-31,6840.2,23724.96,7228.66
2025-11-03,6851.97,23834.72,7270.97
2025-11-04,6771.55,23348.64,6979.57
2025-11-05,6796.29,23499.8,7190.27
2025-11-06,6720.32,23053.99,7018.39
2025-11-07,6728.8,23004.54,6947.36
2025-11-10,6832.43,23527.17,7156.95
2025-11-11,6846.61,23468.3,6979.7
2025-11-12,6850.92,23406.46,7082.13
2025-11-13,6737.49,22870.36,6818.74
2025-11-14,6734.11,22900.59,6811.2
2025-11-17,6672.41,22708.07,6705.74
2025-11-18,6617.32,22432.85,6551.03
2025-11-19,6642.16,22564.23,6670.03
2025-11-20,6538.76,22078.05,6352.07
2025-11-21,6602.99,22273.08,6406.43
2025-11-24,6705.12,22872.01,6703.2
2025-11-25,6765.88,23025.59,6714.18
2025-11-26,6812.61,23214.69,6899.46
2025-11-28,6849.09,23365.69,7025.15
2025-12-01,6812.63,23275.92,7020.53
2025-12-02,6829.37,23413.67,7149.47
2025-12-03,6849.72,23454.09,7280.51
2025-12-04,6857.12,23505.14,7215.97
2025-12-05,6870.4,23578.13,7294.84
2025-12-08,6846.51,23545.9,7375.22
2025-12-09,6840.51,23576.49,7372.51
2025-12-10,6886.68,23654.15,7467.49
2025-12-11,6901.0,23593.86,7411.48
2025-12-12,6827.41,23195.17,7033.57
2025-12-15,6816.51,23057.41,6990.41
2025-12-16,6800.26,23111.46,6958.44
2025-12-17,6721.43,22693.32,6695.31
2025-12-18,6774.76,23006.36,6863.63
2025-12-19,6834.5,23307.62,7067.87
2025-12-22,6878.49,23428.83,7145.57
2025-12-23,6909.79,23561.84,7184.54
2025-12-24,6932.05,23613.31,7204.37
2025-12-26,6929.94,23593.1,7207.64
2025-12-29,6905.74,23474.35,7178.27
2025-12-30,6896.24,23419.08,7169.1
