trade_date,vix,us_10y_yield,usd_krw
2019-12-31,13.78,1.92,1155.46
2020-01-01,,,
2020-01-02,12.47,1.88,1157.95
2020-01-03,14.02,1.8,1165.15
2020-01-06,13.85,1.81,1167.49
2020-01-07,13.79,1.83,1166.21
2020-01-08,13.45,1.87,1170.61
2020-01-09,12.54,1.85,1158.63
2020-01-10,12.56,1.83,1161.18
2020-01-13,12.32,1.85,1156.25
2020-01-14,12.39,1.82,1156.28
2020-01-15,12.42,1.79,1156.84
2020-01-16,12.32,1.81,1160.86
2020-01-17,12.1,1.84,1159.08
2020-01-20,,,
2020-01-21,12.85,1.78,1166.56
2020-01-22,12.91,1.77,1165.68
2020-01-23,12.98,1.74,1168.38
2020-01-24,14.56,1.7,1166.91
2020-01-27,18.23,1.61,1176.2
2020-01-28,16.28,1.65,1176.23
2020-01-29,16.39,1.6,1176.98
2020-01-30,15.49,1.57,1191.94
2020-01-31,18.84,1.51,1191.3
2020-02-03,17.97,1.54,1194.8
2020-02-04,16.05,1.61,1184.51
2020-02-05,15.15,1.66,1187.25
2020-02-06,14.96,1.65,1179.64
2020-02-07,15.47,1.59,1186.24
2020-02-10,15.04,1.56,1186.96
2020-02-11,15.18,1.59,1181.32
2020-02-12,13.74,1.62,1178.98
2020-02-13,14.15,1.61,1182.02
2020-02-14,13.68,1.59,1183.2
2020-02-17,,,
2020-02-18,14.83,1.55,1190.6
2020-02-19,14.38,1.56,1191.1
2020-02-20,15.56,1.52,1198.34
2020-02-21,17.08,1.46,1207.91
2020-02-24,25.03,1.38,1218.5
2020-02-25,27.85,1.33,1214.45
2020-02-26,27.56,1.33,1213.61
2020-02-27,39.16,1.3,1217.03
2020-02-28,40.11,1.13,1214.92
2020-03-02,33.42,1.1,1190.89
2020-03-03,36.82,1.02,1194.66
2020-03-04,31.99,1.02,1187.54
2020-03-05,39.62,0.92,1181.11
2020-03-06,41.94,0.74,1192.0
2020-03-09,54.46,0.54,1203.75
2020-03-10,47.3,0.76,1193.1
2020-03-11,53.9,0.82,1194.16
2020-03-12,75.47,0.88,1206.19
2020-03-13,57.83,0.94,1211.7
2020-03-16,82.69,0.73,1225.33
2020-03-17,75.91,1.02,1240.98
2020-03-18,76.45,1.18,1245.19
2020-03-19,72.0,1.12,1250.86
2020-03-20,66.04,0.92,1250.55
2020-03-23,61.59,0.76,1267.25
2020-03-24,61.67,0.84,1249.88
2020-03-25,63.95,0.88,1228.15
2020-03-26,61.0,0.83,1233.47
2020-03-27,65.54,0.72,1210.49
2020-03-30,57.08,0.7,1224.11
2020-03-31,53.54,0.7,1218.92
2020-04-01,57.06,0.62,1229.65
2020-04-02,50.91,0.63,1229.89
2020-04-03,46.8,0.62,1230.56
2020-04-06,45.24,0.67,1224.6
2020-04-07,46.7,0.75,1220.43
2020-04-08,43.35,0.77,1220.77
2020-04-09,41.67,0.73,1219.71
2020-04-10,,,1211.71
2020-04-13,41.17,0.76,1217.72
2020-04-14,37.76,0.76,1216.85
2020-04-15,40.84,0.63,1224.55
2020-04-16,40.11,0.61,1228.21
2020-04-17,38.15,0.65,1217.81
2020-04-20,43.83,0.63,1217.29
2020-04-21,45.41,0.58,1229.28
2020-04-22,41.98,0.63,1234.79
2020-04-23,41.38,0.61,1229.04
2020-04-24,35.93,0.6,1233.88
2020-04-27,33.29,0.67,1224.16
2020-04-28,33.57,0.62,1224.83
2020-04-29,31.23,0.63,1219.2
2020-04-30,34.15,0.64,1203.95
2020-05-01,37.19,0.64,1223.2
2020-05-04,35.97,0.64,1228.81
2020-05-05,33.61,0.66,1220.13
2020-05-06,34.12,0.72,1222.03
2020-05-07,31.44,0.63,1224.76
2020-05-08,27.98,0.69,1216.47
2020-05-11,27.57,0.73,1220.2
2020-05-12,33.04,0.69,1222.0
2020-05-13,35.28,0.64,1223.86
2020-05-14,32.61,0.63,1227.76
2020-05-15,31.89,0.64,1230.71
2020-05-18,29.3,0.73,1232.32
2020-05-19,30.53,0.7,1225.19
2020-05-20,27.99,0.68,1230.02
2020-05-21,29.53,0.68,1230.53
2020-05-22,28.16,0.66,1236.53
2020-05-25,,,
2020-05-26,28.01,0.69,1234.24
2020-05-27,27.62,0.68,1238.03
2020-05-28,28.59,0.7,1239.28
2020-05-29,27.51,0.65,1236.61
2020-06-01,28.23,0.66,1224.79
2020-06-02,26.84,0.68,1225.07
2020-06-03,25.66,0.77,1216.08
2020-06-04,25.81,0.82,1218.77
2020-06-05,24.52,0.91,1202.79
2020-06-08,25.81,0.88,1197.84
2020-06-09,27.57,0.84,1197.04
2020-06-10,27.57,0.75,1189.9
2020-06-11,40.79,0.66,1196.34
2020-06-12,36.09,0.71,1204.52
2020-06-15,34.4,0.71,1212.21
2020-06-16,33.67,0.75,1207.26
2020-06-17,33.47,0.74,1215.02
2020-06-18,32.94,0.71,1211.65
2020-06-19,35.12,0.7,1208.38
2020-06-22,31.77,0.71,1210.73
2020-06-23,31.37,0.72,1206.43
2020-06-24,33.84,0.69,1199.55
2020-06-25,32.22,0.68,1203.59
2020-06-26,34.73,0.64,1203.44
2020-06-29,31.78,0.64,1200.91
2020-06-30,30.43,0.66,1200.5
2020-07-01,28.62,0.69,1201.84
2020-07-02,27.68,0.68,1199.84
2020-07-03,,,
2020-07-06,27.94,0.69,1192.66
2020-07-07,29.43,0.65,1194.43
2020-07-08,28.08,0.67,1194.63
2020-07-09,29.26,0.62,1197.84
2020-07-10,27.29,0.65,1204.34
2020-07-13,32.19,0.64,1200.13
2020-07-14,29.52,0.63,1205.24
2020-07-15,27.76,0.64,1201.97
2020-07-16,28.0,0.62,1202.97
2020-07-17,25.68,0.64,1203.86
2020-07-20,24.46,0.62,1202.26
2020-07-21,24.84,0.61,1194.64
2020-07-22,24.32,0.6,1194.83
2020-07-23,26.08,0.59,1198.91
2020-07-24,25.84,0.59,1203.17
2020-07-27,24.74,0.62,1195.94
2020-07-28,25.44,0.59,1198.15
2020-07-29,24.1,0.58,1192.98
2020-07-30,24.76,0.55,1196.3
2020-07-31,24.46,0.55,1192.68
2020-08-03,24.28,0.56,1194.31
2020-08-04,23.76,0.52,1194.53
2020-08-05,22.99,0.55,1188.93
2020-08-06,22.65,0.55,1185.29
2020-08-07,22.21,0.57,1189.25
2020-08-10,22.13,0.59,1186.28
2020-08-11,24.03,0.64,1184.84
2020-08-12,22.28,0.69,1184.09
2020-08-13,22.13,0.71,1183.25
2020-08-14,22.05,0.71,1186.53
2020-08-17,21.35,0.69,1184.17
2020-08-18,21.51,0.67,1184.74
2020-08-19,22.54,0.68,1181.06
2020-08-20,22.72,0.65,1187.66
2020-08-21,22.54,0.64,1191.84
2020-08-24,22.37,0.65,1189.11
2020-08-25,22.03,0.69,1188.18
2020-08-26,23.27,0.69,1185.6
2020-08-27,24.47,0.74,1185.22
2020-08-28,22.96,0.74,1181.62
2020-08-31,26.41,0.72,1187.48
2020-09-01,26.12,0.68,1182.94
2020-09-02,26.57,0.66,1189.98
2020-09-03,33.6,0.63,1188.04
2020-09-04,30.75,0.72,1190.6
2020-09-07,,,
2020-09-08,31.46,0.69,1188.69
2020-09-09,28.81,0.71,1185.12
2020-09-10,29.71,0.68,1184.41
2020-09-11,26.87,0.67,1186.55
2020-09-14,25.85,0.68,1181.27
2020-09-15,25.59,0.68,1179.99
2020-09-16,26.04,0.69,1176.0
2020-09-17,26.46,0.69,1174.25
2020-09-18,25.83,0.7,1163.2
2020-09-21,27.78,0.68,1166.75
2020-09-22,26.86,0.68,1164.83
2020-09-23,28.58,0.68,1164.56
2020-09-24,28.51,0.67,1170.49
2020-09-25,26.38,0.66,1172.71
2020-09-28,26.19,0.67,1168.08
2020-09-29,26.27,0.66,1169.67
2020-09-30,26.37,0.69,1165.97
2020-10-01,26.7,0.68,1163.05
2020-10-02,27.63,0.7,1166.08
2020-10-05,27.96,0.78,1157.77
2020-10-06,29.48,0.76,1162.0
2020-10-07,28.06,0.81,1158.41
2020-10-08,26.36,0.78,1152.44
2020-10-09,25.0,0.79,1143.46
2020-10-12,25.07,,
2020-10-13,26.07,0.74,1147.4
2020-10-14,26.4,0.73,1146.58
2020-10-15,26.97,0.74,1143.03
2020-10-16,27.41,0.76,1146.82
2020-10-19,29.18,0.78,1141.76
2020-10-20,29.35,0.81,1138.65
2020-10-21,28.65,0.83,1132.11
2020-10-22,28.11,0.87,1135.26
2020-10-23,27.55,0.85,1129.77
2020-10-26,32.46,0.81,1127.77
2020-10-27,33.35,0.79,1127.9
2020-10-28,40.28,0.79,1133.76
2020-10-29,37.59,0.85,1131.12
2020-10-30,38.02,0.88,1133.99
2020-11-02,37.13,0.87,1134.62
2020-11-03,35.55,0.9,1134.3
2020-11-04,29.57,0.78,1137.37
2020-11-05,27.58,0.79,1122.96
2020-11-06,24.86,0.83,1121.0
2020-11-09,25.75,0.96,1113.14
2020-11-10,24.8,0.98,1117.63
2020-11-11,23.45,,
2020-11-12,25.35,0.88,1112.95
2020-11-13,23.1,0.89,1109.47
2020-11-16,22.45,0.91,1106.88
2020-11-17,22.71,0.87,1105.33
2020-11-18,23.84,0.88,1105.72
2020-11-19,23.11,0.86,1114.93
2020-11-20,23.7,0.83,1114.48
2020-11-23,22.66,0.86,1115.42
2020-11-24,21.64,0.88,1110.93
2020-11-25,21.25,0.88,1106.84
2020-11-26,,,
2020-11-27,20.84,0.84,
2020-11-30,20.57,0.84,1105.79
2020-12-01,20.77,0.92,1107.33
2020-12-02,21.17,0.95,1100.15
2020-12-03,21.28,0.92,1096.28
2020-12-04,20.79,0.97,1081.85
2020-12-07,21.3,0.94,1082.22
2020-12-08,20.68,0.92,1085.4
2020-12-09,22.27,0.95,1083.78
2020-12-10,22.52,0.92,1086.83
2020-12-11,23.31,0.9,1091.23
2020-12-14,24.72,0.9,1093.19
2020-12-15,22.89,0.92,1092.22
2020-12-16,22.5,0.92,1093.71
2020-12-17,21.93,0.94,1092.96
2020-12-18,21.57,0.95,1099.37
2020-12-21,25.16,0.95,1107.03
2020-12-22,24.23,0.93,1107.12
2020-12-23,23.31,0.96,1106.92
2020-12-24,21.53,0.94,
2020-12-25,,,
2020-12-28,21.7,0.94,1096.67
2020-12-29,23.08,0.94,1092.55
2020-12-30,22.77,0.93,1086.62
2020-12-31,22.75,0.93,1086.11
2021-01-01,,,
2021-01-04,26.97,0.93,1081.62
2021-01-05,25.34,0.96,1087.42
2021-01-06,25.07,1.04,1085.71
2021-01-07,22.37,1.08,1086.78
2021-01-08,21.56,1.13,1089.48
2021-01-11,24.08,1.15,1097.39
2021-01-12,23.33,1.15,1099.57
2021-01-13,22.21,1.1,1098.31
2021-01-14,23.25,1.15,1098.37
2021-01-15,24.34,1.11,1099.39
2021-01-18,,,
2021-01-19,23.24,1.1,1102.14
2021-01-20,21.58,1.1,
2021-01-21,21.32,1.12,1097.91
2021-01-22,21.91,1.1,1105.5
2021-01-25,23.19,1.05,1101.02
2021-01-26,23.02,1.05,1103.26
2021-01-27,37.21,1.04,1104.09
2021-01-28,30.21,1.07,1111.95
2021-01-29,33.09,1.11,1118.35
2021-02-01,30.24,1.09,1116.48
2021-02-02,25.56,1.12,1115.88
2021-02-03,22.91,1.15,1114.47
2021-02-04,21.77,1.15,1120.02
2021-02-05,20.87,1.19,1123.7
2021-02-08,21.24,1.19,1119.22
2021-02-09,21.63,1.18,1116.42
2021-02-10,21.99,1.15,1106.9
2021-02-11,21.25,1.16,1102.7
2021-02-12,19.97,1.2,1102.16
2021-02-15,,,
2021-02-16,21.46,1.3,1099.61
2021-02-17,21.5,1.29,1107.44
2021-02-18,22.49,1.29,1108.56
2021-02-19,22.05,1.34,1105.81
2021-02-22,23.45,1.37,1111.56
2021-02-23,23.11,1.37,1110.25
2021-02-24,21.34,1.38,1112.19
2021-02-25,28.89,1.54,1107.73
2021-02-26,27.95,1.44,1123.36
2021-03-01,23.35,1.45,1118.59
2021-03-02,24.1,1.42,1125.61
2021-03-03,26.67,1.47,1123.96
2021-03-04,28.57,1.54,1124.45
2021-03-05,24.66,1.56,1124.85
2021-03-08,25.47,1.59,1132.64
2021-03-09,24.03,1.55,1140.63
2021-03-10,22.56,1.53,1139.85
2021-03-11,21.91,1.54,1135.19
2021-03-12,20.69,1.64,1133.09
2021-03-15,20.03,1.62,1136.37
2021-03-16,19.79,1.62,1129.69
2021-03-17,19.23,1.63,1130.24
2021-03-18,21.58,1.71,1123.51
2021-03-19,20.95,1.74,1130.38
2021-03-22,18.88,1.69,1128.19
2021-03-23,20.3,1.63,1128.96
2021-03-24,21.2,1.62,1133.35
2021-03-25,19.81,1.63,1133.31
2021-03-26,18.86,1.67,1129.26
2021-03-29,20.74,1.73,1133.57
2021-03-30,19.61,1.73,1133.44
2021-03-31,19.4,1.74,1126.72
2021-04-01,17.33,1.69,1131.63
2021-04-02,,1.72,1127.3
2021-04-05,17.91,1.73,1127.34
2021-04-06,18.12,1.67,1117.12
2021-04-07,17.16,1.68,1116.21
2021-04-08,16.95,1.64,1116.96
2021-04-09,16.69,1.67,1120.84
2021-04-12,16.91,1.69,1124.6
2021-04-13,16.65,1.64,1125.63
2021-04-14,16.99,1.64,1116.43
2021-04-15,16.57,1.56,1115.04
2021-04-16,16.25,1.59,1114.93
2021-04-19,17.29,1.61,1115.03
2021-04-20,18.68,1.58,1116.68
2021-04-21,17.5,1.57,1117.8
2021-04-22,18.71,1.57,1117.3
2021-04-23,17.33,1.58,1115.1
2021-04-26,17.64,1.58,1110.88
2021-04-27,17.56,1.63,1109.6
2021-04-28,17.28,1.63,1112.28
2021-04-29,17.61,1.65,1108.54
2021-04-30,18.61,1.65,1115.58
2021-05-03,18.31,1.63,1122.88
2021-05-04,19.48,1.61,1122.05
2021-05-05,19.15,1.59,1125.82
2021-05-06,18.39,1.58,1121.94
2021-05-07,16.69,1.6,1121.06
2021-05-10,19.66,1.63,1112.28
2021-05-11,21.84,1.64,1119.38
2021-05-12,27.59,1.69,1124.33
2021-05-13,23.13,1.66,1130.35
2021-05-14,18.81,1.63,1126.76
2021-05-17,19.72,1.64,1136.03
2021-05-18,21.34,1.64,1129.67
2021-05-19,22.18,1.68,1128.18
2021-05-20,20.67,1.63,1127.74
2021-05-21,20.15,1.63,1126.59
2021-05-24,18.4,1.61,1125.28
2021-05-25,18.84,1.56,1123.21
2021-05-26,17.36,1.58,1117.63
2021-05-27,16.74,1.61,1117.47
2021-05-28,16.76,1.58,1114.48
2021-05-31,,,
2021-06-01,17.9,1.62,1106.43
2021-06-02,17.48,1.59,1110.37
2021-06-03,18.04,1.63,1117.63
2021-06-04,16.42,1.56,1112.03
2021-06-07,16.42,1.57,1111.01
2021-06-08,17.07,1.53,1116.43
2021-06-09,17.89,1.5,1116.58
2021-06-10,16.1,1.45,1114.17
2021-06-11,15.65,1.47,1116.57
2021-06-14,16.39,1.51,1117.57
2021-06-15,17.02,1.51,1118.33
2021-06-16,18.15,1.57,1118.42
2021-06-17,17.75,1.52,1130.14
2021-06-18,20.7,1.45,1135.28
2021-06-21,17.89,1.5,1134.19
2021-06-22,16.66,1.48,1137.07
2021-06-23,16.32,1.5,1133.89
2021-06-24,15.97,1.49,1131.5
2021-06-25,15.62,1.54,1127.36
2021-06-28,15.76,1.49,1130.29
2021-06-29,16.02,1.49,1131.68
2021-06-30,15.83,1.45,1130.42
2021-07-01,15.48,1.48,1134.37
2021-07-02,15.07,1.44,1132.42
2021-07-05,,,
2021-07-06,16.44,1.37,1137.17
2021-07-07,16.2,1.33,1141.26
2021-07-08,19.0,1.3,1147.96
2021-07-09,16.18,1.37,1145.08
2021-07-12,16.17,1.38,1146.29
2021-07-13,17.12,1.42,1146.29
2021-07-14,16.33,1.37,1147.43
2021-07-15,17.01,1.31,1141.21
2021-07-16,18.45,1.31,1139.35
2021-07-19,22.5,1.19,1147.17
2021-07-20,19.73,1.23,1150.45
2021-07-21,17.91,1.3,1153.03
2021-07-22,17.69,1.27,1149.99
2021-07-23,17.2,1.3,1153.53
2021-07-26,17.58,1.29,1154.75
2021-07-27,19.36,1.25,1156.32
2021-07-28,18.31,1.26,1156.27
2021-07-29,17.7,1.28,1142.09
2021-07-30,18.24,1.24,1151.86
2021-08-02,19.46,1.2,1150.72
2021-08-03,18.04,1.19,1149.45
2021-08-04,17.97,1.19,1142.99
2021-08-05,17.28,1.23,1142.53
2021-08-06,16.15,1.31,1145.87
2021-08-09,16.72,1.33,1145.83
2021-08-10,16.79,1.36,1152.5
2021-08-11,16.06,1.35,1156.09
2021-08-12,15.59,1.36,1162.78
2021-08-13,15.45,1.29,1168.36
2021-08-16,16.12,1.26,1166.78
2021-08-17,17.91,1.26,1177.08
2021-08-18,21.57,1.27,1170.18
2021-08-19,21.67,1.24,1173.89
2021-08-20,18.56,1.26,1180.4
2021-08-23,17.15,1.25,1169.73
2021-08-24,17.22,1.29,1165.43
2021-08-25,16.79,1.35,1164.24
2021-08-26,18.84,1.34,1169.88
2021-08-27,16.39,1.31,1162.5
2021-08-30,16.19,1.29,1166.33
2021-08-31,16.48,1.3,1158.32
2021-09-01,16.11,1.31,1156.03
2021-09-02,16.41,1.29,1160.95
2021-09-03,16.41,1.33,1155.44
2021-09-06,,,
2021-09-07,18.14,1.38,1162.88
2021-09-08,17.96,1.35,1166.21
2021-09-09,18.8,1.3,1169.61
2021-09-10,20.95,1.35,1169.63
2021-09-13,19.37,1.33,1173.33
2021-09-14,19.46,1.28,1170.71
2021-09-15,18.18,1.31,1168.58
2021-09-16,18.69,1.34,1171.23
2021-09-17,20.81,1.37,1175.34
2021-09-20,25.71,1.31,1186.73
2021-09-21,24.36,1.33,1185.15
2021-09-22,20.87,1.32,1182.41
2021-09-23,18.63,1.41,1173.48
2021-09-24,17.75,1.47,1176.53
2021-09-27,18.76,1.48,1175.9
2021-09-28,23.25,1.54,1183.61
2021-09-29,22.56,1.55,1181.75
2021-09-30,23.14,1.52,1183.7
2021-10-01,21.15,1.48,1187.24
2021-10-04,22.96,1.49,1182.4
2021-10-05,21.3,1.54,1188.31
2021-10-06,21.0,1.53,1192.6
2021-10-07,19.54,1.58,1190.76
2021-10-08,18.77,1.61,1194.58
2021-10-11,20.0,,
2021-10-12,19.85,1.59,1198.72
2021-10-13,18.64,1.56,1193.89
2021-10-14,16.86,1.52,1186.3
2021-10-15,16.3,1.59,1182.34
2021-10-18,16.31,1.59,1187.55
2021-10-19,15.7,1.65,1175.32
2021-10-20,15.49,1.65,1175.05
2021-10-21,15.01,1.68,1177.25
2021-10-22,15.43,1.66,1176.85
2021-10-25,15.24,1.64,1167.59
2021-10-26,15.98,1.63,1167.58
2021-10-27,16.98,1.54,1171.19
2021-10-28,16.53,1.57,1167.34
2021-10-29,16.26,1.55,1174.94
2021-11-01,16.41,1.58,1177.73
2021-11-02,16.03,1.56,1177.04
2021-11-03,15.1,1.6,1184.56
2021-11-04,15.44,1.53,1186.77
2021-11-05,16.48,1.45,1183.28
2021-11-08,17.22,1.51,1180.64
2021-11-09,17.78,1.46,1178.64
2021-11-10,18.73,1.56,1181.16
2021-11-11,17.66,,
2021-11-12,16.29,1.58,1179.23
2021-11-15,16.49,1.63,1181.61
2021-11-16,16.37,1.63,1183.3
2021-11-17,17.11,1.6,1182.4
2021-11-18,17.59,1.59,1183.42
2021-11-19,17.91,1.54,1184.93
2021-11-22,19.17,1.63,1185.33
2021-11-23,19.38,1.67,1190.31
2021-11-24,18.58,1.64,1186.01
2021-11-25,,,
2021-11-26,28.62,1.48,1194.43
2021-11-29,22.96,1.52,1192.96
2021-11-30,27.19,1.43,1187.45
2021-12-01,31.12,1.43,1187.45
2021-12-02,27.95,1.44,1175.18
2021-12-03,30.67,1.35,1179.84
2021-12-06,27.18,1.43,1182.29
2021-12-07,21.89,1.48,1179.24
2021-12-08,19.9,1.52,1175.19
2021-12-09,21.58,1.49,1173.59
2021-12-10,18.69,1.48,1180.99
2021-12-13,20.31,1.42,1184.19
2021-12-14,21.89,1.44,1182.7
2021-12-15,19.29,1.47,1186.06
2021-12-16,20.57,1.44,1183.59
2021-12-17,21.57,1.41,1181.03
2021-12-20,22.87,1.43,1191.07
2021-12-21,21.01,1.48,1192.35
2021-12-22,18.63,1.46,1190.21
2021-12-23,17.96,1.5,1187.59
2021-12-24,,,
2021-12-27,17.68,1.48,1186.82
2021-12-28,17.54,1.49,1188.15
2021-12-29,16.95,1.55,1185.51
2021-12-30,17.33,1.52,1188.59
2021-12-31,17.22,1.52,
2022-01-03,16.6,1.63,1191.39
2022-01-04,16.91,1.66,1193.77
2022-01-05,19.73,1.71,1196.38
2022-01-06,19.61,1.73,1205.02
2022-01-07,18.76,1.76,1200.78
2022-01-10,19.4,1.78,1199.13
2022-01-11,18.41,1.75,1194.62
2022-01-12,17.62,1.74,1187.34
2022-01-13,20.31,1.7,1187.95
2022-01-14,19.19,1.78,1186.96
2022-01-17,,,
2022-01-18,22.79,1.87,1192.74
2022-01-19,23.85,1.83,1188.51
2022-01-20,25.59,1.83,1191.96
2022-01-21,28.85,1.75,1193.87
2022-01-24,29.9,1.75,1195.68
2022-01-25,31.16,1.78,1198.66
2022-01-26,31.96,1.85,1197.46
2022-01-27,30.49,1.81,1202.65
2022-01-28,27.66,1.78,1209.04
2022-01-31,24.83,1.79,1206.78
2022-02-01,21.96,1.81,1209.44
2022-02-02,22.09,1.78,1201.7
2022-02-03,24.35,1.82,1206.35
2022-02-04,23.22,1.93,1199.43
2022-02-07,22.86,1.92,1198.64
2022-02-08,21.44,1.96,1198.05
2022-02-09,19.96,1.94,1196.36
2022-02-10,23.91,2.03,1196.31
2022-02-11,27.36,1.92,1198.72
2022-02-14,28.33,1.98,1196.21
2022-02-15,25.7,2.05,1199.78
2022-02-16,24.29,2.03,1197.51
2022-02-17,28.11,1.97,1197.39
2022-02-18,27.75,1.92,1195.4
2022-02-21,,,
2022-02-22,28.81,1.94,1192.07
2022-02-23,31.02,1.99,1193.42
2022-02-24,30.32,1.96,1202.34
2022-02-25,27.59,1.97,1201.93
2022-02-28,30.15,1.83,1202.28
2022-03-01,33.32,1.72,1204.34
2022-03-02,30.74,1.86,1205.58
2022-03-03,30.48,1.86,1204.35
2022-03-04,31.98,1.74,1213.71
2022-03-07,36.45,1.78,1226.78
2022-03-08,35.13,1.86,1237.18
2022-03-09,32.45,1.94,1234.01
2022-03-10,30.23,1.98,1228.21
2022-03-11,30.75,2.0,1231.47
2022-03-14,31.77,2.14,1241.46
2022-03-15,29.83,2.15,1242.65
2022-03-16,26.67,2.19,1228.04
2022-03-17,25.67,2.2,1214.33
2022-03-18,23.87,2.14,1212.2
2022-03-21,23.53,2.32,1216.12
2022-03-22,22.94,2.38,1217.09
2022-03-23,23.57,2.32,1217.92
2022-03-24,21.67,2.34,1220.45
2022-03-25,20.81,2.48,1218.77
2022-03-28,19.63,2.46,1225.46
2022-03-29,18.9,2.41,1219.21
2022-03-30,19.33,2.35,1208.46
2022-03-31,20.56,2.32,1211.55
2022-04-01,19.63,2.39,1215.29
2022-04-04,18.57,2.42,1214.72
2022-04-05,21.03,2.54,1212.55
2022-04-06,22.1,2.61,1212.55
2022-04-07,21.55,2.66,1218.96
2022-04-08,21.16,2.72,1225.13
2022-04-11,24.37,2.79,1233.38
2022-04-12,24.26,2.72,1236.03
2022-04-13,21.82,2.7,1227.17
2022-04-14,22.7,2.83,1224.18
2022-04-15,,,1227.97
2022-04-18,22.17,2.85,1233.73
2022-04-19,21.37,2.93,1236.53
2022-04-20,20.32,2.85,1235.28
2022-04-21,22.68,2.9,1238.13
2022-04-22,28.21,2.9,1239.66
2022-04-25,27.02,2.81,1249.87
2022-04-26,33.52,2.77,1260.37
2022-04-27,31.6,2.82,1269.35
2022-04-28,29.99,2.85,1271.5
2022-04-29,33.4,2.89,1255.87
2022-05-02,32.34,2.99,1265.24
2022-05-03,29.25,2.97,1267.82
2022-05-04,25.42,2.93,1265.22
2022-05-05,31.2,3.05,1256.05
2022-05-06,30.19,3.12,1272.58
2022-05-09,34.75,3.05,1276.29
2022-05-10,32.99,2.99,1275.02
2022-05-11,32.56,2.91,1275.04
2022-05-12,31.77,2.84,1288.65
2022-05-13,28.87,2.93,1283.51
2022-05-16,27.47,2.88,1284.79
2022-05-17,26.1,2.98,1274.33
2022-05-18,30.96,2.89,1266.36
2022-05-19,29.35,2.84,1276.91
2022-05-20,29.43,2.78,1267.87
2022-05-23,28.48,2.86,1263.85
2022-05-24,29.45,2.76,1265.97
2022-05-25,28.37,2.75,1264.58
2022-05-26,27.5,2.75,1267.83
2022-05-27,25.72,2.74,1250.13
2022-05-30,26.54,,
2022-05-31,26.19,2.85,1236.93
2022-06-01,25.69,2.94,1246.52
2022-06-02,24.72,2.92,1252.03
2022-06-03,24.79,2.96,1242.23
2022-06-06,25.07,3.04,1253.52
2022-06-07,24.02,2.98,1255.32
2022-06-08,23.96,3.03,1253.5
2022-06-09,26.09,3.04,1256.91
2022-06-10,27.75,3.15,1268.01
2022-06-13,34.02,3.43,1283.69
2022-06-14,32.69,3.49,1285.87
2022-06-15,29.62,3.33,1290.05
2022-06-16,32.95,3.28,1286.76
2022-06-17,31.13,3.25,1287.36
2022-06-20,31.03,,
2022-06-21,30.19,3.31,1293.25
2022-06-22,28.95,3.16,1297.21
2022-06-23,29.05,3.09,1300.86
2022-06-24,27.23,3.13,1298.71
2022-06-27,26.95,3.2,1286.2
2022-06-28,28.36,3.2,1290.18
2022-06-29,28.16,3.1,1298.39
2022-06-30,28.71,2.98,1298.95
2022-07-01,26.7,2.88,1297.18
2022-07-04,27.53,,
2022-07-05,27.54,2.82,1299.69
2022-07-06,26.73,2.93,1307.1
2022-07-07,26.08,3.01,1299.51
2022-07-08,24.64,3.09,1299.51
2022-07-11,26.17,2.99,1308.9
2022-07-12,27.29,2.96,1311.91
2022-07-13,26.82,2.91,1306.65
2022-07-14,26.4,2.96,1311.76
2022-07-15,24.23,2.93,1321.15
2022-07-18,25.3,2.96,1316.7
2022-07-19,24.5,3.01,1313.52
2022-07-20,23.88,3.04,1313.1
2022-07-21,23.11,2.91,1307.58
2022-07-22,23.03,2.77,1312.82
2022-07-25,23.36,2.81,1313.27
2022-07-26,24.69,2.81,1308.33
2022-07-27,23.24,2.78,1313.14
2022-07-28,22.33,2.68,1299.69
2022-07-29,21.33,2.67,1299.08
2022-08-01,22.84,2.6,1304.18
2022-08-02,23.93,2.75,1304.89
2022-08-03,21.95,2.73,1310.69
2022-08-04,21.44,2.68,1310.2
2022-08-05,21.15,2.83,1298.22
2022-08-08,21.29,2.77,1306.11
2022-08-09,21.77,2.8,1304.5
2022-08-10,19.74,2.78,1310.54
2022-08-11,20.2,2.87,1302.72
2022-08-12,19.53,2.84,1302.13
2022-08-15,19.95,2.79,1305.85
2022-08-16,19.69,2.82,1308.54
2022-08-17,19.9,2.89,1310.16
2022-08-18,19.56,2.88,1319.94
2022-08-19,20.6,2.98,1325.5
2022-08-22,23.8,3.03,1339.4
2022-08-23,24.11,3.05,1339.4
2022-08-24,22.82,3.11,1342.05
2022-08-25,21.78,3.03,1335.46
2022-08-26,25.56,3.04,1331.17
2022-08-29,26.21,3.12,1349.8
2022-08-30,26.21,3.11,1346.37
2022-08-31,25.87,3.15,1338.66
2022-09-01,25.56,3.26,1354.34
2022-09-02,25.47,3.2,1362.2
2022-09-05,25.99,,
2022-09-06,26.91,3.33,1378.95
2022-09-07,24.64,3.27,1383.72
2022-09-08,23.61,3.29,1380.51
2022-09-09,22.79,3.33,1376.74
2022-09-12,23.87,3.37,1377.38
2022-09-13,27.27,3.42,1373.76
2022-09-14,26.16,3.41,1391.1
2022-09-15,26.27,3.45,1393.93
2022-09-16,26.3,3.45,1384.48
2022-09-19,25.76,3.49,1393.05
2022-09-20,27.16,3.57,1389.86
2022-09-21,27.99,3.51,1395.92
2022-09-22,27.35,3.7,1412.29
2022-09-23,29.92,3.69,1409.42
2022-09-26,32.26,3.88,1432.47
2022-09-27,32.6,3.97,1422.39
2022-09-28,30.18,3.72,1440.5
2022-09-29,31.84,3.76,1439.15
2022-09-30,31.62,3.83,1431.67
2022-10-03,30.1,3.67,1434.83
2022-10-04,29.07,3.62,1425.75
2022-10-05,28.55,3.76,1410.74
2022-10-06,30.52,3.83,1402.33
2022-10-07,31.36,3.89,1412.54
2022-10-10,32.45,,
2022-10-11,33.63,3.93,1435.36
2022-10-12,33.57,3.91,1423.81
2022-10-13,31.94,3.97,1430.4
2022-10-14,32.02,4.0,1428.06
2022-10-17,31.37,4.02,1434.73
2022-10-18,30.5,4.01,1422.19
2022-10-19,30.76,4.14,1426.07
2022-10-20,29.98,4.24,1431.63
2022-10-21,29.69,4.21,1440.31
2022-10-24,29.85,4.25,1439.14
2022-10-25,28.46,4.1,1432.46
2022-10-26,27.28,4.04,1425.68
2022-10-27,27.39,3.96,1419.0
2022-10-28,25.75,4.02,1421.67
2022-10-31,25.88,4.1,1424.6
2022-11-01,25.81,4.07,1416.2
2022-11-02,25.86,4.1,1418.31
2022-11-03,25.3,4.14,1423.99
2022-11-04,24.55,4.17,1423.99
2022-11-07,24.35,4.22,1402.05
2022-11-08,25.54,4.14,1384.61
2022-11-09,26.09,4.12,1364.85
2022-11-10,23.53,3.82,1377.52
2022-11-11,22.52,,
2022-11-14,23.73,3.88,1327.38
2022-11-15,24.54,3.8,1317.88
2022-11-16,24.11,3.67,1326.46
2022-11-17,23.93,3.77,1338.97
2022-11-18,23.12,3.82,1339.61
2022-11-21,22.36,3.83,1354.87
2022-11-22,21.29,3.76,1356.66
2022-11-23,20.35,3.71,1352.49
2022-11-24,20.42,,
2022-11-25,20.5,3.68,1325.22
2022-11-28,22.21,3.69,1340.66
2022-11-29,21.89,3.75,1327.24
2022-11-30,20.58,3.68,1316.84
2022-12-01,19.84,3.53,1299.11
2022-12-02,19.06,3.51,1300.5
2022-12-05,20.75,3.6,1292.58
2022-12-06,22.17,3.51,1319.31
2022-12-07,22.68,3.42,1322.23
2022-12-08,22.29,3.48,1317.56
2022-12-09,22.83,3.57,1301.61
2022-12-12,25.0,3.61,1307.62
2022-12-13,22.55,3.51,1301.47
2022-12-14,21.14,3.49,1294.79
2022-12-15,22.83,3.44,1302.91
2022-12-16,22.62,3.48,1307.73
2022-12-19,22.42,3.57,1302.29
2022-12-20,21.48,3.69,1290.41
2022-12-21,20.07,3.68,1284.7
2022-12-22,21.97,3.67,1275.68
2022-12-23,20.87,3.75,1280.02
2022-12-26,,,
2022-12-27,21.65,3.84,1271.0
2022-12-28,22.14,3.88,1267.54
2022-12-29,21.44,3.83,1265.58
2022-12-30,21.67,3.88,1260.18
2023-01-02,,,
2023-01-03,22.9,3.79,1271.1
2023-01-04,22.01,3.69,1272.15
2023-01-05,22.46,3.71,1268.91
2023-01-06,21.13,3.55,1268.13
2023-01-09,21.97,3.53,1243.62
2023-01-10,20.58,3.61,1243.83
2023-01-11,21.09,3.54,1245.39
2023-01-12,18.83,3.43,1246.26
2023-01-13,18.35,3.49,1241.59
2023-01-16,19.49,,
2023-01-17,19.36,3.53,1238.7
2023-01-18,20.34,3.37,1237.32
2023-01-19,20.52,3.39,1232.05
2023-01-20,19.85,3.48,1235.57
2023-01-23,19.81,3.52,1228.59
2023-01-24,19.2,3.46,1234.79
2023-01-25,19.08,3.46,1231.67
2023-01-26,18.73,3.49,1230.95
2023-01-27,18.51,3.52,1231.53
2023-01-30,19.94,3.55,1227.31
2023-01-31,19.4,3.52,1231.95
2023-02-01,17.87,3.39,1231.77
2023-02-02,18.73,3.4,1220.34
2023-02-03,18.33,3.53,1229.22
2023-02-06,19.43,3.63,1252.61
2023-02-07,18.66,3.67,1255.53
2023-02-08,19.63,3.63,1260.03
2023-02-09,20.71,3.67,1259.67
2023-02-10,20.53,3.74,1264.15
2023-02-13,20.34,3.72,1277.05
2023-02-14,18.91,3.77,1268.93
2023-02-15,18.23,3.81,1282.16
2023-02-16,20.17,3.86,1284.33
2023-02-17,20.02,3.82,1299.62
2023-02-20,21.23,,
2023-02-21,22.87,3.95,1295.99
2023-02-22,22.29,3.93,1304.31
2023-02-23,21.14,3.88,1296.79
2023-02-24,21.67,3.95,1304.59
2023-02-27,20.95,3.92,1322.45
2023-02-28,20.7,3.92,1323.45
2023-03-01,20.58,4.01,1315.15
2023-03-02,19.59,4.08,1313.96
2023-03-03,18.49,3.97,1300.59
2023-03-06,18.61,3.98,1296.14
2023-03-07,19.59,3.97,1299.7
2023-03-08,19.11,3.98,1320.81
2023-03-09,22.61,3.93,1321.58
2023-03-10,24.8,3.7,1324.51
2023-03-13,26.52,3.55,1300.46
2023-03-14,23.73,3.64,1306.13
2023-03-15,26.14,3.51,1317.78
2023-03-16,22.99,3.56,1312.13
2023-03-17,25.51,3.39,1303.75
2023-03-20,24.15,3.47,1310.69
2023-03-21,21.38,3.59,1310.65
2023-03-22,22.26,3.48,1307.5
2023-03-23,22.61,3.38,1278.93
2023-03-24,21.74,3.38,1292.57
2023-03-27,20.6,3.53,1301.01
2023-03-28,19.97,3.55,1298.26
2023-03-29,19.12,3.57,1303.38
2023-03-30,19.02,3.55,1298.89
2023-03-31,18.7,3.48,1303.8
2023-04-03,18.55,3.43,1316.38
2023-04-04,19.0,3.35,1315.1
2023-04-05,19.08,3.3,1310.05
2023-04-06,18.4,3.3,1319.1
2023-04-07,,3.39,1319.1
2023-04-10,18.97,3.41,1319.09
2023-04-11,19.1,3.43,1322.04
2023-04-12,19.09,3.41,1325.34
2023-04-13,17.8,3.45,1310.68
2023-04-14,17.07,3.52,1299.12
2023-04-17,16.95,3.6,1311.36
2023-04-18,16.83,3.58,1318.43
2023-04-19,16.46,3.6,1325.28
2023-04-20,17.17,3.54,1323.28
2023-04-21,16.77,3.57,1327.53
2023-04-24,16.89,3.52,1334.94
2023-04-25,18.76,3.4,1331.93
2023-04-26,18.84,3.43,1336.23
2023-04-27,17.03,3.53,1337.75
2023-04-28,15.78,3.44,1338.41
2023-05-01,16.08,3.59,1339.65
2023-05-02,17.78,3.44,1341.0
2023-05-03,18.34,3.38,1337.94
2023-05-04,20.09,3.37,1322.21
2023-05-05,17.19,3.44,1318.38
2023-05-08,16.98,3.52,1320.49
2023-05-09,17.71,3.53,1323.59
2023-05-10,16.94,3.43,1324.48
2023-05-11,16.93,3.39,1325.09
2023-05-12,17.03,3.46,1333.74
2023-05-15,17.12,3.5,1336.13
2023-05-16,17.99,3.54,1338.64
2023-05-17,16.87,3.57,1337.29
2023-05-18,16.05,3.65,1333.88
2023-05-19,16.81,3.7,1326.12
2023-05-22,17.21,3.72,1317.77
2023-05-23,18.53,3.7,1312.01
2023-05-24,20.03,3.73,1316.71
2023-05-25,19.14,3.83,1325.9
2023-05-26,17.95,3.8,1324.4
2023-05-29,17.46,,
2023-05-30,17.46,3.69,1324.59
2023-05-31,17.94,3.64,1324.55
2023-06-01,15.65,3.61,1321.35
2023-06-02,14.6,3.69,1305.21
2023-06-05,14.73,3.69,1308.16
2023-06-06,13.96,3.7,1297.93
2023-06-07,13.94,3.79,1303.62
2023-06-08,13.65,3.73,1304.26
2023-06-09,13.83,3.75,1291.46
2023-06-12,15.01,3.73,1288.61
2023-06-13,14.61,3.84,1271.48
2023-06-14,13.88,3.83,1278.44
2023-06-15,14.5,3.72,1279.99
2023-06-16,13.54,3.77,1272.68
2023-06-19,14.19,,
2023-06-20,13.88,3.74,1280.21
2023-06-21,13.2,3.72,1291.78
2023-06-22,12.91,3.8,1294.75
2023-06-23,13.44,3.74,1304.19
2023-06-26,14.25,3.72,1304.88
2023-06-27,13.74,3.77,1299.99
2023-06-28,13.43,3.71,1307.76
2023-06-29,13.54,3.85,1317.73
2023-06-30,13.59,3.81,1317.8
2023-07-03,13.57,3.86,1308.37
2023-07-04,13.7,,
2023-07-05,14.18,3.95,1298.74
2023-07-06,15.44,4.05,1300.85
2023-07-07,14.83,4.06,1304.89
2023-07-10,15.07,4.01,1306.45
2023-07-11,14.84,3.99,1293.64
2023-07-12,13.54,3.86,1288.17
2023-07-13,13.61,3.76,1273.99
2023-07-14,13.34,3.83,1266.28
2023-07-17,13.48,3.81,1267.02
2023-07-18,13.3,3.8,1260.87
2023-07-19,13.76,3.75,1265.76
2023-07-20,13.99,3.85,1269.26
2023-07-21,13.6,3.84,1283.71
2023-07-24,13.91,3.86,1280.54
2023-07-25,13.86,3.91,1275.32
2023-07-26,13.19,3.86,1274.04
2023-07-27,14.41,4.01,1277.23
2023-07-28,13.33,3.96,1276.69
2023-07-31,13.63,3.97,1273.85
2023-08-01,13.93,4.05,1283.84
2023-08-02,16.09,4.08,1297.66
2023-08-03,15.92,4.2,1298.54
2023-08-04,17.1,4.05,1309.49
2023-08-07,15.77,4.09,1305.94
2023-08-08,15.99,4.02,1316.02
2023-08-09,15.96,4.0,1315.45
2023-08-10,15.85,4.09,1315.54
2023-08-11,14.84,4.16,1324.17
2023-08-14,14.82,4.19,1330.05
2023-08-15,16.46,4.21,1335.0
2023-08-16,16.78,4.28,1336.84
2023-08-17,17.89,4.3,1341.13
2023-08-18,17.3,4.26,1337.99
2023-08-21,17.13,4.34,1342.45
2023-08-22,16.97,4.34,1335.06
2023-08-23,15.98,4.19,1339.12
2023-08-24,17.2,4.23,1321.07
2023-08-25,15.68,4.25,1324.11
2023-08-28,15.08,4.2,1323.2
2023-08-29,14.45,4.12,1321.87
2023-08-30,13.88,4.12,1323.42
2023-08-31,13.57,4.09,1322.43
2023-09-01,13.09,4.18,1318.34
2023-09-04,13.82,,
2023-09-05,14.01,4.27,1330.16
2023-09-06,14.45,4.3,1330.87
2023-09-07,14.4,4.27,1335.03
2023-09-08,13.84,4.26,1332.83
2023-09-11,13.8,4.29,1331.59
2023-09-12,14.23,4.27,1327.29
2023-09-13,13.48,4.25,1329.7
2023-09-14,12.82,4.29,1325.88
2023-09-15,13.79,4.33,1325.89
2023-09-18,14.0,4.32,1323.99
2023-09-19,14.11,4.37,1328.13
2023-09-20,15.14,4.35,1330.34
2023-09-21,17.54,4.49,1340.08
2023-09-22,17.2,4.44,1336.58
2023-09-25,16.9,4.55,1336.03
2023-09-26,18.94,4.56,1348.69
2023-09-27,18.22,4.61,1349.05
2023-09-28,17.34,4.59,1356.41
2023-09-29,17.52,4.59,1347.86
2023-10-02,17.61,4.69,1351.67
2023-10-03,19.78,4.81,1360.62
2023-10-04,18.58,4.73,1362.94
2023-10-05,18.49,4.72,1350.22
2023-10-06,17.45,4.78,1350.17
2023-10-09,17.7,,
2023-10-10,17.03,4.66,1349.79
2023-10-11,16.09,4.58,1339.31
2023-10-12,16.69,4.7,1338.21
2023-10-13,19.32,4.63,1349.65
2023-10-16,17.21,4.71,1353.67
2023-10-17,17.88,4.83,1353.6
2023-10-18,19.22,4.91,1349.45
2023-10-19,21.4,4.98,1357.5
2023-10-20,21.71,4.93,1352.92
2023-10-23,20.37,4.86,1353.7
2023-10-24,18.97,4.83,1342.68
2023-10-25,20.19,4.95,1349.07
2023-10-26,20.68,4.86,1359.32
2023-10-27,21.27,4.84,1355.15
2023-10-30,19.75,4.88,1350.98
2023-10-31,18.14,4.88,1351.03
2023-11-01,16.87,4.77,1356.94
2023-11-02,15.66,4.67,1342.91
2023-11-03,14.91,4.57,1322.04
2023-11-06,14.89,4.67,1297.94
2023-11-07,14.81,4.58,1308.33
2023-11-08,14.45,4.49,1309.98
2023-11-09,15.29,4.62,1309.89
2023-11-10,14.17,4.61,
2023-11-13,14.76,4.63,1324.97
2023-11-14,14.16,4.44,1328.74
2023-11-15,14.18,4.53,1300.34
2023-11-16,14.32,4.45,1297.1
2023-11-17,13.8,4.44,1296.21
2023-11-20,13.41,4.42,1291.48
2023-11-21,13.35,4.41,1289.34
2023-11-22,12.85,4.42,1300.06
2023-11-23,12.8,,
2023-11-24,12.46,4.47,1306.08
2023-11-27,12.69,4.39,1304.33
2023-11-28,12.69,4.34,1293.71
2023-11-29,12.98,4.27,1292.74
2023-11-30,12.92,4.37,1289.95
2023-12-01,12.63,4.22,1305.45
2023-12-04,13.08,4.28,1304.43
2023-12-05,12.85,4.18,1311.47
2023-12-06,12.97,4.12,1313.03
2023-12-07,13.06,4.14,1325.27
2023-12-08,12.35,4.23,1307.11
2023-12-11,12.63,4.23,1316.38
2023-12-12,12.07,4.2,1313.75
2023-12-13,12.19,4.04,1319.76
2023-12-14,12.48,3.92,1296.11
2023-12-15,12.28,3.91,1295.92
2023-12-18,12.56,3.95,1297.63
2023-12-19,12.53,3.93,1307.95
2023-12-20,13.67,3.86,1299.22
2023-12-21,13.65,3.89,1304.82
2023-12-22,13.03,3.9,1302.54
2023-12-25,,,
2023-12-26,12.99,3.89,1294.25
2023-12-27,12.43,3.79,1293.38
2023-12-28,12.47,3.84,1288.45
2023-12-29,12.45,3.88,1290.97
2024-01-01,,,
2024-01-02,13.2,3.95,1300.52
2024-01-03,14.04,3.91,1305.1
2024-01-04,14.13,3.99,1310.39
2024-01-05,13.35,4.05,1315.62
2024-01-08,13.08,4.01,1315.58
2024-01-09,12.76,4.02,1315.92
2024-01-10,12.69,4.04,1320.42
2024-01-11,12.44,3.98,1313.04
2024-01-12,12.7,3.96,1313.41
2024-01-15,13.25,,
2024-01-16,13.84,4.07,1331.5
2024-01-17,14.79,4.1,1344.23
2024-01-18,14.13,4.14,1338.73
2024-01-19,13.3,4.15,1338.53
2024-01-22,13.19,4.11,1338.25
2024-01-23,12.55,4.14,1333.76
2024-01-24,13.14,4.18,1337.74
2024-01-25,13.45,4.14,1336.0
2024-01-26,13.26,4.15,1336.08
2024-01-29,13.6,4.08,1335.5
2024-01-30,13.31,4.06,1328.93
2024-01-31,14.35,3.99,1334.9
2024-02-01,13.88,3.87,1331.78
2024-02-02,13.85,4.03,1321.9
2024-02-05,13.67,4.17,1330.98
2024-02-06,13.06,4.09,1326.83
2024-02-07,12.83,4.09,1327.37
2024-02-08,12.79,4.15,1328.07
2024-02-09,12.93,4.17,1333.1
2024-02-12,13.93,4.17,1331.37
2024-02-13,15.85,4.31,1327.88
2024-02-14,14.38,4.27,1335.06
2024-02-15,14.01,4.24,1333.84
2024-02-16,14.24,4.3,1334.96
2024-02-19,14.71,,
2024-02-20,15.42,4.27,1337.25
2024-02-21,15.34,4.32,1334.95
2024-02-22,14.54,4.33,1328.71
2024-02-23,13.75,4.26,1328.71
2024-02-26,13.74,4.28,1330.86
2024-02-27,13.43,4.31,1330.86
2024-02-28,13.84,4.27,1336.02
2024-02-29,13.4,4.25,1336.19
2024-03-01,13.11,4.19,1334.8
2024-03-04,13.49,4.22,1331.29
2024-03-05,14.46,4.13,1336.51
2024-03-06,14.5,4.11,1333.99
2024-03-07,14.44,4.09,1324.3
2024-03-08,14.74,4.09,1319.28
2024-03-11,15.22,4.1,1312.55
2024-03-12,13.84,4.16,1310.82
2024-03-13,13.75,4.19,1314.67
2024-03-14,14.4,4.29,1318.2
2024-03-15,14.41,4.31,1329.35
2024-03-18,14.33,4.34,1333.59
2024-03-19,13.82,4.3,1338.28
2024-03-20,13.04,4.27,1339.02
2024-03-21,12.92,4.27,1322.11
2024-03-22,13.06,4.22,1338.14
2024-03-25,13.19,4.25,1342.61
2024-03-26,13.24,4.24,1344.0
2024-03-27,12.78,4.2,1348.58
2024-03-28,13.01,4.2,1346.01
2024-03-29,,,1347.08
2024-04-01,13.65,4.33,1348.75
2024-04-02,14.61,4.36,1351.37
2024-04-03,14.33,4.36,1348.5
2024-04-04,16.35,4.31,1346.87
2024-04-05,16.03,4.39,1352.58
2024-04-08,15.19,4.42,1353.2
2024-04-09,14.98,4.36,1354.8
2024-04-10,15.8,4.55,1349.05
2024-04-11,14.91,4.56,1364.19
2024-04-12,17.31,4.5,1374.74
2024-04-15,19.23,4.63,1383.63
2024-04-16,18.4,4.67,1393.92
2024-04-17,18.21,4.59,1385.88
2024-04-18,18.0,4.64,1373.42
2024-04-19,18.71,4.62,1376.72
2024-04-22,16.94,4.62,1381.84
2024-04-23,15.69,4.61,1379.27
2024-04-24,15.97,4.65,1369.86
2024-04-25,15.37,4.7,1369.86
2024-04-26,15.03,4.67,1375.1
2024-04-29,14.67,4.63,1377.35
2024-04-30,15.65,4.69,1381.92
2024-05-01,15.39,4.63,1386.95
2024-05-02,14.68,4.58,1375.39
2024-05-03,13.49,4.5,1363.04
2024-05-06,13.49,4.49,1358.81
2024-05-07,13.23,4.47,1359.45
2024-05-08,13.0,4.48,1359.45
2024-05-09,12.69,4.45,1369.74
2024-05-10,12.55,4.5,1367.77
2024-05-13,13.6,4.48,1367.91
2024-05-14,13.42,4.45,1368.77
2024-05-15,12.45,4.36,1360.15
2024-05-16,12.42,4.38,1345.15
2024-05-17,11.99,4.42,1354.83
2024-05-20,12.15,4.44,1356.0
2024-05-21,11.86,4.41,1363.54
2024-05-22,12.29,4.43,1362.36
2024-05-23,12.77,4.47,1362.38
2024-05-24,11.93,4.46,1369.02
2024-05-27,12.36,,
2024-05-28,12.92,4.54,1357.65
2024-05-29,14.28,4.61,1365.07
2024-05-30,14.47,4.55,1365.07
2024-05-31,12.92,4.51,1385.43
2024-06-03,13.11,4.41,1375.91
2024-06-04,13.16,4.33,1375.96
2024-06-05,12.63,4.29,1372.58
2024-06-06,12.58,4.28,1365.45
2024-06-07,12.22,4.43,1366.38
2024-06-10,12.74,4.47,1375.71
2024-06-11,12.85,4.39,1375.71
2024-06-12,12.04,4.31,1378.01
2024-06-13,11.94,4.24,1376.11
2024-06-14,12.66,4.2,1378.96
2024-06-17,12.75,4.28,1380.5
2024-06-18,12.3,4.22,1380.88
2024-06-19,12.48,,
2024-06-20,13.28,4.25,1384.38
2024-06-21,13.2,4.25,1388.17
2024-06-24,13.33,4.25,1389.17
2024-06-25,12.84,4.23,1387.16
2024-06-26,12.55,4.32,1388.65
2024-06-27,12.24,4.29,1385.76
2024-06-28,12.44,4.36,1376.55
2024-07-01,12.22,4.48,1383.0
2024-07-02,12.03,4.43,1386.55
2024-07-03,12.09,4.36,1384.85
2024-07-04,12.26,,
2024-07-05,12.48,4.28,1379.87
2024-07-08,12.37,4.28,1382.73
2024-07-09,12.51,4.3,1383.39
2024-07-10,12.85,4.28,1383.42
2024-07-11,12.92,4.2,1370.85
2024-07-12,12.46,4.18,1374.9
2024-07-15,13.12,4.23,1382.97
2024-07-16,13.19,4.17,1384.99
2024-07-17,14.48,4.16,1380.61
2024-07-18,15.93,4.2,1383.85
2024-07-19,16.52,4.25,1389.29
2024-07-22,14.91,4.26,1388.71
2024-07-23,14.72,4.25,1385.78
2024-07-24,18.04,4.28,1379.4
2024-07-25,18.46,4.27,1380.57
2024-07-26,16.39,4.2,1383.11
2024-07-29,16.6,4.17,1381.93
2024-07-30,17.69,4.15,1384.98
2024-07-31,16.36,4.09,1369.29
2024-08-01,18.59,3.99,1368.5
2024-08-02,23.39,3.8,1359.38
2024-08-05,38.57,3.78,1367.68
2024-08-06,27.71,3.9,1377.4
2024-08-07,27.85,3.96,1374.98
2024-08-08,23.79,3.99,1376.94
2024-08-09,20.37,3.94,1363.71
2024-08-12,20.71,3.9,1369.87
2024-08-13,18.12,3.85,1367.28
2024-08-14,16.19,3.83,1355.35
2024-08-15,15.23,3.92,1363.21
2024-08-16,14.8,3.89,1354.34
2024-08-19,14.65,3.86,1334.21
2024-08-20,15.88,3.82,1331.78
2024-08-21,16.27,3.79,1333.74
2024-08-22,17.55,3.86,1343.23
2024-08-23,15.86,3.81,1327.56
2024-08-26,16.15,3.82,1328.53
2024-08-27,15.43,3.83,1330.9
2024-08-28,17.11,3.84,1335.15
2024-08-29,15.65,3.87,1332.02
2024-08-30,15.0,3.91,1336.0
2024-09-02,15.55,,
2024-09-03,20.72,3.84,1339.79
2024-09-04,21.32,3.77,1336.93
2024-09-05,19.9,3.73,1335.14
2024-09-06,22.38,3.72,1335.68
2024-09-09,19.45,3.7,1342.16
2024-09-10,19.08,3.65,1343.41
2024-09-11,17.69,3.65,1340.59
2024-09-12,17.07,3.68,1341.35
2024-09-13,16.56,3.66,1329.26
2024-09-16,17.14,3.63,1320.59
2024-09-17,17.61,3.65,1323.81
2024-09-18,18.23,3.7,1324.15
2024-09-19,16.33,3.73,1329.08
2024-09-20,16.15,3.73,1333.66
2024-09-23,15.89,3.75,1334.12
2024-09-24,15.39,3.74,1330.0
2024-09-25,15.41,3.79,1335.1
2024-09-26,15.37,3.79,1314.78
2024-09-27,16.96,3.75,1309.43
2024-09-30,16.73,3.81,1314.94
2024-10-01,19.26,3.74,1323.78
2024-10-02,18.9,3.79,1321.53
2024-10-03,20.49,3.85,1335.58
2024-10-04,19.21,3.98,1348.74
2024-10-07,22.64,4.03,1343.75
2024-10-08,21.42,4.04,1346.49
2024-10-09,20.86,4.06,1346.04
2024-10-10,20.93,4.09,1350.77
2024-10-11,20.46,4.08,1350.71
2024-10-14,19.7,,
2024-10-15,20.64,4.03,1365.17
2024-10-16,19.58,4.02,1363.76
2024-10-17,19.11,4.09,1371.08
2024-10-18,18.03,4.08,1369.65
2024-10-21,18.37,4.19,1379.14
2024-10-22,18.2,4.2,1379.22
2024-10-23,19.24,4.24,1381.61
2024-10-24,19.08,4.21,1382.11
2024-10-25,20.33,4.25,1389.24
2024-10-28,19.8,4.28,1385.57
2024-10-29,19.34,4.28,1382.2
2024-10-30,20.35,4.29,1378.41
2024-10-31,23.16,4.28,1377.57
2024-11-01,21.88,4.37,1376.95
2024-11-04,21.98,4.31,1375.17
2024-11-05,20.49,4.26,1380.26
2024-11-06,16.27,4.42,1399.98
2024-11-07,15.2,4.31,1384.66
2024-11-08,14.94,4.3,1396.69
2024-11-11,14.97,,
2024-11-12,14.71,4.43,1408.28
2024-11-13,14.02,4.44,1404.24
2024-11-14,14.31,4.43,1402.77
2024-11-15,16.14,4.43,1397.42
2024-11-18,15.58,4.42,1394.28
2024-11-19,16.35,4.39,1392.83
2024-11-20,17.16,4.41,1399.51
2024-11-21,16.87,4.43,1401.0
2024-11-22,15.24,4.41,1405.49
2024-11-25,14.6,4.27,1401.03
2024-11-26,14.1,4.3,1396.69
2024-11-27,14.1,4.25,1391.14
2024-11-28,13.9,,
2024-11-29,13.51,4.18,1396.99
2024-12-02,13.34,4.19,1406.13
2024-12-03,13.3,4.23,1427.83
2024-12-04,13.45,4.19,1412.16
2024-12-05,13.54,4.17,1415.88
2024-12-06,12.77,4.15,1422.4
2024-12-09,14.19,4.2,1430.05
2024-12-10,14.18,4.22,1432.6
2024-12-11,13.58,4.26,1428.5
2024-12-12,13.92,4.32,1429.47
2024-12-13,13.81,4.4,1434.82
2024-12-16,14.69,4.39,1437.86
2024-12-17,15.87,4.4,1436.16
2024-12-18,27.62,4.5,1438.13
2024-12-19,24.09,4.57,1446.06
2024-12-20,18.36,4.52,1444.52
2024-12-23,16.78,4.59,1451.76
2024-12-24,14.27,4.59,1457.36
2024-12-25,,,
2024-12-26,14.73,4.58,1467.66
2024-12-27,15.95,4.62,1470.4
2024-12-30,17.4,4.55,1472.32
2024-12-31,17.35,4.58,1477.86
2025-01-01,,,
2025-01-02,17.93,4.57,1472.52
2025-01-03,16.13,4.6,1470.0
2025-01-06,16.04,4.62,1459.94
2025-01-07,17.82,4.67,1452.42
2025-01-08,17.7,4.67,1459.85
2025-01-09,18.07,4.68,1459.23
2025-01-10,19.54,4.77,1473.36
2025-01-13,19.19,4.79,1466.87
2025-01-14,18.71,4.78,1459.5
2025-01-15,16.12,4.66,1456.5
2025-01-16,16.6,4.61,1456.16
2025-01-17,15.97,4.61,1457.04
2025-01-20,15.81,,
2025-01-21,15.06,4.57,1435.29
2025-01-22,15.1,4.6,1435.77
2025-01-23,15.02,4.65,1434.29
2025-01-24,14.85,4.63,1429.17
2025-01-27,17.9,4.53,1433.83
2025-01-28,16.41,4.55,1446.42
2025-01-29,16.56,4.55,1441.85
2025-01-30,15.84,4.52,1442.16
2025-01-31,16.43,4.58,1453.86
2025-02-03,18.62,4.54,1461.21
2025-02-04,17.21,4.52,1451.02
2025-02-05,15.77,4.43,1442.37
2025-02-06,15.5,4.45,1447.05
2025-02-07,16.54,4.49,1453.97
2025-02-10,15.81,4.51,1451.0
2025-02-11,16.02,4.54,1452.31
2025-02-12,15.89,4.62,1453.49
2025-02-13,15.1,4.52,1446.95
2025-02-14,14.77,4.47,1439.89
2025-02-17,15.37,,
2025-02-18,15.35,4.55,1438.83
2025-02-19,15.27,4.53,1441.06
2025-02-20,15.66,4.5,1434.71
2025-02-21,18.21,4.42,1434.06
2025-02-24,18.98,4.4,1429.77
2025-02-25,19.43,4.3,1433.79
2025-02-26,19.1,4.25,1433.2
2025-02-27,21.13,4.29,1447.35
2025-02-28,19.63,4.24,1459.04
2025-03-03,22.78,4.16,1456.49
2025-03-04,23.51,4.22,1458.46
2025-03-05,21.93,4.28,1445.21
2025-03-06,24.87,4.29,1447.34
2025-03-07,23.37,4.32,1449.3
2025-03-10,27.86,4.22,1456.74
2025-03-11,26.92,4.28,1453.07
2025-03-12,24.23,4.32,1451.7
2025-03-13,24.66,4.27,1455.76
2025-03-14,21.77,4.31,1451.76
2025-03-17,20.51,4.31,1444.71
2025-03-18,21.7,4.29,1451.28
2025-03-19,19.9,4.25,1462.15
2025-03-20,19.8,4.24,1467.77
2025-03-21,19.28,4.25,1466.49
2025-03-24,17.48,4.34,1466.91
2025-03-25,17.15,4.31,1465.32
2025-03-26,18.33,4.35,1467.25
2025-03-27,18.69,4.38,1463.9
2025-03-28,21.65,4.27,1469.2
2025-03-31,22.28,4.23,1474.44
2025-04-01,21.77,4.17,1471.0
2025-04-02,21.51,4.2,1462.06
2025-04-03,30.02,4.06,1450.55
2025-04-04,45.31,4.01,1457.76
2025-04-07,46.98,4.15,1470.22
2025-04-08,52.33,4.26,1477.97
2025-04-09,33.62,4.34,1472.75
2025-04-10,40.72,4.4,1450.37
2025-04-11,37.56,4.48,1418.79
2025-04-14,30.89,4.38,1422.56
2025-04-15,30.12,4.35,1427.16
2025-04-16,32.64,4.29,1415.24
2025-04-17,29.65,4.34,1416.1
2025-04-18,,,1423.49
2025-04-21,33.82,4.42,1420.52
2025-04-22,30.57,4.41,1425.0
2025-04-23,28.45,4.4,1425.88
2025-04-24,26.47,4.32,1432.97
2025-04-25,24.84,4.29,1440.72
2025-04-28,25.15,4.23,1436.31
2025-04-29,24.17,4.19,1432.01
2025-04-30,24.7,4.17,1425.68
2025-05-01,24.6,4.25,1437.58
2025-05-02,22.68,4.33,1398.89
2025-05-05,23.64,4.36,1375.11
2025-05-06,24.76,4.3,1377.15
2025-05-07,23.55,4.26,1391.86
2025-05-08,22.48,4.37,1403.61
2025-05-09,21.9,4.37,1398.51
2025-05-12,18.39,4.45,1417.77
2025-05-13,18.22,4.49,1418.65
2025-05-14,18.62,4.53,1398.83
2025-05-15,17.83,4.45,1397.65
2025-05-16,17.24,4.43,1401.19
2025-05-19,18.14,4.46,1388.48
2025-05-20,18.09,4.48,1393.36
2025-05-21,20.87,4.58,1371.64
2025-05-22,20.28,4.54,1381.55
2025-05-23,22.29,4.51,1365.03
2025-05-26,20.57,,
2025-05-27,18.96,4.43,1375.85
2025-05-28,19.31,4.47,1374.6
2025-05-29,19.18,4.43,1371.75
2025-05-30,18.57,4.41,1381.13
2025-06-02,18.36,4.46,1376.42
2025-06-03,17.69,4.46,1378.45
2025-06-04,17.61,4.37,1364.16
2025-06-05,18.48,4.4,1355.97
2025-06-06,16.77,4.51,1360.28
2025-06-09,17.16,4.49,1354.99
2025-06-10,16.95,4.47,1367.55
2025-06-11,17.26,4.41,1368.29
2025-06-12,18.02,4.36,1356.47
2025-06-13,20.82,4.41,1364.93
2025-06-16,19.11,4.46,1357.55
2025-06-17,21.6,4.39,1370.29
2025-06-18,20.14,4.38,1372.11
2025-06-19,22.17,,
2025-06-20,20.62,4.38,1372.45
2025-06-23,19.83,4.34,1382.61
2025-06-24,17.48,4.3,1359.0
2025-06-25,16.76,4.29,1362.17
2025-06-26,16.59,4.26,1355.64
2025-06-27,16.32,4.29,1360.72
2025-06-30,16.73,4.24,1353.5
2025-07-01,16.83,4.26,1358.06
2025-07-02,16.64,4.3,1356.9
2025-07-03,16.38,4.35,1364.65
2025-07-04,17.48,,
2025-07-07,17.79,4.4,1369.6
2025-07-08,16.81,4.42,1372.74
2025-07-09,15.94,4.34,1375.04
2025-07-10,15.78,4.35,1373.37
2025-07-11,16.4,4.43,1375.37
2025-07-14,17.2,4.43,1382.51
2025-07-15,17.38,4.5,1385.39
2025-07-16,17.16,4.46,1390.84
2025-07-17,16.52,4.47,1391.04
2025-07-18,16.41,4.44,1390.29
2025-07-21,16.65,4.38,1381.22
2025-07-22,16.5,4.35,1381.58
2025-07-23,15.37,4.4,1375.38
2025-07-24,15.39,4.43,1371.0
2025-07-25,14.93,4.4,1382.92
2025-07-28,15.03,4.42,1388.21
2025-07-29,15.98,4.34,1390.63
2025-07-30,15.48,4.38,1391.58
2025-07-31,16.72,4.37,1396.19
2025-08-01,20.38,4.23,1388.34
2025-08-04,17.52,4.22,1385.71
2025-08-05,17.85,4.22,1386.64
2025-08-06,16.77,4.22,1384.64
2025-08-07,16.57,4.23,1386.05
2025-08-08,15.15,4.27,1389.7
2025-08-11,16.25,4.27,1392.74
2025-08-12,14.73,4.29,1385.4
2025-08-13,14.49,4.24,1378.9
2025-08-14,14.83,4.29,1390.59
2025-08-15,15.09,4.33,1387.87
2025-08-18,14.99,4.34,1387.34
2025-08-19,15.57,4.3,1392.04
2025-08-20,15.69,4.29,1397.7
2025-08-21,16.6,4.33,1401.88
2025-08-22,14.22,4.26,1381.71
2025-08-25,14.79,4.28,1389.06
2025-08-26,14.62,4.26,1393.52
2025-08-27,14.85,4.24,1394.54
2025-08-28,14.43,4.22,1384.85
2025-08-29,15.36,4.23,1389.76
2025-09-01,16.12,,
2025-09-02,17.17,4.28,1394.76
2025-09-03,16.35,4.22,1389.21
2025-09-04,15.3,4.17,1394.8
2025-09-05,15.18,4.1,1385.28
2025-09-08,15.11,4.05,1386.29
2025-09-09,15.04,4.08,1388.16
2025-09-10,15.35,4.04,1386.97
2025-09-11,14.71,4.01,1388.97
2025-09-12,14.76,4.06,1394.06
2025-09-15,15.69,4.05,1385.09
2025-09-16,16.36,4.04,1381.49
2025-09-17,15.72,4.06,1375.5
2025-09-18,15.7,4.11,1388.51
2025-09-19,15.45,4.14,1397.43
2025-09-22,16.1,4.15,1392.4
2025-09-23,16.64,4.12,1394.28
2025-09-24,16.18,4.16,1404.7
2025-09-25,16.74,4.18,1408.67
2025-09-26,15.29,4.2,1410.05
2025-09-29,16.12,4.15,1399.76
2025-09-30,16.28,4.16,1404.63
2025-10-01,16.29,4.12,1402.45
2025-10-02,16.63,4.1,1406.72
2025-10-03,16.65,4.13,1406.16
2025-10-06,16.37,4.18,1410.47
2025-10-07,17.24,4.14,1413.12
2025-10-08,16.3,4.13,1424.17
2025-10-09,16.43,4.14,1423.68
2025-10-10,21.66,4.05,1428.39
2025-10-13,19.03,,
2025-10-14,20.81,4.03,1429.91
2025-10-15,20.64,4.05,1423.12
2025-10-16,25.31,3.99,1416.07
2025-10-17,20.78,4.02,1421.89
2025-10-20,18.23,4.0,1420.39
2025-10-21,17.87,3.98,1430.58
2025-10-22,18.6,3.97,1429.94
2025-10-23,17.3,4.01,1437.25
2025-10-24,16.37,4.02,1438.35
2025-10-27,15.79,4.01,1432.72
2025-10-28,16.42,3.99,1432.72
2025-10-29,16.92,4.08,1420.83
2025-10-30,16.91,4.11,1430.45
2025-10-31,17.44,4.11,1428.37
2025-11-03,17.17,4.13,1430.65
2025-11-04,19.0,4.1,1440.22
2025-11-05,18.01,4.17,1440.95
2025-11-06,19.5,4.11,1449.28
2025-11-07,19.08,4.11,1461.07
2025-11-10,17.6,4.13,1456.34
2025-11-11,17.28,,
2025-11-12,17.51,4.08,1468.6
2025-11-13,20.0,4.11,1465.32
2025-11-14,19.83,4.14,1453.2
2025-11-17,22.38,4.13,1459.71
2025-11-18,24.69,4.12,1461.3
2025-11-19,23.66,4.13,1467.69
2025-11-20,26.42,4.1,1472.65
2025-11-21,23.43,4.06,1470.84
2025-11-24,20.52,4.04,1475.94
2025-11-25,18.56,4.01,1468.02
2025-11-26,17.19,4.0,1468.39
2025-11-27,17.21,,
2025-11-28,16.35,4.02,1467.65
2025-12-01,17.24,4.09,1467.79
2025-12-02,16.59,4.09,1469.23
2025-12-03,16.08,4.06,1465.94
2025-12-04,15.78,4.11,1473.22
2025-12-05,15.41,4.14,1472.83
2025-12-08,16.66,4.17,1469.19
2025-12-09,16.93,4.18,1469.48
2025-12-10,15.77,4.13,1470.2
2025-12-11,14.85,4.14,1471.38
2025-12-12,15.74,4.19,1477.72
2025-12-15,16.5,4.18,1468.62
2025-12-16,16.48,4.15,1472.48
2025-12-17,17.62,4.16,1475.05
2025-12-18,16.87,4.12,1473.21
2025-12-19,14.91,4.16,1477.26
2025-12-22,14.08,4.17,1480.13
2025-12-23,14.0,4.18,1481.45
2025-12-24,13.47,4.15,1443.62
2025-12-25,,,
2025-12-26,13.6,4.14,1441.16
2025-12-29,14.2,4.12,1433.88
2025-12-30,14.33,4.14,1439.42
2025-12-31,14.95,4.18,1444.55
