ticker,trade_date,short_vol,short_amt,lending_balance_amt
237690,2020-01-02,8192,239430000,16051000000
237690,2020-01-03,7495,220760000,15621000000
237690,2020-01-06,2968,83160000,14803000000
237690,2020-01-07,1992,56690000,15310000000
237690,2020-01-08,1054,29010000,14787000000
237690,2020-01-09,2786,78880000,15228000000
237690,2020-01-10,10123,283870000,20690000000
237690,2020-01-13,7533,207980000,19481000000
237690,2020-01-14,535,14500000,17289000000
237690,2020-01-15,1591,42920000,17022000000
237690,2020-01-16,139,3920000,18524000000
237690,2020-01-17,1643,46160000,19124000000
237690,2020-01-20,2576,71250000,18943000000
237690,2020-01-21,308,8240000,18361000000
237690,2020-01-22,1748,50840000,19334000000
237690,2020-01-23,2939,84850000,18692000000
237690,2020-01-28,15309,443480000,18869000000
237690,2020-01-29,10138,292270000,19516000000
237690,2020-01-30,11549,327100000,19693000000
237690,2020-01-31,9137,260740000,17577000000
237690,2020-02-03,4686,130280000,17856000000
237690,2020-02-04,15503,462820000,20675000000
237690,2020-02-05,6692,205440000,21051000000
237690,2020-02-06,6399,194420000,20815000000
237690,2020-02-07,3885,113300000,20336000000
237690,2020-02-10,4905,145550000,20581000000
237690,2020-02-11,4530,134500000,23217000000
237690,2020-02-12,5455,159290000,22819000000
237690,2020-02-13,10983,331080000,26017000000
237690,2020-02-14,11534,345040000,26050000000
237690,2020-02-17,7996,234000000,25476000000
237690,2020-02-18,8857,251680000,24505000000
237690,2020-02-19,3859,109800000,24940000000
237690,2020-02-20,4411,123830000,25064000000
237690,2020-02-21,5730,158990000,22032000000
237690,2020-02-24,8961,251640000,22244000000
237690,2020-02-25,3437,98580000,25434000000
237690,2020-02-26,13362,425290000,28124000000
237690,2020-02-27,16731,553040000,26452000000
237690,2020-02-28,13009,384700000,25098000000
237690,2020-03-02,17625,525840000,27041000000
237690,2020-03-03,10055,307130000,27268000000
237690,2020-03-04,10739,339800000,30047000000
237690,2020-03-05,24959,850990000,32508000000
237690,2020-03-06,11798,426650000,34249000000
237690,2020-03-09,6614,235250000,31538000000
237690,2020-03-10,10106,333110000,32827000000
237690,2020-03-11,8514,262170000,30364000000
237690,2020-03-12,75344,2380590000,30542000000
237690,2020-03-13,2007,53380000,27750000000
237690,2020-03-16,1951,51230000,22403000000
237690,2020-03-17,35,840000,23428000000
237690,2020-03-18,0,0,20175000000
237690,2020-03-19,92,2160000,18194000000
237690,2020-03-20,9,250000,21403000000
237690,2020-03-23,2,50000,19434000000
237690,2020-03-24,13,360000,20466000000
237690,2020-03-25,60,1650000,20615000000
237690,2020-03-26,46,1260000,21300000000
237690,2020-03-27,137,3930000,22172000000
237690,2020-03-30,26,750000,23250000000
237690,2020-03-31,4,130000,24054000000
237690,2020-04-01,265,8540000,24420000000
237690,2020-04-02,254,7940000,24198000000
237690,2020-04-03,138,4690000,25455000000
237690,2020-04-06,0,0,29650000000
237690,2020-04-07,24,960000,29972000000
237690,2020-04-08,36,1410000,27450000000
237690,2020-04-09,228,8470000,26793000000
237690,2020-04-10,17,640000,27268000000
237690,2020-04-13,128,4770000,25460000000
237690,2020-04-14,53,1780000,24440000000
237690,2020-04-16,66,2190000,23338000000
237690,2020-04-17,0,0,23171000000
237690,2020-04-20,433,14510000,23829000000
237690,2020-04-21,97,3360000,24331000000
237690,2020-04-22,0,0,24666000000
237690,2020-04-23,443,16510000,24585000000
237690,2020-04-24,48,1690000,23221000000
237690,2020-04-27,33,1120000,22390000000
237690,2020-04-28,323,11070000,22535000000
237690,2020-04-29,105,3450000,21794000000
237690,2020-05-04,91,3090000,22616000000
237690,2020-05-06,64,2240000,23339000000
237690,2020-05-07,10,360000,25031000000
237690,2020-05-08,11,410000,25498000000
237690,2020-05-11,79,2910000,24548000000
237690,2020-05-12,58,2070000,24656000000
237690,2020-05-13,26,1020000,32024000000
237690,2020-05-14,71,2720000,30879000000
237690,2020-05-15,163,5950000,29740000000
237690,2020-05-18,35,1270000,29403000000
237690,2020-05-19,2,70000,29050000000
237690,2020-05-20,93,3330000,29034000000
237690,2020-05-21,139,4980000,29463000000
237690,2020-05-22,58,2070000,28736000000
237690,2020-05-25,100,3590000,29208000000
237690,2020-05-26,113,4050000,29532000000
237690,2020-05-27,37,1320000,28910000000
237690,2020-05-28,14,490000,28700000000
237690,2020-05-29,109,3980000,25832000000
237690,2020-06-01,61,2230000,25802000000
237690,2020-06-02,12,450000,26434000000
237690,2020-06-03,2,70000,24939000000
237690,2020-06-04,0,0,23542000000
237690,2020-06-05,3,100000,23529000000
237690,2020-06-08,111,3910000,23230000000
237690,2020-06-09,144,5200000,23913000000
237690,2020-06-10,0,0,23697000000
237690,2020-06-11,942,37480000,25176000000
237690,2020-06-12,1165,46950000,25574000000
237690,2020-06-15,55,2050000,23278000000
237690,2020-06-16,228,9330000,25606000000
237690,2020-06-17,21,820000,23749000000
237690,2020-06-18,64,2490000,23520000000
237690,2020-06-19,262,9940000,23177000000
237690,2020-06-22,176,7020000,24279000000
237690,2020-06-23,279,11850000,24638000000
237690,2020-06-24,190,8400000,25879000000
237690,2020-06-25,176,7470000,24624000000
237690,2020-06-26,19,840000,25843000000
237690,2020-06-29,183,7840000,24730000000
237690,2020-06-30,83,3430000,23561000000
237690,2020-07-01,29,1150000,22948000000
237690,2020-07-02,215,8490000,23118000000
237690,2020-07-03,112,4640000,24723000000
237690,2020-07-06,14,700000,29567000000
237690,2020-07-07,151,7720000,30246000000
237690,2020-07-08,302,15470000,29316000000
237690,2020-07-09,84,4220000,29139000000
237690,2020-07-10,44,2010000,26732000000
237690,2020-07-13,328,15430000,27317000000
237690,2020-07-14,133,6490000,28333000000
237690,2020-07-15,144,7090000,28560000000
237690,2020-07-16,134,6550000,27914000000
237690,2020-07-17,192,10150000,30087000000
237690,2020-07-20,329,17350000,30250000000
237690,2020-07-21,343,18400000,30700000000
237690,2020-07-22,90,5250000,33371000000
237690,2020-07-23,55,3260000,33584000000
237690,2020-07-24,64,3700000,32790000000
237690,2020-07-27,91,5430000,32247000000
237690,2020-07-28,5,300000,32900000000
237690,2020-07-29,20,1130000,30664000000
237690,2020-07-30,311,17620000,30599000000
237690,2020-07-31,86,5260000,32892000000
237690,2020-08-03,133,8270000,33911000000
237690,2020-08-04,97,5840000,32916000000
237690,2020-08-05,184,11080000,32981000000
237690,2020-08-06,112,6780000,33154000000
237690,2020-08-07,102,6070000,32613000000
237690,2020-08-10,131,7830000,32708000000
237690,2020-08-11,33,1970000,32690000000
237690,2020-08-12,27,1760000,35523000000
237690,2020-08-13,129,8160000,34567000000
237690,2020-08-14,24,1420000,32019000000
237690,2020-08-18,111,6200000,30391000000
237690,2020-08-19,101,6100000,33032000000
237690,2020-08-20,17,990000,30555000000
237690,2020-08-21,0,0,30322000000
237690,2020-08-24,54,3250000,32133000000
237690,2020-08-25,61,4010000,35093000000
237690,2020-08-26,26,1680000,35040000000
237690,2020-08-27,42,2780000,35505000000
237690,2020-08-28,85,5480000,34713000000
237690,2020-08-31,148,9510000,34561000000
237690,2020-09-01,100,6350000,33914000000
237690,2020-09-02,92,6160000,35714000000
237690,2020-09-03,2,130000,34802000000
237690,2020-09-04,122,7770000,33739000000
237690,2020-09-07,131,8330000,32959000000
237690,2020-09-08,23,1430000,32135000000
237690,2020-09-09,33,2010000,31568000000
237690,2020-09-10,132,8290000,32455000000
237690,2020-09-11,4,240000,32785000000
237690,2020-09-14,55,3340000,32587000000
237690,2020-09-15,90,5740000,34112000000
237690,2020-09-16,0,0,40107000000
237690,2020-09-17,97,7010000,40014000000
237690,2020-09-18,3,230000,42932000000
237690,2020-09-21,41,3000000,41026000000
237690,2020-09-22,115,8040000,39771000000
237690,2020-09-23,48,3530000,43970000000
237690,2020-09-24,128,9480000,44362000000
237690,2020-09-25,27,1930000,43510000000
237690,2020-09-28,9,640000,43712000000
237690,2020-09-29,15,1070000,43724000000
237690,2020-10-05,3,230000,46514000000
237690,2020-10-06,31,2290000,45839000000
237690,2020-10-07,49,3680000,48106000000
237690,2020-10-08,50,3660000,47020000000
237690,2020-10-12,72,5300000,47326000000
237690,2020-10-13,31,2270000,47258000000
237690,2020-10-14,61,4560000,48269000000
237690,2020-10-15,54,3960000,47514000000
237690,2020-10-16,32,2350000,48225000000
237690,2020-10-19,57,3840000,45042000000
237690,2020-10-20,110,7340000,44647000000
237690,2020-10-21,25,1610000,44174000000
237690,2020-10-22,22,1370000,43001000000
237690,2020-10-23,36,2260000,43682000000
237690,2020-10-26,96,5600000,40007000000
237690,2020-10-27,4,230000,41368000000
237690,2020-10-28,49,2960000,41555000000
237690,2020-10-29,53,3310000,42948000000
237690,2020-10-30,2,120000,39665000000
237690,2020-11-02,50,3110000,40499000000
237690,2020-11-03,47,2950000,40765000000
237690,2020-11-04,116,7580000,40258000000
237690,2020-11-05,29,1970000,42125000000
237690,2020-11-06,19,1250000,39816000000
237690,2020-11-09,18,1230000,41266000000
237690,2020-11-10,13,890000,41049000000
237690,2020-11-11,104,7030000,40845000000
237690,2020-11-12,50,3290000,39757000000
237690,2020-11-13,43,2780000,38652000000
237690,2020-11-16,3,190000,39648000000
237690,2020-11-17,22,1430000,40648000000
237690,2020-11-18,2,150000,48028000000
237690,2020-11-19,0,0,47345000000
237690,2020-11-20,7,530000,44901000000
237690,2020-11-23,0,0,47428000000
237690,2020-11-24,0,0,43372000000
237690,2020-11-25,72,5280000,41984000000
237690,2020-11-26,20,1480000,39322000000
237690,2020-11-27,0,0,40283000000
237690,2020-11-30,56,4420000,42077000000
237690,2020-12-01,2,160000,40646000000
237690,2020-12-02,51,4170000,42604000000
237690,2020-12-03,12,970000,41512000000
237690,2020-12-04,2,210000,54021000000
237690,2020-12-07,32,3500000,56002000000
237690,2020-12-08,0,0,55828000000
237690,2020-12-09,101,10380000,61858000000
237690,2020-12-10,3334,348310000,67266000000
237690,2020-12-11,400,40510000,64942000000
237690,2020-12-14,211,22210000,65506000000
237690,2020-12-15,8,830000,65161000000
237690,2020-12-16,0,0,66958000000
237690,2020-12-17,11,1170000,66521000000
237690,2020-12-18,17,1820000,68259000000
237690,2020-12-21,0,0,69639000000
237690,2020-12-22,1,100000,67822000000
237690,2020-12-23,0,0,62919000000
237690,2020-12-24,38,3580000,64432000000
237690,2020-12-28,0,0,58329000000
237690,2020-12-29,0,0,63932000000
237690,2020-12-30,0,0,63777000000
237690,2020-12-31,0,0,63777000000
237690,2021-01-04,0,0,63839000000
237690,2021-01-05,0,0,61494000000
237690,2021-01-06,3,300000,61023000000
237690,2021-01-07,63,6140000,60524000000
237690,2021-01-08,33,3170000,60180000000
237690,2021-01-11,53,4930000,57029000000
237690,2021-01-12,173,15830000,56060000000
237690,2021-01-13,48,4220000,54067000000
237690,2021-01-14,160,14240000,56248000000
237690,2021-01-15,53,4620000,53295000000
237690,2021-01-18,93,7860000,50558000000
237690,2021-01-19,67,5490000,48944000000
237690,2021-01-20,8,670000,53043000000
237690,2021-01-21,20,1720000,49108000000
237690,2021-01-22,45,4070000,50681000000
237690,2021-01-25,40,3720000,51805000000
237690,2021-01-26,6,540000,50470000000
237690,2021-01-27,55,4910000,49685000000
237690,2021-01-28,84,7200000,47675000000
237690,2021-01-29,81,7180000,49976000000
237690,2021-02-01,124,11260000,52141000000
237690,2021-02-02,44,4130000,54618000000
237690,2021-02-03,24,2270000,55117000000
237690,2021-02-04,52,4890000,54779000000
237690,2021-02-05,29,2720000,54087000000
237690,2021-02-08,0,0,52002000000
237690,2021-02-09,49,4390000,51348000000
237690,2021-02-10,28,2510000,51574000000
237690,2021-02-15,18,1610000,51467000000
237690,2021-02-16,2,170000,49661000000
237690,2021-02-17,38,3180000,48488000000
237690,2021-02-18,30,2490000,47845000000
237690,2021-02-19,73,6100000,48355000000
237690,2021-02-22,38,3040000,52196000000
237690,2021-02-23,31,2370000,49799000000
237690,2021-02-24,5,390000,49002000000
237690,2021-02-25,22,1770000,50330000000
237690,2021-02-26,111,8600000,48948000000
237690,2021-03-02,87,6980000,51068000000
237690,2021-03-03,14,1110000,50594000000
237690,2021-03-04,65,4970000,48856000000
237690,2021-03-05,75,5500000,47309000000
237690,2021-03-08,2,140000,44473000000
237690,2021-03-09,63,4440000,45053000000
237690,2021-03-10,0,0,44879000000
237690,2021-03-11,2,150000,47256000000
237690,2021-03-12,206,15920000,49044000000
237690,2021-03-15,42,3340000,49259000000
237690,2021-03-16,7,580000,52401000000
237690,2021-03-17,154,13160000,55519000000
237690,2021-03-18,28,2420000,55326000000
237690,2021-03-19,122,10390000,54746000000
237690,2021-03-22,43,3540000,51417000000
237690,2021-03-23,37,3110000,53903000000
237690,2021-03-24,54,4690000,54700000000
237690,2021-03-25,0,0,53733000000
237690,2021-03-26,25,2120000,57103000000
237690,2021-03-29,111,9310000,57437000000
237690,2021-03-30,0,0,57703000000
237690,2021-03-31,69,5860000,60051000000
237690,2021-04-01,19,1620000,37522000000
237690,2021-04-02,0,0,37041000000
237690,2021-04-05,4,330000,36765000000
237690,2021-04-06,26,2120000,35634000000
237690,2021-04-07,70,5600000,35798000000
237690,2021-04-08,52,4140000,38222000000
237690,2021-04-09,52,4960000,40202000000
237690,2021-04-12,0,0,45248000000
237690,2021-04-13,0,0,44605000000
237690,2021-04-14,34,3590000,45073000000
237690,2021-04-15,56,6300000,47980000000
237690,2021-04-16,31,4070000,57987000000
237690,2021-04-19,33,4400000,62330000000
237690,2021-04-20,0,0,65003000000
237690,2021-04-21,292,38650000,62625000000
237690,2021-04-22,55,7230000,62661000000
237690,2021-04-23,127,17710000,64205000000
237690,2021-04-26,70,9980000,67740000000
237690,2021-04-27,42,5800000,58468000000
237690,2021-04-28,43,5310000,58107000000
237690,2021-04-29,97,10850000,51958000000
237690,2021-04-30,17,1940000,54352000000
237690,2021-05-03,31853,3782200000,73321000000
237690,2021-05-04,43,4980000,73622000000
237690,2021-05-06,56387,6270060000,76339000000
237690,2021-05-07,8,890000,80029000000
237690,2021-05-10,56728,6917610000,103645000000
237690,2021-05-11,85,10680000,102578000000
237690,2021-05-12,36244,4281170000,99531000000
237690,2021-05-13,13,1540000,96379000000
237690,2021-05-14,28310,3193620000,94240000000
237690,2021-05-17,56407,6369320000,91774000000
237690,2021-05-18,23,2790000,108567000000
237690,2021-05-20,42116,4926970000,104325000000
237690,2021-05-21,9838,1150690000,103753000000
237690,2021-05-24,9823,1044230000,92193000000
237690,2021-05-25,22670,2454170000,102440000000
237690,2021-05-26,11129,1254330000,102040000000
237690,2021-05-27,6296,728280000,103284000000
237690,2021-05-28,11278,1273580000,100245000000
237690,2021-05-31,18782,2129650000,102200000000
237690,2021-06-01,33592,3680120000,96493000000
237690,2021-06-02,13692,1496740000,98396000000
237690,2021-06-03,7154,773530000,96924000000
237690,2021-06-04,11010,1193380000,96312000000
237690,2021-06-07,14665,1558400000,95971000000
237690,2021-06-08,3433,362550000,96479000000
237690,2021-06-09,7220,732160000,91411000000
237690,2021-06-10,4478,460350000,94192000000
237690,2021-06-11,9645,1029720000,96294000000
237690,2021-06-14,10183,1074310000,92665000000
237690,2021-06-15,9732,1004420000,90268000000
237690,2021-06-16,9023,959350000,95056000000
237690,2021-06-17,42565,4315760000,91219000000
237690,2021-06-18,5307,526070000,91552000000
237690,2021-06-21,2841,288960000,90293000000
237690,2021-06-22,9727,983040000,99593000000
237690,2021-06-23,7753,821740000,99364000000
237690,2021-06-24,36168,3726520000,98194000000
237690,2021-06-25,5265,542290000,97119000000
237690,2021-06-28,3804,407950000,97660000000
237690,2021-06-29,25856,2848520000,99370000000
237690,2021-06-30,34725,3864740000,114442000000
237690,2021-07-01,7950,892170000,117129000000
237690,2021-07-02,19474,2324870000,119666000000
237690,2021-07-05,24145,2875070000,119252000000
237690,2021-07-06,24172,2775750000,112391000000
237690,2021-07-07,9129,1025540000,111368000000
237690,2021-07-08,10215,1120040000,108167000000
237690,2021-07-09,11862,1270530000,113840000000
237690,2021-07-12,11474,1209600000,109822000000
237690,2021-07-13,11567,1210940000,110796000000
237690,2021-07-14,22197,2308700000,110794000000
237690,2021-07-15,22729,2386940000,112113000000
237690,2021-07-16,16777,1810720000,116724000000
237690,2021-07-19,16328,1740320000,114853000000
237690,2021-07-20,8878,944970000,113260000000
237690,2021-07-21,7397,789560000,113144000000
237690,2021-07-22,18733,1959570000,111607000000
237690,2021-07-23,6331,670560000,114707000000
237690,2021-07-26,13753,1437240000,114665000000
237690,2021-07-27,12964,1346960000,115777000000
237690,2021-07-28,14870,1575280000,116915000000
237690,2021-07-29,7938,871590000,120244000000
237690,2021-07-30,9163,989860000,116799000000
237690,2021-08-02,1978,215210000,118018000000
237690,2021-08-03,8013,876480000,118223000000
237690,2021-08-04,6238,708000000,125957000000
237690,2021-08-05,16125,1934520000,128471000000
237690,2021-08-06,19135,2275890000,117850000000
237690,2021-08-09,34413,3816930000,107907000000
237690,2021-08-10,18703,2108820000,111047000000
237690,2021-08-11,15159,1706750000,114106000000
237690,2021-08-12,11588,1303600000,114044000000
237690,2021-08-13,6161,694690000,113404000000
237690,2021-08-17,7056,811000000,115855000000
237690,2021-08-18,23994,2698240000,114735000000
237690,2021-08-19,10204,1111670000,110221000000
237690,2021-08-20,7690,805280000,105924000000
237690,2021-08-23,9726,1014050000,115163000000
237690,2021-08-24,11777,1235120000,110978000000
237690,2021-08-25,13713,1417450000,111199000000
237690,2021-08-26,19535,2012090000,108886000000
237690,2021-08-27,28556,2894250000,108595000000
237690,2021-08-30,10786,1090200000,109842000000
237690,2021-08-31,15205,1519610000,111966000000
237690,2021-09-01,9255,940020000,113212000000
237690,2021-09-02,11598,1230850000,118441000000
237690,2021-09-03,10052,1145910000,127612000000
237690,2021-09-06,9903,1178480000,130065000000
237690,2021-09-07,5849,700900000,129627000000
237690,2021-09-08,10156,1158480000,114571000000
237690,2021-09-09,6383,714930000,111416000000
237690,2021-09-10,2060,227140000,105190000000
237690,2021-09-13,1891,201950000,108550000000
237690,2021-09-14,5874,610520000,106997000000
237690,2021-09-15,12025,1249780000,104225000000
237690,2021-09-16,14880,1540700000,103272000000
237690,2021-09-17,15755,1637780000,103616000000
237690,2021-09-23,10257,1052840000,101005000000
237690,2021-09-24,21814,2230990000,98761000000
237690,2021-09-27,7409,755650000,96978000000
237690,2021-09-28,21767,2173630000,94208000000
237690,2021-09-29,16071,1516620000,90517000000
237690,2021-09-30,11324,1060140000,96958000000
237690,2021-10-01,11505,1057920000,95179000000
237690,2021-10-05,1723,149780000,88804000000
237690,2021-10-06,4794,409500000,88706000000
237690,2021-10-07,4149,363310000,91987000000
237690,2021-10-08,11100,940720000,89375000000
237690,2021-10-12,2682,224510000,88083000000
237690,2021-10-13,862,72250000,86772000000
237690,2021-10-14,962,83400000,90870000000
237690,2021-10-15,3919,342120000,88290000000
237690,2021-10-18,3961,334130000,84197000000
237690,2021-10-19,3150,269620000,87697000000
237690,2021-10-20,1840,158770000,81693000000
237690,2021-10-21,4341,372080000,84944000000
237690,2021-10-22,4316,365320000,85236000000
237690,2021-10-25,3046,257060000,85236000000
237690,2021-10-26,1166,100870000,86448000000
237690,2021-10-27,3815,322940000,85759000000
237690,2021-10-28,3584,313170000,88021000000
237690,2021-10-29,13766,1211460000,87865000000
237690,2021-11-01,20014,1858920000,91185000000
237690,2021-11-02,14786,1353110000,93974000000
237690,2021-11-03,18923,1775690000,99110000000
237690,2021-11-04,25042,2348410000,98770000000
237690,2021-11-05,6060,543860000,96024000000
237690,2021-11-08,9205,786470000,94738000000
237690,2021-11-09,6064,527290000,93231000000
237690,2021-11-10,11822,1017900000,92217000000
237690,2021-11-11,10586,900950000,91783000000
237690,2021-11-12,4831,413580000,93189000000
237690,2021-11-15,3611,317460000,97762000000
237690,2021-11-16,4151,361850000,96397000000
237690,2021-11-17,3313,282360000,95284000000
237690,2021-11-18,4783,403890000,94907000000
237690,2021-11-19,8833,784920000,101682000000
237690,2021-11-22,3072,284800000,104799000000
237690,2021-11-23,11075,994730000,100673000000
237690,2021-11-24,20629,1950750000,110764000000
237690,2021-11-25,20510,2245210000,130625000000
237690,2021-11-26,6725,774900000,130723000000
237690,2021-11-29,9422,1094570000,133808000000
237690,2021-11-30,13184,1643220000,145289000000
237690,2021-12-01,15751,1984640000,142752000000
237690,2021-12-02,17982,2350430000,135985000000
237690,2021-12-03,10883,1379490000,143402000000
237690,2021-12-06,11923,1546750000,147283000000
237690,2021-12-07,8672,1077170000,138637000000
237690,2021-12-08,6086,772530000,151421000000
237690,2021-12-09,13240,1736430000,153983000000
237690,2021-12-10,8376,1088840000,152219000000
237690,2021-12-13,1961,254510000,124140000000
237690,2021-12-14,4443,571420000,134121000000
237690,2021-12-15,10789,1432650000,136035000000
237690,2021-12-16,10499,1425880000,130994000000
237690,2021-12-17,14462,1942020000,125785000000
237690,2021-12-20,11557,1610720000,128110000000
237690,2021-12-21,14123,1958290000,119892000000
237690,2021-12-22,7151,966340000,116628000000
237690,2021-12-23,10438,1443450000,115890000000
237690,2021-12-24,13934,1952720000,114413000000
237690,2021-12-27,904,125770000,113762000000
237690,2021-12-28,14324,2048300000,111530000000
237690,2021-12-29,18726,2683490000,109708000000
237690,2021-12-30,4792,671880000,107533000000
237690,2021-12-31,0,0,107533000000
237690,2022-01-03,2424,337580000,115864000000
237690,2022-01-04,4974,661280000,106428000000
237690,2022-01-05,3950,510580000,107259000000
237690,2022-01-06,6391,796670000,99663000000
237690,2022-01-07,11884,1509840000,100133000000
237690,2022-01-10,4405,551770000,96091000000
237690,2022-01-11,5585,696350000,96170000000
237690,2022-01-12,7091,913400000,91688000000
237690,2022-01-13,17899,2290220000,88871000000
237690,2022-01-14,5752,728230000,89218000000
237690,2022-01-17,4726,588450000,88571000000
237690,2022-01-18,2462,304310000,86259000000
237690,2022-01-19,2863,342640000,84851000000
237690,2022-01-20,5977,743250000,88015000000
237690,2022-01-21,6434,775910000,84607000000
237690,2022-01-24,2075,237470000,81146000000
237690,2022-01-25,3817,425400000,80846000000
237690,2022-01-26,3861,426790000,79890000000
237690,2022-01-27,3346,347560000,75454000000
237690,2022-01-28,4439,462760000,76237000000
237690,2022-02-03,1945,209420000,78416000000
237690,2022-02-04,9022,953950000,76633000000
237690,2022-02-07,7062,732120000,75382000000
237690,2022-02-08,7966,819240000,74965000000
237690,2022-02-09,1849,189050000,71321000000
237690,2022-02-10,11786,1192930000,70723000000
237690,2022-02-11,9045,862830000,65584000000
237690,2022-02-14,5645,526410000,66653000000
237690,2022-02-15,1344,123670000,65485000000
237690,2022-02-16,7501,722770000,68550000000
237690,2022-02-17,8812,867260000,68103000000
237690,2022-02-18,8666,840460000,68587000000
237690,2022-02-21,3050,298540000,69934000000
237690,2022-02-22,6631,639750000,68263000000
237690,2022-02-23,7443,736890000,69704000000
237690,2022-02-24,8098,778280000,65953000000
237690,2022-02-25,5480,540840000,69225000000
237690,2022-02-28,6653,655490000,69558000000
237690,2022-03-02,5654,577650000,71301000000
237690,2022-03-03,4435,454940000,71703000000
237690,2022-03-04,7561,759710000,68597000000
237690,2022-03-07,6104,595280000,67032000000
237690,2022-03-08,4604,457230000,67627000000
237690,2022-03-10,3847,384870000,68855000000
237690,2022-03-11,1686,167710000,68225000000
237690,2022-03-14,6816,647960000,62685000000
237690,2022-03-15,3067,294860000,65045000000
237690,2022-03-16,2726,272890000,64581000000
237690,2022-03-17,13017,1425480000,71596000000
237690,2022-03-18,4235,471790000,71276000000
237690,2022-03-21,4449,488970000,68943000000
237690,2022-03-22,8372,917680000,69813000000
237690,2022-03-23,4993,547320000,72979000000
237690,2022-03-24,6856,725110000,73336000000
237690,2022-03-25,8256,887970000,71364000000
237690,2022-03-28,7372,769550000,69493000000
237690,2022-03-29,2609,273060000,68754000000
237690,2022-03-30,3113,325380000,69126000000
237690,2022-03-31,12265,1205600000,64063000000
237690,2022-04-01,9571,920730000,64527000000
237690,2022-04-04,4670,454750000,63992000000
237690,2022-04-05,2677,261800000,63700000000
237690,2022-04-06,10404,1000670000,63341000000
237690,2022-04-07,2671,253310000,61641000000
237690,2022-04-08,1131,107200000,62121000000
237690,2022-04-11,8061,749460000,59929000000
237690,2022-04-12,2393,220220000,59123000000
237690,2022-04-13,5014,474250000,61373000000
237690,2022-04-14,4394,419270000,61415000000
237690,2022-04-15,5421,516150000,62031000000
237690,2022-04-18,4487,427580000,61519000000
237690,2022-04-19,3299,318110000,62625000000
237690,2022-04-20,2813,270940000,63667000000
237690,2022-04-21,7190,691230000,63273000000
237690,2022-04-22,4757,448700000,62310000000
237690,2022-04-25,11914,1099150000,60584000000
237690,2022-04-26,3023,285420000,63762000000
237690,2022-04-27,4340,406490000,62626000000
237690,2022-04-28,10072,986940000,66192000000
237690,2022-04-29,7699,752800000,66046000000
237690,2022-05-02,12728,1287010000,70017000000
237690,2022-05-03,14459,1504190000,74714000000
237690,2022-05-04,8746,898460000,72968000000
237690,2022-05-06,5359,523270000,69610000000
237690,2022-05-09,2982,278230000,67345000000
237690,2022-05-10,15837,1462070000,69795000000
237690,2022-05-11,7088,657570000,71555000000
237690,2022-05-12,10864,999080000,68104000000
237690,2022-05-13,2562,237440000,70154000000
237690,2022-05-16,3365,313430000,71956000000
237690,2022-05-17,5230,491890000,74062000000
237690,2022-05-18,5645,525910000,71620000000
237690,2022-05-19,7383,676230000,71142000000
237690,2022-05-20,527,49290000,72927000000
237690,2022-05-23,7339,719510000,75912000000
237690,2022-05-24,7451,727360000,74047000000
237690,2022-05-25,10553,1069340000,77035000000
237690,2022-05-26,3210,323720000,78019000000
237690,2022-05-27,6264,636770000,78717000000
237690,2022-05-30,2749,279420000,79621000000
237690,2022-05-31,3639,378320000,80339000000
237690,2022-06-02,5471,568580000,80495000000
237690,2022-06-03,5546,575480000,77697000000
237690,2022-06-07,6356,635910000,76310000000
237690,2022-06-08,3586,361600000,77058000000
237690,2022-06-09,5629,564970000,76197000000
237690,2022-06-10,4297,426490000,75065000000
237690,2022-06-13,7109,669250000,70408000000
237690,2022-06-14,5991,551500000,70089000000
237690,2022-06-15,22894,2050400000,71083000000
237690,2022-06-16,2930,265130000,71546000000
237690,2022-06-17,3367,296550000,71506000000
237690,2022-06-20,7234,633250000,73521000000
237690,2022-06-21,6710,599670000,78291000000
237690,2022-06-22,6518,593290000,73907000000
237690,2022-06-23,7311,654200000,73159000000
237690,2022-06-24,8811,810770000,78107000000
237690,2022-06-27,7604,712240000,75054000000
237690,2022-06-28,4243,392760000,72879000000
237690,2022-06-29,2678,241780000,68529000000
237690,2022-06-30,3966,358030000,68141000000
237690,2022-07-01,10813,951090000,65555000000
237690,2022-07-04,10241,909510000,68931000000
237690,2022-07-05,4806,443080000,68409000000
237690,2022-07-06,6959,654230000,68737000000
237690,2022-07-07,9409,909790000,70711000000
237690,2022-07-08,2499,241700000,69568000000
237690,2022-07-11,4653,447210000,71074000000
237690,2022-07-12,4454,422850000,69287000000
237690,2022-07-13,2509,238140000,68976000000
237690,2022-07-14,3485,324250000,70848000000
237690,2022-07-15,3074,286850000,70441000000
237690,2022-07-18,1723,161090000,70667000000
237690,2022-07-19,1231,115280000,69707000000
237690,2022-07-20,3279,305400000,68211000000
237690,2022-07-21,5156,471650000,66158000000
237690,2022-07-22,4216,383120000,65539000000
237690,2022-07-25,2057,184990000,65790000000
237690,2022-07-26,1760,158750000,65646000000
237690,2022-07-27,3380,305710000,65556000000
237690,2022-07-28,3815,344220000,65194000000
237690,2022-07-29,5683,510270000,65527000000
237690,2022-08-01,15279,1459110000,71319000000
237690,2022-08-02,12767,1251380000,71139000000
237690,2022-08-03,17360,1721540000,74441000000
237690,2022-08-04,12976,1371030000,78961000000
237690,2022-08-05,7924,887410000,85161000000
237690,2022-08-08,9704,1093040000,83486000000
237690,2022-08-09,11074,1265570000,86822000000
237690,2022-08-10,3819,430580000,84207000000
237690,2022-08-11,3946,453850000,85343000000
237690,2022-08-12,1050,116920000,82331000000
237690,2022-08-16,5175,567100000,82049000000
237690,2022-08-17,3855,405690000,78264000000
237690,2022-08-18,4785,498170000,77373000000
237690,2022-08-19,6463,664460000,75650000000
237690,2022-08-22,7637,758740000,72829000000
237690,2022-08-23,1886,184000000,72124000000
237690,2022-08-24,4373,426670000,73587000000
237690,2022-08-25,2134,212220000,73991000000
237690,2022-08-26,4686,461500000,72961000000
237690,2022-08-29,8998,855790000,70189000000
237690,2022-08-30,3409,333030000,72518000000
237690,2022-08-31,8787,857050000,72488000000
237690,2022-09-01,10000,958200000,70041000000
237690,2022-09-02,2154,205660000,73410000000
237690,2022-09-05,1016,94560000,72071000000
237690,2022-09-06,2510,234390000,72845000000
237690,2022-09-07,4124,377980000,70027000000
237690,2022-09-08,5587,529720000,73283000000
237690,2022-09-13,6579,629110000,73480000000
237690,2022-09-14,19603,1764330000,70970000000
237690,2022-09-15,8953,804590000,67438000000
237690,2022-09-16,9620,843340000,64183000000
237690,2022-09-19,9205,795870000,66529000000
237690,2022-09-20,17623,1568470000,67387000000
237690,2022-09-21,12283,1054810000,65609000000
237690,2022-09-22,6616,551770000,65714000000
237690,2022-09-23,7890,644460000,63872000000
237690,2022-09-26,8188,653420000,62597000000
237690,2022-09-27,7831,625730000,64959000000
237690,2022-09-28,13871,1128510000,66437000000
237690,2022-09-29,13093,1103110000,70593000000
237690,2022-09-30,8268,679200000,71541000000
237690,2022-10-04,12059,1017990000,70414000000
237690,2022-10-05,7399,617350000,71157000000
237690,2022-10-06,2756,234430000,72878000000
237690,2022-10-07,12018,1017660000,71366000000
237690,2022-10-11,17414,1382710000,65154000000
237690,2022-10-12,4816,381570000,63455000000
237690,2022-10-13,6568,506370000,61186000000
237690,2022-10-14,2575,206680000,66565000000
237690,2022-10-17,2448,196850000,64645000000
237690,2022-10-18,3816,315190000,67013000000
237690,2022-10-19,2252,186920000,65618000000
237690,2022-10-20,6204,500710000,65273000000
237690,2022-10-21,3771,305370000,65125000000
237690,2022-10-24,667,55170000,66538000000
237690,2022-10-25,1218,100520000,66541000000
237690,2022-10-26,1494,123300000,66508000000
237690,2022-10-27,1162,97640000,68459000000
237690,2022-10-28,2168,182890000,68378000000
237690,2022-10-31,4567,382710000,67605000000
237690,2022-11-01,35156,2705730000,61452000000
237690,2022-11-02,11015,818890000,60163000000
237690,2022-11-03,9799,712820000,58342000000
237690,2022-11-04,7767,565580000,58536000000
237690,2022-11-07,2970,218770000,60174000000
237690,2022-11-08,1040,80890000,63575000000
237690,2022-11-09,5706,449410000,63092000000
237690,2022-11-10,5727,440580000,61063000000
237690,2022-11-11,4958,396940000,63768000000
237690,2022-11-14,6832,546780000,64340000000
237690,2022-11-15,557,44900000,65942000000
237690,2022-11-16,3845,310820000,64020000000
237690,2022-11-17,3524,287060000,64839000000
237690,2022-11-18,6229,511010000,65928000000
237690,2022-11-21,10196,824760000,65273000000
237690,2022-11-22,8238,655710000,62275000000
237690,2022-11-23,3899,305230000,61842000000
237690,2022-11-24,810,64380000,62896000000
237690,2022-11-25,3239,253650000,58537000000
237690,2022-11-28,6101,464920000,56376000000
237690,2022-11-29,1714,131720000,57245000000
237690,2022-11-30,1675,127470000,56306000000
237690,2022-12-01,1072,83030000,56564000000
237690,2022-12-02,6989,534100000,55208000000
237690,2022-12-05,1324,102380000,56520000000
237690,2022-12-06,1286,101610000,56948000000
237690,2022-12-07,7992,641780000,59332000000
237690,2022-12-08,1660,135760000,61211000000
237690,2022-12-09,2251,189010000,60226000000
237690,2022-12-12,1280,105710000,58887000000
237690,2022-12-13,5260,443150000,56613000000
237690,2022-12-14,15866,1427130000,60315000000
237690,2022-12-15,12003,1072240000,61390000000
237690,2022-12-16,8535,757690000,60867000000
237690,2022-12-19,2049,180750000,60325000000
237690,2022-12-20,2073,180770000,58219000000
237690,2022-12-21,3293,293880000,59862000000
237690,2022-12-22,8885,801230000,60810000000
237690,2022-12-23,13801,1208270000,55087000000
237690,2022-12-26,8989,775130000,55184000000
237690,2022-12-27,8688,768380000,56618000000
237690,2022-12-28,11391,1010400000,55529000000
237690,2022-12-29,2811,244530000,55125000000
237690,2022-12-30,0,0,55125000000
237690,2023-01-02,2687,233120000,53838000000
237690,2023-01-03,7721,651980000,53282000000
237690,2023-01-04,6759,583400000,54671000000
237690,2023-01-05,43195,3819370000,55012000000
237690,2023-01-06,466,40570000,56389000000
237690,2023-01-09,16106,1376500000,55140000000
237690,2023-01-10,43786,3538500000,57117000000
237690,2023-01-11,21,1710000,58946000000
237690,2023-01-12,2259,189650000,61484000000
237690,2023-01-13,4701,396850000,59446000000
237690,2023-01-16,4499,388120000,65697000000
237690,2023-01-17,46036,3847200000,63785000000
237690,2023-01-18,1751,144760000,64607000000
237690,2023-01-19,8520,699820000,63627000000
237690,2023-01-20,5757,470190000,62771000000
237690,2023-01-25,2753,225660000,67938000000
237690,2023-01-26,2690,219430000,67833000000
237690,2023-01-27,4339,353710000,67169000000
237690,2023-01-30,3939,320870000,67025000000
237690,2023-01-31,5684,460380000,65291000000
237690,2023-02-01,1923,156460000,53052000000
237690,2023-02-02,1354,110880000,53379000000
237690,2023-02-03,5069,410220000,51099000000
237690,2023-02-06,3223,261770000,51841000000
237690,2023-02-07,858,69900000,50707000000
237690,2023-02-08,2140,174100000,50811000000
237690,2023-02-09,2059,167360000,53995000000
237690,2023-02-10,12564,1004400000,52308000000
237690,2023-02-13,6553,518700000,52308000000
237690,2023-02-14,4650,372940000,53077000000
237690,2023-02-15,14503,1151660000,54217000000
237690,2023-02-16,3395,278680000,55584000000
237690,2023-02-17,14805,1189670000,53901000000
237690,2023-02-20,5169,411510000,54700000000
237690,2023-02-21,5150,413850000,54200000000
237690,2023-02-22,13598,1078520000,57116000000
237690,2023-02-23,6327,505860000,57639000000
237690,2023-02-24,14901,1174060000,51949000000
237690,2023-02-27,18335,1395530000,50356000000
237690,2023-02-28,6217,481970000,54107000000
237690,2023-03-02,11441,881930000,52953000000
237690,2023-03-03,7214,559410000,53444000000
237690,2023-03-06,7561,584330000,53156000000
237690,2023-03-07,18371,1448730000,54353000000
237690,2023-03-08,12680,996100000,54143000000
237690,2023-03-09,9185,742590000,56672000000
237690,2023-03-10,21781,1716170000,53673000000
237690,2023-03-13,13164,1016140000,53660000000
237690,2023-03-14,30878,2291470000,50691000000
237690,2023-03-15,9730,714770000,59863000000
237690,2023-03-16,7813,557370000,58970000000
237690,2023-03-17,1520,113240000,57323000000
237690,2023-03-20,9150,682690000,57549000000
237690,2023-03-21,4477,338160000,57667000000
237690,2023-03-22,6555,490350000,56810000000
237690,2023-03-23,15621,1144320000,50628000000
237690,2023-03-24,12422,933760000,50525000000
237690,2023-03-27,6020,444270000,50389000000
237690,2023-03-28,7200,537170000,50581000000
237690,2023-03-29,13592,1001700000,49677000000
237690,2023-03-30,6525,479010000,49547000000
237690,2023-03-31,4888,357820000,50726000000
237690,2023-04-03,15955,1167950000,51931000000
237690,2023-04-04,29587,2226290000,56218000000
237690,2023-04-05,15306,1192140000,57301000000
237690,2023-04-06,11020,884980000,58331000000
237690,2023-04-07,3026,242210000,59871000000
237690,2023-04-10,10216,829390000,59531000000
237690,2023-04-11,5140,423010000,61241000000
237690,2023-04-12,8567,722720000,62618000000
237690,2023-04-13,9276,795090000,62614000000
237690,2023-04-14,3597,314740000,63142000000
237690,2023-04-17,7537,640560000,61347000000
237690,2023-04-18,8456,714820000,60735000000
237690,2023-04-19,2925,242630000,59967000000
237690,2023-04-20,8984,732500000,58115000000
237690,2023-04-21,7330,591330000,58197000000
237690,2023-04-24,4872,386840000,57067000000
237690,2023-04-25,3477,273000000,56943000000
237690,2023-04-26,6012,471610000,56424000000
237690,2023-04-27,12161,949560000,56915000000
237690,2023-04-28,5756,453820000,57322000000
237690,2023-05-02,20629,1739240000,65459000000
237690,2023-05-03,17566,1573360000,64597000000
237690,2023-05-04,9677,883510000,66512000000
237690,2023-05-08,9494,861180000,64696000000
237690,2023-05-09,14053,1249670000,65399000000
237690,2023-05-10,13911,1201990000,63625000000
237690,2023-05-11,9757,830400000,63142000000
237690,2023-05-12,9625,800990000,61327000000
237690,2023-05-15,8928,732580000,61320000000
237690,2023-05-16,9700,806090000,61617000000
237690,2023-05-17,8164,689410000,63148000000
237690,2023-05-18,9530,818570000,63511000000
237690,2023-05-19,7160,601990000,64540000000
237690,2023-05-22,4737,410850000,66503000000
237690,2023-05-23,2990,262290000,67150000000
237690,2023-05-24,3525,309800000,68531000000
237690,2023-05-25,4861,424270000,66852000000
237690,2023-05-26,4615,401630000,67509000000
237690,2023-05-30,1865,160580000,66165000000
237690,2023-05-31,4748,409020000,66344000000
237690,2023-06-01,2476,217320000,70114000000
237690,2023-06-02,6057,531300000,68529000000
237690,2023-06-05,8620,737500000,63750000000
237690,2023-06-07,5758,495190000,61166000000
237690,2023-06-08,5065,431900000,61080000000
237690,2023-06-09,5971,510750000,61104000000
237690,2023-06-12,11668,985870000,59395000000
237690,2023-06-13,6370,536070000,59400000000
237690,2023-06-14,21123,1738890000,55236000000
237690,2023-06-15,16171,1315300000,54247000000
237690,2023-06-16,6404,520070000,54225000000
237690,2023-06-19,10158,815720000,54874000000
237690,2023-06-20,11159,894260000,54296000000
237690,2023-06-21,19826,1551570000,53627000000
237690,2023-06-22,11894,931960000,54124000000
237690,2023-06-23,13238,1029670000,54057000000
237690,2023-06-26,5561,435880000,55254000000
237690,2023-06-27,6047,469870000,54992000000
237690,2023-06-28,9337,731510000,55276000000
237690,2023-06-29,7755,595620000,54430000000
237690,2023-06-30,5610,423450000,54192000000
237690,2023-07-03,4429,345270000,55394000000
237690,2023-07-04,9796,755400000,56093000000
237690,2023-07-05,7373,569680000,55391000000
237690,2023-07-06,13457,1007600000,52934000000
237690,2023-07-07,7510,547620000,52430000000
237690,2023-07-10,9919,716250000,52409000000
237690,2023-07-11,4015,293750000,53046000000
237690,2023-07-12,6242,452480000,53288000000
237690,2023-07-13,4495,335440000,53932000000
237690,2023-07-14,6343,464510000,53131000000
237690,2023-07-17,6425,467310000,53063000000
237690,2023-07-18,13033,932440000,51650000000
237690,2023-07-19,5282,385810000,54202000000
237690,2023-07-20,6814,505220000,54021000000
237690,2023-07-21,11167,848470000,56244000000
237690,2023-07-24,10803,818950000,54343000000
237690,2023-07-25,8904,662480000,54134000000
237690,2023-07-26,16922,1229370000,52534000000
237690,2023-07-27,9889,736280000,54077000000
237690,2023-07-28,8267,620170000,54301000000
237690,2023-07-31,8139,609430000,55927000000
237690,2023-08-01,13410,1021480000,58361000000
237690,2023-08-02,13852,1038140000,56105000000
237690,2023-08-03,4775,372190000,61311000000
237690,2023-08-04,10264,815370000,61489000000
237690,2023-08-07,10046,795330000,62188000000
237690,2023-08-08,18993,1419340000,58899000000
237690,2023-08-09,11121,885120000,63744000000
237690,2023-08-10,11462,940550000,64415000000
237690,2023-08-11,10836,890710000,65630000000
237690,2023-08-14,7534,620530000,66051000000
237690,2023-08-16,8776,707230000,65293000000
237690,2023-08-17,12431,1004410000,65941000000
237690,2023-08-18,13945,1113390000,64761000000
237690,2023-08-21,9588,784130000,66751000000
237690,2023-08-22,16439,1333640000,66287000000
237690,2023-08-23,13720,1107190000,66873000000
237690,2023-08-24,12220,992310000,73759000000
237690,2023-08-25,13832,1121610000,73539000000
237690,2023-08-28,8544,689040000,73031000000
237690,2023-08-29,7951,646650000,74476000000
237690,2023-08-30,5033,409010000,73357000000
237690,2023-08-31,14884,1208340000,73587000000
237690,2023-09-01,10639,851000000,71604000000
237690,2023-09-04,6567,524810000,73661000000
237690,2023-09-05,5460,435500000,74704000000
237690,2023-09-06,5147,410580000,75161000000
237690,2023-09-07,9835,788550000,75312000000
237690,2023-09-08,10909,880900000,74215000000
237690,2023-09-11,14193,1161470000,79001000000
237690,2023-09-12,19916,1629940000,80071000000
237690,2023-09-13,8739,706270000,75888000000
237690,2023-09-14,5452,447170000,77296000000
237690,2023-09-15,5302,436380000,76944000000
237690,2023-09-18,5805,478150000,74685000000
237690,2023-09-19,5994,490880000,72734000000
237690,2023-09-20,12304,989050000,75397000000
237690,2023-09-21,19136,1499850000,72868000000
237690,2023-09-22,20244,1559460000,81314000000
237690,2023-09-25,2762,211760000,79668000000
237690,2023-09-26,5085,381840000,77961000000
237690,2023-09-27,8031,604180000,78778000000
237690,2023-10-04,6859,510810000,77023000000
237690,2023-10-05,3496,265740000,77229000000
237690,2023-10-06,5223,400730000,79989000000
237690,2023-10-10,8359,641910000,79958000000
237690,2023-10-11,8258,630290000,79819000000
237690,2023-10-12,2318,176160000,80811000000
237690,2023-10-13,5067,377340000,78553000000
237690,2023-10-16,12220,867330000,75991000000
237690,2023-10-17,4629,337000000,79280000000
237690,2023-10-18,9636,685560000,78264000000
237690,2023-10-19,9905,688180000,76174000000
237690,2023-10-20,13582,914200000,74589000000
237690,2023-10-23,9864,681110000,77746000000
237690,2023-10-24,12210,851560000,81066000000
237690,2023-10-25,14560,1010320000,78043000000
237690,2023-10-26,10860,740870000,77742000000
237690,2023-10-27,8896,608740000,76614000000
237690,2023-10-30,1898,129580000,76524000000
237690,2023-10-31,9009,614540000,76570000000
237690,2023-11-01,8581,583300000,78505000000
237690,2023-11-02,8636,599860000,80044000000
237690,2023-11-03,15253,1051960000,79744000000
237690,2023-11-06,11612,813790000,81450000000
237690,2023-11-07,4838,342310000,77564000000
237690,2023-11-08,1407,100480000,77455000000
237690,2023-11-09,215,15480000,77153000000
237690,2023-11-10,62,4450000,76507000000
237690,2023-11-13,6218,438540000,74027000000
237690,2023-11-14,7360,517260000,73523000000
237690,2023-11-15,520,36850000,74460000000
237690,2023-11-16,349,24880000,75514000000
237690,2023-11-17,331,22990000,73228000000
237690,2023-11-20,236,16380000,73019000000
237690,2023-11-21,270,18550000,72137000000
237690,2023-11-22,223,15280000,72132000000
237690,2023-11-23,328,22500000,73870000000
237690,2023-11-24,47,3140000,71084000000
237690,2023-11-27,472,30660000,67174000000
237690,2023-11-28,39,2460000,66710000000
237690,2023-11-29,234,14940000,67276000000
237690,2023-11-30,845,54690000,68577000000
237690,2023-12-01,621,40040000,66270000000
237690,2023-12-04,100,6360000,65085000000
237690,2023-12-05,473,30130000,65919000000
237690,2023-12-06,2,130000,61142000000
237690,2023-12-07,41,2590000,61521000000
237690,2023-12-08,28,1720000,59831000000
237690,2023-12-11,420,25900000,59966000000
237690,2023-12-12,531,33060000,60622000000
237690,2023-12-13,91,5600000,58162000000
237690,2023-12-14,2320,145630000,58682000000
237690,2023-12-15,268,16640000,57751000000
237690,2023-12-18,736,46070000,57942000000
237690,2023-12-19,973,61030000,58338000000
237690,2023-12-20,970,60720000,57488000000
237690,2023-12-21,868,52840000,55046000000
237690,2023-12-22,1800,110440000,56011000000
237690,2023-12-26,391,24340000,54587000000
237690,2023-12-27,13027,821790000,54292000000
237690,2023-12-28,4165,281530000,47170000000
237690,2023-12-29,0,0,47170000000
237690,2024-01-02,1765,119790000,45326000000
237690,2024-01-03,4667,327340000,46531000000
237690,2024-01-04,1800,117690000,43181000000
237690,2024-01-05,862,56930000,41820000000
237690,2024-01-08,1050,67670000,41784000000
237690,2024-01-09,391,25810000,43671000000
237690,2024-01-10,896,58610000,42444000000
237690,2024-01-11,289,18790000,42222000000
237690,2024-01-12,1792,113550000,40705000000
237690,2024-01-15,1149,71200000,39908000000
237690,2024-01-16,1073,66520000,39061000000
237690,2024-01-17,299,18400000,38651000000
237690,2024-01-18,501,30520000,38030000000
237690,2024-01-19,469,28390000,38202000000
237690,2024-01-22,511,31010000,38679000000
237690,2024-01-23,189,11700000,39131000000
237690,2024-01-24,959,58850000,38435000000
237690,2024-01-25,375,22790000,38850000000
237690,2024-01-26,2925,179840000,39242000000
237690,2024-01-29,348,21660000,40149000000
237690,2024-01-30,357,22310000,40566000000
237690,2024-01-31,526,32480000,39984000000
237690,2024-02-01,896,56640000,41033000000
237690,2024-02-02,209,12820000,40184000000
237690,2024-02-05,3385,210680000,41735000000
237690,2024-02-06,1000,61440000,41301000000
237690,2024-02-07,378,23480000,42056000000
237690,2024-02-08,259,16170000,41407000000
237690,2024-02-13,524,32710000,42098000000
237690,2024-02-14,827,51130000,41294000000
237690,2024-02-15,763,47620000,40545000000
237690,2024-02-16,1003,62560000,40157000000
237690,2024-02-19,436,27380000,40278000000
237690,2024-02-20,1339,84290000,40206000000
237690,2024-02-21,816,51200000,40294000000
237690,2024-02-22,751,46570000,39591000000
237690,2024-02-23,2429,156300000,42812000000
237690,2024-02-26,1378,91090000,42495000000
237690,2024-02-27,1987,127390000,40653000000
237690,2024-02-28,829,52840000,41105000000
237690,2024-02-29,1280,81680000,40626000000
237690,2024-03-04,14,900000,40828000000
237690,2024-03-05,565,37300000,42112000000
237690,2024-03-06,1874,129220000,44031000000
237690,2024-03-07,740,51250000,43913000000
237690,2024-03-08,947,71060000,45364000000
237690,2024-03-11,723,56540000,45101000000
237690,2024-03-12,75,5800000,44352000000
237690,2024-03-13,349,25400000,42611000000
237690,2024-03-14,26,1930000,43676000000
237690,2024-03-15,3990,311190000,46148000000
237690,2024-03-18,894,85640000,57710000000
237690,2024-03-19,1488,136380000,53380000000
237690,2024-03-20,4,350000,52474000000
237690,2024-03-21,452,42180000,58816000000
237690,2024-03-22,936,85280000,59335000000
237690,2024-03-25,1052,96330000,60640000000
237690,2024-03-26,695,62860000,59561000000
237690,2024-03-27,70,6200000,58183000000
237690,2024-03-28,23,2040000,58327000000
237690,2024-03-29,176,15770000,57143000000
237690,2024-04-01,297,27120000,57757000000
237690,2024-04-02,746,61350000,52926000000
237690,2024-04-03,777,60880000,51467000000
237690,2024-04-04,211,16730000,52116000000
237690,2024-04-05,1766,140190000,52215000000
237690,2024-04-08,1502,118230000,52546000000
237690,2024-04-09,22,1770000,54118000000
237690,2024-04-11,94,7350000,53658000000
237690,2024-04-12,72,5960000,55552000000
237690,2024-04-15,2607,216180000,55100000000
237690,2024-04-16,442,36060000,54822000000
237690,2024-04-17,429,35020000,54770000000
237690,2024-04-18,86,7120000,55787000000
237690,2024-04-19,250,20740000,55287000000
237690,2024-04-22,102,8740000,58640000000
237690,2024-04-23,31,2720000,60956000000
237690,2024-04-24,90,7930000,61652000000
237690,2024-04-25,87,7530000,60110000000
237690,2024-04-26,157,13540000,58687000000
237690,2024-04-29,136,12060000,60340000000
237690,2024-04-30,474,44520000,63275000000
237690,2024-05-02,32,2840000,45645000000
237690,2024-05-03,559,53850000,49553000000
237690,2024-05-07,596,59160000,54684000000
237690,2024-05-08,142,13350000,51318000000
237690,2024-05-09,123,11380000,51117000000
237690,2024-05-10,204,18660000,50165000000
237690,2024-05-13,0,0,52642000000
237690,2024-05-14,11,1060000,56104000000
237690,2024-05-16,194,18800000,56679000000
237690,2024-05-17,1787,177510000,60090000000
237690,2024-05-20,166,16460000,59066000000
237690,2024-05-21,90,9010000,58988000000
237690,2024-05-22,91,9000000,58528000000
237690,2024-05-23,49,4840000,60282000000
237690,2024-05-24,94,8850000,57842000000
237690,2024-05-27,28,2470000,54697000000
237690,2024-05-28,327,30440000,56884000000
237690,2024-05-29,116,10540000,59889000000
237690,2024-05-30,43,3820000,61025000000
237690,2024-05-31,188,17100000,60926000000
237690,2024-06-03,29,2680000,60934000000
237690,2024-06-04,745,71410000,65055000000
237690,2024-06-05,485,46170000,63953000000
237690,2024-06-07,2957,310670000,73440000000
237690,2024-06-10,1136,121680000,69389000000
237690,2024-06-11,707,75210000,62656000000
237690,2024-06-12,670,66930000,56252000000
237690,2024-06-13,228,21540000,57011000000
237690,2024-06-14,800,74510000,55174000000
237690,2024-06-17,802,74150000,54972000000
237690,2024-06-18,907,83280000,52014000000
237690,2024-06-19,707,65210000,50696000000
237690,2024-06-20,525,48770000,50077000000
237690,2024-06-21,1465,137020000,46212000000
237690,2024-06-24,209,18830000,43424000000
237690,2024-06-25,308,27000000,43027000000
237690,2024-06-26,283,24430000,42508000000
237690,2024-06-27,338,29370000,42999000000
237690,2024-06-28,532,45600000,42168000000
237690,2024-07-01,728,64840000,44347000000
237690,2024-07-02,1278,111540000,43348000000
237690,2024-07-03,525,44810000,42425000000
237690,2024-07-04,280,23550000,42015000000
237690,2024-07-05,19787,1804380000,50984000000
237690,2024-07-08,975,90220000,50942000000
237690,2024-07-09,12022,1122360000,52672000000
237690,2024-07-10,12095,1166950000,53821000000
237690,2024-07-11,379,36010000,50377000000
237690,2024-07-12,446,42270000,51004000000
237690,2024-07-15,1378,130130000,53555000000
237690,2024-07-16,177,16540000,49750000000
237690,2024-07-17,974,91230000,53164000000
237690,2024-07-18,94,9030000,54835000000
237690,2024-07-19,356,32500000,52065000000
237690,2024-07-22,289,25880000,51363000000
237690,2024-07-23,1423,127570000,50924000000
237690,2024-07-24,2323,212880000,52838000000
237690,2024-07-25,281,25140000,51480000000
237690,2024-07-26,15232,1418940000,54323000000
237690,2024-07-29,200,19110000,54084000000
237690,2024-07-30,415,38880000,54763000000
237690,2024-07-31,400,36620000,51813000000
237690,2024-08-01,121,10850000,50315000000
237690,2024-08-02,2873,245230000,47715000000
237690,2024-08-05,6364,478400000,42194000000
237690,2024-08-06,370,29590000,47315000000
237690,2024-08-07,1270,111690000,50817000000
237690,2024-08-08,603,53660000,50592000000
237690,2024-08-09,814,73270000,51930000000
237690,2024-08-12,953,85980000,52177000000
237690,2024-08-13,129,11520000,51270000000
237690,2024-08-14,194,17250000,51242000000
237690,2024-08-16,685,64410000,56207000000
237690,2024-08-19,2799,281580000,61523000000
237690,2024-08-20,231,22770000,62829000000
237690,2024-08-21,1107,109030000,66890000000
237690,2024-08-22,1099,114200000,66871000000
237690,2024-08-23,1129,121660000,70957000000
237690,2024-08-26,967,111340000,74507000000
237690,2024-08-27,883,101130000,73408000000
237690,2024-08-28,5421,627930000,74427000000
237690,2024-08-29,3431,390610000,73418000000
237690,2024-08-30,1041,118780000,76155000000
237690,2024-09-02,405,45500000,73430000000
237690,2024-09-03,386,41210000,69968000000
237690,2024-09-04,1547,157990000,68127000000
237690,2024-09-05,640,64210000,67491000000
237690,2024-09-06,386,37580000,67845000000
237690,2024-09-09,120,12220000,67722000000
237690,2024-09-10,718,71660000,64595000000
237690,2024-09-11,1473,145300000,61612000000
237690,2024-09-12,238,23440000,61731000000
237690,2024-09-13,110,11150000,63470000000
237690,2024-09-19,1703,185510000,68066000000
237690,2024-09-20,2217,255770000,71020000000
237690,2024-09-23,730,84130000,68454000000
237690,2024-09-24,1348,146480000,65308000000
237690,2024-09-25,47,4990000,60998000000
237690,2024-09-26,27,2810000,62292000000
237690,2024-09-27,623,62530000,59747000000
237690,2024-09-30,137,13790000,60359000000
237690,2024-10-02,131,12900000,59974000000
237690,2024-10-04,97,10250000,61800000000
237690,2024-10-07,115,12260000,63997000000
237690,2024-10-08,1438,156330000,62821000000
237690,2024-10-10,2020,217800000,61990000000
237690,2024-10-11,1825,195370000,63656000000
237690,2024-10-14,1409,153770000,63092000000
237690,2024-10-15,2553,275310000,60103000000
237690,2024-10-16,925,99290000,58079000000
237690,2024-10-17,348,36080000,59711000000
237690,2024-10-18,1206,129720000,63028000000
237690,2024-10-21,1188,130740000,68753000000
237690,2024-10-22,5394,564650000,65990000000
237690,2024-10-23,4640,460990000,62657000000
237690,2024-10-24,463,45950000,62622000000
237690,2024-10-25,6222,605920000,61851000000
237690,2024-10-28,7783,730990000,59833000000
237690,2024-10-29,8403,785980000,61522000000
237690,2024-10-30,2003,194280000,66312000000
237690,2024-10-31,340,33230000,67013000000
237690,2024-11-01,5040,485350000,62054000000
237690,2024-11-04,3558,352740000,62762000000
237690,2024-11-05,400,39830000,60807000000
237690,2024-11-06,2581,249280000,63184000000
237690,2024-11-07,159,15230000,60127000000
237690,2024-11-08,230,21960000,59250000000
237690,2024-11-11,403,38670000,61550000000
237690,2024-11-12,735,70770000,61306000000
237690,2024-11-13,362,33360000,58390000000
237690,2024-11-14,318,29300000,58641000000
237690,2024-11-15,319,28860000,58637000000
237690,2024-11-18,1093,95610000,56280000000
237690,2024-11-19,411,35620000,55676000000
237690,2024-11-20,298,25670000,55252000000
237690,2024-11-21,543,45550000,56683000000
237690,2024-11-22,229,19170000,55025000000
237690,2024-11-25,201,16860000,58524000000
237690,2024-11-26,237,19900000,57440000000
237690,2024-11-27,51,4250000,57276000000
237690,2024-11-28,79,6840000,61825000000
237690,2024-11-29,201,17990000,60585000000
237690,2024-12-02,96,8560000,61725000000
237690,2024-12-03,3209,291180000,62022000000
237690,2024-12-04,592,51710000,60025000000
237690,2024-12-05,281,24530000,60232000000
237690,2024-12-06,159,13220000,57763000000
237690,2024-12-09,1426,108520000,52398000000
237690,2024-12-10,1039,83690000,58070000000
237690,2024-12-11,349,28390000,56634000000
237690,2024-12-12,24674,2068850000,62386000000
237690,2024-12-13,4730,398010000,61042000000
237690,2024-12-16,1648,145520000,64084000000
237690,2024-12-17,1518,135040000,64961000000
237690,2024-12-18,396,35110000,64999000000
237690,2024-12-19,1102,94300000,62590000000
237690,2024-12-20,568,48450000,62290000000
237690,2024-12-23,1328,113640000,58536000000
237690,2024-12-24,719,61790000,61421000000
237690,2024-12-26,160,13940000,61729000000
237690,2024-12-27,368,31900000,54417000000
237690,2024-12-30,182,16240000,56593000000
237690,2024-12-31,0,0,56415000000
237690,2025-01-02,146,12700000,59121000000
237690,2025-01-03,141,12650000,63782000000
237690,2025-01-06,95,8650000,63929000000
237690,2025-01-07,755,69270000,64578000000
237690,2025-01-08,2879,256790000,62486000000
237690,2025-01-09,246,22310000,64211000000
237690,2025-01-10,656,61030000,63399000000
237690,2025-01-13,2349,211950000,61761000000
237690,2025-01-14,109,9870000,61941000000
237690,2025-01-15,533,46970000,60380000000
237690,2025-01-16,114,10280000,61092000000
237690,2025-01-17,174,15270000,59161000000
237690,2025-01-20,486,41590000,58563000000
237690,2025-01-21,693,59290000,59155000000
237690,2025-01-22,573,50930000,63644000000
237690,2025-01-23,890,78360000,62900000000
237690,2025-01-24,580,50740000,62739000000
237690,2025-01-31,115,9970000,62435000000
237690,2025-02-03,1517,124160000,57695000000
237690,2025-02-04,2004,166650000,57107000000
237690,2025-02-05,601,49650000,59672000000
237690,2025-02-06,3019,267690000,64864000000
237690,2025-02-07,1015,90260000,64043000000
237690,2025-02-10,2065,195970000,67347000000
237690,2025-02-11,4231,384290000,64756000000
237690,2025-02-12,422,36500000,61816000000
237690,2025-02-13,51,4380000,61878000000
237690,2025-02-14,612,51920000,61431000000
237690,2025-02-17,891,75080000,61556000000
237690,2025-02-18,769,64340000,61200000000
237690,2025-02-19,176,14500000,60937000000
237690,2025-02-20,239,19520000,59902000000
237690,2025-02-21,225,18370000,61377000000
237690,2025-02-24,480,39440000,60705000000
237690,2025-02-25,98,7980000,61544000000
237690,2025-02-26,257,21110000,59876000000
237690,2025-02-27,441,35480000,57905000000
237690,2025-02-28,1191,92610000,55822000000
237690,2025-03-04,115,8760000,57059000000
237690,2025-03-05,520,40980000,59147000000
237690,2025-03-06,4541,355480000,59095000000
237690,2025-03-07,122,9400000,56395000000
237690,2025-03-10,698,52390000,56474000000
237690,2025-03-11,444,32540000,55040000000
237690,2025-03-12,191,14150000,53583000000
237690,2025-03-13,61,4530000,54650000000
237690,2025-03-14,555,41950000,55697000000
237690,2025-03-17,822,62220000,56150000000
237690,2025-03-18,446,34320000,56363000000
237690,2025-03-19,179,13650000,56825000000
237690,2025-03-20,183,13980000,59514000000
237690,2025-03-21,904,68650000,59437000000
237690,2025-03-24,1030,79660000,60560000000
237690,2025-03-25,342,26320000,61128000000
237690,2025-03-26,139,10730000,61966000000
237690,2025-03-27,300,22950000,61207000000
237690,2025-03-28,306,23260000,59996000000
237690,2025-03-31,11069,796780000,59769000000
237690,2025-04-01,3843,288010000,62347000000
237690,2025-04-02,7070,519590000,62955000000
237690,2025-04-03,6267,465590000,64218000000
237690,2025-04-04,5744,426160000,63910000000
237690,2025-04-07,6256,430930000,61568000000
237690,2025-04-08,6039,430820000,67497000000
237690,2025-04-09,10124,703840000,64532000000
237690,2025-04-10,5090,368900000,71784000000
237690,2025-04-11,7646,578970000,76293000000
237690,2025-04-14,13869,1072560000,77263000000
237690,2025-04-15,10833,841630000,77642000000
237690,2025-04-16,10340,797250000,75224000000
237690,2025-04-17,8106,618660000,75634000000
237690,2025-04-18,2694,206100000,75771000000
237690,2025-04-21,3173,240090000,74980000000
237690,2025-04-22,2305,175880000,75540000000
237690,2025-04-23,2416,184980000,76322000000
237690,2025-04-24,3302,254480000,72821000000
237690,2025-04-25,4024,311320000,71205000000
237690,2025-04-28,5325,424210000,71833000000
237690,2025-04-29,8071,633370000,70928000000
237690,2025-04-30,11029,872480000,71221000000
237690,2025-05-02,4067,321520000,71626000000
237690,2025-05-07,12033,905430000,67754000000
237690,2025-05-08,13854,1047700000,67789000000
237690,2025-05-09,2666,198820000,66979000000
237690,2025-05-12,12548,902180000,64668000000
237690,2025-05-13,12226,898890000,67162000000
237690,2025-05-14,4239,313090000,69026000000
237690,2025-05-15,8160,608630000,69166000000
237690,2025-05-16,5958,434500000,68543000000
237690,2025-05-19,4395,313500000,66879000000
237690,2025-05-20,8509,630200000,69575000000
237690,2025-05-21,3216,242850000,71819000000
237690,2025-05-22,10866,825680000,72444000000
237690,2025-05-23,2893,217650000,72006000000
237690,2025-05-26,1962,150120000,75309000000
237690,2025-05-27,10160,777650000,76661000000
237690,2025-05-28,7781,596870000,75755000000
237690,2025-05-29,13040,1011800000,76866000000
237690,2025-05-30,5290,418080000,80234000000
237690,2025-06-02,13081,1033720000,80883000000
237690,2025-06-04,26749,2086580000,80254000000
237690,2025-06-05,18682,1449900000,80634000000
237690,2025-06-09,6170,492220000,83874000000
237690,2025-06-10,12546,1045280000,88740000000
237690,2025-06-11,16336,1362000000,89680000000
237690,2025-06-12,10466,876300000,89575000000
237690,2025-06-13,7243,582310000,87696000000
237690,2025-06-16,5765,460060000,85755000000
237690,2025-06-17,11495,914000000,85255000000
237690,2025-06-18,12326,962530000,84321000000
237690,2025-06-19,7430,573500000,84412000000
237690,2025-06-20,4178,336430000,88230000000
237690,2025-06-23,13645,1069950000,84895000000
237690,2025-06-24,6890,544470000,85769000000
237690,2025-06-25,6539,519420000,85826000000
237690,2025-06-26,4703,367070000,84212000000
237690,2025-06-27,2657,204730000,82934000000
237690,2025-06-30,8156,625460000,83639000000
237690,2025-07-01,2072,171280000,92206000000
237690,2025-07-02,10506,912090000,95119000000
237690,2025-07-03,7440,650100000,97088000000
237690,2025-07-04,3817,327700000,93127000000
237690,2025-07-07,5465,460870000,92799000000
237690,2025-07-08,4792,397920000,92558000000
237690,2025-07-09,5580,462000000,90539000000
237690,2025-07-10,8125,692720000,94499000000
237690,2025-07-11,3956,333150000,92243000000
237690,2025-07-14,1753,147680000,96299000000
237690,2025-07-15,5903,503760000,98842000000
237690,2025-07-16,3147,272480000,101484000000
237690,2025-07-17,9553,846350000,102309000000
237690,2025-07-18,14866,1387980000,107495000000
237690,2025-07-21,14633,1359230000,106983000000
237690,2025-07-22,12199,1136050000,107939000000
237690,2025-07-23,10400,990050000,109726000000
237690,2025-07-24,18353,1791860000,107814000000
237690,2025-07-25,7591,683730000,106193000000
237690,2025-07-28,4015,356870000,103811000000
237690,2025-07-29,5001,436680000,97446000000
237690,2025-07-30,6642,571890000,96171000000
237690,2025-07-31,15090,1314400000,97481000000
237690,2025-08-01,7451,621420000,89209000000
237690,2025-08-04,20189,1748620000,91669000000
237690,2025-08-05,17353,1576610000,97339000000
237690,2025-08-06,7396,671650000,97044000000
237690,2025-08-07,2586,232860000,96276000000
237690,2025-08-08,7973,716250000,95157000000
237690,2025-08-11,7823,713910000,97789000000
237690,2025-08-12,7543,691330000,96393000000
237690,2025-08-13,12768,1185840000,99890000000
237690,2025-08-14,18827,1753290000,98900000000
237690,2025-08-18,7709,710810000,96610000000
237690,2025-08-19,5865,529470000,94308000000
237690,2025-08-20,8450,745810000,89941000000
237690,2025-08-21,7186,637060000,88617000000
237690,2025-08-22,11417,1055570000,92373000000
237690,2025-08-25,6704,622880000,93697000000
237690,2025-08-26,14396,1351980000,93545000000
237690,2025-08-27,11321,1069280000,93817000000
237690,2025-08-28,3057,287190000,96202000000
237690,2025-08-29,6394,595370000,94389000000
237690,2025-09-01,5238,484020000,95655000000
237690,2025-09-02,12634,1210690000,101053000000
237690,2025-09-03,19981,1972200000,102148000000
237690,2025-09-04,11248,1115790000,105977000000
237690,2025-09-05,10261,1008600000,105772000000
237690,2025-09-08,8049,794940000,105871000000
237690,2025-09-09,25633,2395650000,100104000000
237690,2025-09-10,15038,1413260000,100168000000
237690,2025-09-11,14750,1357590000,100978000000
237690,2025-09-12,7382,700490000,106571000000
237690,2025-09-15,6148,586190000,107490000000
237690,2025-09-16,3840,358940000,106521000000
237690,2025-09-17,10944,1003220000,104756000000
237690,2025-09-18,4580,417370000,103248000000
237690,2025-09-19,8875,828560000,106509000000
237690,2025-09-22,12066,1139330000,106927000000
237690,2025-09-23,2703,252770000,104811000000
237690,2025-09-24,4638,425210000,103670000000
237690,2025-09-25,2565,234960000,102304000000
237690,2025-09-26,8409,745770000,98320000000
237690,2025-09-29,2224,199010000,99057000000
237690,2025-09-30,2119,189480000,99248000000
237690,2025-10-01,3402,302030000,98818000000
237690,2025-10-02,6004,534340000,100910000000
237690,2025-10-10,2732,244080000,109333000000
237690,2025-10-13,18683,1741220000,111898000000
237690,2025-10-14,16957,1586640000,113657000000
237690,2025-10-15,10937,1037370000,114822000000
237690,2025-10-16,12295,1179340000,115115000000
237690,2025-10-17,17582,1701210000,116498000000
237690,2025-10-20,28287,2938260000,127397000000
237690,2025-10-21,77242,7469590000,125318000000
237690,2025-10-22,920,88030000,124786000000
237690,2025-10-23,13662,1254680000,115460000000
237690,2025-10-24,19543,1762110000,113618000000
237690,2025-10-27,8135,750150000,119669000000
237690,2025-10-28,20735,1987490000,123465000000
237690,2025-10-29,49241,4843500000,127613000000
237690,2025-10-30,20866,2027970000,117255000000
237690,2025-10-31,7353,739030000,119571000000
237690,2025-11-03,3890,390810000,119378000000
237690,2025-11-04,7944,797530000,118797000000
237690,2025-11-05,6857,681010000,115785000000
237690,2025-11-06,3046,303930000,113472000000
237690,2025-11-07,6911,662110000,107639000000
237690,2025-11-10,4088,393030000,107922000000
237690,2025-11-11,12177,1178000000,108480000000
237690,2025-11-12,11795,1175310000,112597000000
237690,2025-11-13,17534,1783470000,114927000000
237690,2025-11-14,6472,677150000,114957000000
237690,2025-11-17,7954,824560000,114676000000
237690,2025-11-18,11180,1144580000,112296000000
237690,2025-11-19,3585,355140000,108584000000
237690,2025-11-20,2746,278770000,112040000000
237690,2025-11-21,7074,705590000,108361000000
237690,2025-11-24,6294,621130000,101564000000
237690,2025-11-25,9184,902050000,106750000000
237690,2025-11-26,9886,1017580000,113549000000
237690,2025-11-27,12980,1399980000,118512000000
237690,2025-11-28,9058,1012830000,126824000000
237690,2025-12-01,7254,853570000,127564000000
237690,2025-12-02,15536,1827930000,127979000000
237690,2025-12-03,12527,1485510000,128559000000
237690,2025-12-04,6657,784800000,127044000000
237690,2025-12-05,25904,3032850000,126963000000
237690,2025-12-08,24148,3018340000,129102000000
237690,2025-12-09,15848,2019970000,129822000000
237690,2025-12-10,10594,1318620000,126122000000
237690,2025-12-11,9601,1238260000,130516000000
237690,2025-12-12,4394,564430000,130830000000
237690,2025-12-15,11085,1455870000,137477000000
237690,2025-12-16,19669,2595230000,131444000000
237690,2025-12-17,1746,222870000,127840000000
237690,2025-12-18,9097,1166660000,126722000000
237690,2025-12-19,9745,1248700000,115134000000
237690,2025-12-22,3648,458390000,114644000000
237690,2025-12-23,6603,823490000,138986000000
237690,2025-12-24,4111,513490000,131196000000
237690,2025-12-26,2661,324370000,126476000000
237690,2025-12-29,6048,727610000,117122000000
237690,2025-12-30,2524,300420000,96221000000
