ticker,trade_date,open_price,high_price,low_price,close_price,volume,turnover,shares_outstanding
036620,2020-01-02,833,848,831,846,37053,31000000,53021162
036620,2020-01-03,845,845,821,833,83240,69000000,53021162
036620,2020-01-06,808,837,808,834,34103,27000000,53021162
036620,2020-01-07,834,838,800,830,111411,92000000,53021162
036620,2020-01-08,830,866,825,853,558167,471000000,53021162
036620,2020-01-09,856,885,856,882,194275,170000000,53021162
036620,2020-01-10,890,940,890,915,540575,498000000,53021162
036620,2020-01-13,939,970,916,943,584310,554000000,53021162
036620,2020-01-14,933,981,933,950,806838,778000000,53021162
036620,2020-01-15,949,992,926,933,495989,478000000,53021162
036620,2020-01-16,935,941,909,930,206556,190000000,53021162
036620,2020-01-17,926,938,899,901,337593,306000000,56821162
036620,2020-01-20,900,900,874,886,199640,175000000,56821162
036620,2020-01-21,877,885,872,876,82046,71000000,56821162
036620,2020-01-22,870,918,870,885,408514,362000000,56821162
036620,2020-01-23,885,903,867,885,429946,379000000,56821162
036620,2020-01-28,885,910,876,888,191640,170000000,56821162
036620,2020-01-29,889,1085,889,960,3875814,3858000000,56821162
036620,2020-01-30,962,983,951,969,386331,372000000,56821162
036620,2020-01-31,967,969,910,915,399343,371000000,56821162
036620,2020-02-03,899,961,890,957,268827,248000000,56821162
036620,2020-02-04,957,969,941,958,145499,138000000,56821162
036620,2020-02-05,957,957,921,921,158332,148000000,56821162
036620,2020-02-06,921,941,921,927,202111,187000000,56821162
036620,2020-02-07,940,946,905,927,203569,188000000,56821162
036620,2020-02-10,935,1025,932,998,1034816,1016000000,56821162
036620,2020-02-11,1000,1015,964,1000,426244,422000000,56821162
036620,2020-02-12,999,1005,978,985,213495,211000000,56821162
036620,2020-02-13,985,990,966,978,140786,137000000,56821162
036620,2020-02-14,978,989,939,978,300909,288000000,56821162
036620,2020-02-17,928,972,928,954,376355,356000000,56821162
036620,2020-02-18,954,960,911,911,236041,219000000,56821162
036620,2020-02-19,913,922,902,911,306094,279000000,56821162
036620,2020-02-20,929,929,893,896,165942,150000000,56821162
036620,2020-02-21,897,903,870,882,335037,296000000,56821162
036620,2020-02-24,873,873,815,836,185697,156000000,56821162
036620,2020-02-25,830,851,810,835,295894,244000000,56821162
036620,2020-02-26,835,835,800,815,89222,72000000,56821162
036620,2020-02-27,808,825,788,800,154679,124000000,56821162
036620,2020-02-28,785,800,736,747,468549,363000000,56821162
036620,2020-03-02,750,795,742,761,221562,167000000,56821162
036620,2020-03-03,774,786,765,775,75185,58000000,56821162
036620,2020-03-04,786,810,771,803,279225,221000000,56821162
036620,2020-03-05,793,825,793,823,129580,105000000,56821162
036620,2020-03-06,823,835,799,824,100342,81000000,56821162
036620,2020-03-09,823,823,767,774,273489,214000000,56821162
036620,2020-03-10,765,782,750,778,99294,76000000,56821162
036620,2020-03-11,778,803,750,766,225937,173000000,56821162
036620,2020-03-12,766,777,710,710,261201,192000000,56821162
036620,2020-03-13,555,698,555,600,629766,395000000,56821162
036620,2020-03-16,630,653,570,614,424748,262000000,56821162
036620,2020-03-17,590,633,580,620,221076,134000000,56821162
036620,2020-03-18,620,635,597,598,208519,126000000,56821162
036620,2020-03-19,598,600,485,596,565984,299000000,56821162
036620,2020-03-20,551,600,530,591,275152,155000000,56821162
036620,2020-03-23,600,600,538,543,166804,92000000,56821162
036620,2020-03-24,548,572,545,558,246323,136000000,56821162
036620,2020-03-25,600,600,564,590,182762,106000000,56821162
036620,2020-03-26,600,627,590,614,26618,16000000,56821162
036620,2020-03-27,616,630,585,586,255247,153000000,56821162
036620,2020-03-30,580,594,552,587,87193,50000000,56821162
036620,2020-03-31,615,615,583,602,217900,129000000,56821162
036620,2020-04-01,620,620,565,575,196956,117000000,56821162
036620,2020-04-02,631,746,613,670,2903230,1984000000,56821162
036620,2020-04-03,641,670,628,637,472335,304000000,56821162
036620,2020-04-06,644,662,626,645,216229,139000000,56821162
036620,2020-04-07,646,690,645,685,346605,229000000,56821162
036620,2020-04-08,690,690,650,677,118392,80000000,56821162
036620,2020-04-09,680,709,680,700,183892,128000000,56821162
036620,2020-04-10,700,706,656,690,136148,93000000,56821162
036620,2020-04-13,690,710,665,672,136429,93000000,56821162
036620,2020-04-14,673,715,652,685,63849,43000000,56821162
036620,2020-04-16,700,703,678,699,66587,46000000,56821162
036620,2020-04-17,749,749,699,708,154912,110000000,56821162
036620,2020-04-20,732,733,689,710,85441,60000000,56821162
036620,2020-04-21,710,727,656,704,179887,126000000,56821162
036620,2020-04-22,709,723,679,690,108925,75000000,56821162
036620,2020-04-23,703,706,688,688,49439,34000000,56821162
036620,2020-04-24,694,694,667,683,43589,29000000,56821162
036620,2020-04-27,683,698,675,684,42152,28000000,56821162
036620,2020-04-28,687,690,673,678,90338,61000000,56821162
036620,2020-04-29,680,700,677,691,138684,95000000,56821162
036620,2020-05-04,689,704,682,699,34614,24000000,56821162
036620,2020-05-06,699,707,686,702,103156,71000000,56821162
036620,2020-05-07,702,737,700,722,237023,170000000,56821162
036620,2020-05-08,716,757,715,737,332258,245000000,56821162
036620,2020-05-11,745,790,731,754,179347,134000000,56821162
036620,2020-05-12,736,750,733,748,142110,105000000,56821162
036620,2020-05-13,748,970,738,831,7229876,6349000000,56821162
036620,2020-05-14,825,836,799,800,757826,616000000,56821162
036620,2020-05-15,807,839,791,799,477842,384000000,56821162
036620,2020-05-18,797,818,758,783,360796,278000000,56821162
036620,2020-05-19,783,788,743,745,479970,362000000,56821162
036620,2020-05-20,748,767,731,760,308479,232000000,56821162
036620,2020-05-21,769,769,754,762,141015,107000000,56821162
036620,2020-05-22,766,766,735,749,202171,150000000,56821162
036620,2020-05-25,754,770,752,761,199548,151000000,56821162
036620,2020-05-26,766,773,749,773,237952,181000000,56821162
036620,2020-05-27,775,870,773,843,2242755,1857000000,56821162
036620,2020-05-28,858,900,831,847,1422265,1225000000,56821162
036620,2020-05-29,847,899,839,846,711308,619000000,56821162
036620,2020-06-01,842,861,830,849,261906,221000000,60559477
036620,2020-06-02,853,865,821,838,219858,183000000,60559477
036620,2020-06-03,839,873,838,838,261031,220000000,60559477
036620,2020-06-04,840,865,801,804,426069,350000000,60559477
036620,2020-06-05,804,838,797,825,247318,202000000,60559477
036620,2020-06-08,845,868,818,865,471076,399000000,60559477
036620,2020-06-09,865,865,834,846,271498,230000000,60559477
036620,2020-06-10,846,876,840,870,189597,162000000,60559477
036620,2020-06-11,855,932,855,888,602160,537000000,60559477
036620,2020-06-12,888,955,823,908,1908384,1749000000,60559477
036620,2020-06-15,895,921,827,830,930165,800000000,60559477
036620,2020-06-16,831,898,831,897,587165,505000000,60559477
036620,2020-06-17,887,946,873,945,1315458,1212000000,60559477
036620,2020-06-18,935,1060,935,1010,4150366,4179000000,60559477
036620,2020-06-19,965,999,909,916,2287141,2155000000,60559477
036620,2020-06-22,932,943,875,908,934251,849000000,60559477
036620,2020-06-23,900,987,897,954,1350312,1271000000,60559477
036620,2020-06-24,970,971,916,946,549263,520000000,60559477
036620,2020-06-25,933,946,898,910,511303,467000000,60559477
036620,2020-06-26,914,932,890,914,348317,319000000,60559477
036620,2020-06-29,914,934,850,856,491747,436000000,60559477
036620,2020-06-30,858,896,840,862,283968,245000000,60559477
036620,2020-07-01,863,912,862,881,256425,227000000,60559477
036620,2020-07-02,888,895,845,876,450098,389000000,60559477
036620,2020-07-03,867,883,856,874,194878,168000000,60559477
036620,2020-07-06,874,889,840,843,240548,203000000,60559477
036620,2020-07-07,850,905,822,822,1013719,870000000,60559477
036620,2020-07-08,822,864,822,862,310575,261000000,60559477
036620,2020-07-09,862,867,841,856,302172,256000000,60559477
036620,2020-07-10,870,870,826,859,249913,210000000,60559477
036620,2020-07-13,847,864,845,854,108220,92000000,60559477
036620,2020-07-14,854,854,821,821,217683,180000000,60559477
036620,2020-07-15,828,855,821,825,160360,132000000,60559477
036620,2020-07-16,845,845,822,830,90592,75000000,60559477
036620,2020-07-17,835,842,811,829,121627,99000000,60559477
036620,2020-07-20,821,834,803,812,256891,209000000,60559477
036620,2020-07-21,827,827,798,808,243003,196000000,60559477
036620,2020-07-22,810,810,789,796,171430,136000000,60559477
036620,2020-07-23,795,803,775,791,386945,304000000,60559477
036620,2020-07-24,791,807,778,800,116084,92000000,60559477
036620,2020-07-27,807,815,787,799,148767,118000000,60559477
036620,2020-07-28,807,807,787,790,240917,191000000,60559477
036620,2020-07-29,794,796,781,783,131585,103000000,60559477
036620,2020-07-30,783,799,778,791,129350,102000000,60559477
036620,2020-07-31,791,799,783,793,122942,97000000,60559477
036620,2020-08-03,793,815,788,794,141738,112000000,60559477
036620,2020-08-04,801,803,786,803,89875,71000000,60559477
036620,2020-08-05,803,807,794,804,141053,112000000,60559477
036620,2020-08-06,804,806,787,791,196991,156000000,60559477
036620,2020-08-07,786,804,781,782,171490,135000000,60559477
036620,2020-08-10,782,782,759,765,226604,174000000,60559477
036620,2020-08-11,765,789,760,779,71535,55000000,60559477
036620,2020-08-12,779,786,768,778,112460,86000000,60559477
036620,2020-08-13,778,789,771,772,72514,56000000,60559477
036620,2020-08-14,772,798,772,790,168184,132000000,60559477
036620,2020-08-18,793,795,731,749,387367,296000000,60559477
036620,2020-08-19,748,748,724,736,250535,183000000,60559477
036620,2020-08-20,736,736,690,700,259244,184000000,60559477
036620,2020-08-21,700,715,696,709,125737,88000000,60559477
036620,2020-08-24,709,721,703,714,61581,43000000,60559477
036620,2020-08-25,714,725,706,710,132557,94000000,60559477
036620,2020-08-26,718,718,693,695,243624,170000000,60559477
036620,2020-08-27,696,719,688,701,297190,206000000,60559477
036620,2020-08-28,701,710,679,683,343282,235000000,60559477
036620,2020-08-31,683,694,679,689,131029,89000000,60559477
036620,2020-09-01,695,700,680,696,142151,97000000,60559477
036620,2020-09-02,700,733,698,723,200630,143000000,60559477
036620,2020-09-03,723,732,713,719,62958,45000000,60559477
036620,2020-09-04,705,728,705,716,55970,39000000,60559477
036620,2020-09-07,723,739,710,726,143282,104000000,60559477
036620,2020-09-08,722,742,718,718,225565,164000000,60559477
036620,2020-09-09,718,724,706,716,53537,38000000,60559477
036620,2020-09-10,716,716,702,712,100318,70000000,60559477
036620,2020-09-11,711,712,695,708,152695,106000000,60559477
036620,2020-09-14,708,708,700,705,61930,43000000,60559477
036620,2020-09-15,703,714,697,708,40557,28000000,60559477
036620,2020-09-16,720,720,700,707,123091,87000000,60559477
036620,2020-09-17,709,719,700,700,168227,118000000,60559477
036620,2020-09-18,702,709,698,705,65655,46000000,60559477
036620,2020-09-21,698,712,688,696,117250,81000000,60559477
036620,2020-09-22,696,696,666,673,138646,93000000,60559477
036620,2020-09-23,668,695,660,693,66511,44000000,60559477
036620,2020-09-24,693,693,635,693,241414,159000000,60559477
036620,2020-09-25,693,694,672,682,74969,51000000,60559477
036620,2020-09-28,695,695,679,690,42125,28000000,60559477
036620,2020-09-29,690,695,680,687,94995,65000000,60559477
036620,2020-10-05,687,694,680,694,62394,42000000,60559477
036620,2020-10-06,694,720,684,705,133470,93000000,60559477
036620,2020-10-07,711,727,704,727,62317,44000000,60559477
036620,2020-10-08,726,747,717,740,208947,153000000,60559477
036620,2020-10-12,732,746,732,738,45973,34000000,64046006
036620,2020-10-13,738,756,734,756,97552,72000000,64046006
036620,2020-10-14,756,792,752,781,307936,239000000,64046006
036620,2020-10-15,774,882,774,813,1165891,967000000,64046006
036620,2020-10-16,798,816,749,772,305659,238000000,64046006
036620,2020-10-19,775,793,739,745,127871,96000000,64046006
036620,2020-10-20,749,749,705,736,82976,59000000,64046007
036620,2020-10-21,736,744,720,724,58057,42000000,67804175
036620,2020-10-22,724,762,723,745,39735,29000000,67804175
036620,2020-10-23,747,763,733,763,94783,70000000,67804175
036620,2020-10-26,784,788,750,771,98256,75000000,67804175
036620,2020-10-27,795,795,745,745,63986,49000000,67804175
036620,2020-10-28,745,779,735,773,41090,31000000,67804175
036620,2020-10-29,775,784,740,780,257022,199000000,67804175
036620,2020-10-30,773,781,760,773,42519,32000000,67804175
036620,2020-11-02,771,800,760,765,134535,105000000,67804175
036620,2020-11-03,770,813,740,757,152628,115000000,67804175
036620,2020-11-04,810,940,757,763,3586581,2979000000,67804175
036620,2020-11-05,768,768,743,758,352905,264000000,67804175
036620,2020-11-06,750,790,750,764,223931,170000000,67804175
036620,2020-11-09,767,776,755,774,99996,76000000,67804175
036620,2020-11-10,774,777,756,757,150190,115000000,67804175
036620,2020-11-11,765,780,757,770,165986,127000000,67804175
036620,2020-11-12,770,789,770,789,142396,111000000,67804175
036620,2020-11-13,789,807,770,802,200261,158000000,67804175
036620,2020-11-16,803,830,798,805,244260,197000000,67804175
036620,2020-11-17,811,811,785,800,210953,168000000,67804175
036620,2020-11-18,798,820,796,816,216491,175000000,67804175
036620,2020-11-19,816,830,802,819,289798,236000000,67804175
036620,2020-11-20,819,828,810,822,320865,262000000,67804175
036620,2020-11-23,831,831,807,807,347751,285000000,67804175
036620,2020-11-24,807,824,795,820,445979,362000000,67804175
036620,2020-11-25,840,840,802,807,170061,137000000,67804175
036620,2020-11-26,815,815,790,796,76016,60000000,67804175
036620,2020-11-27,792,831,768,800,140840,113000000,67804175
036620,2020-11-30,794,808,793,803,70779,56000000,67804175
036620,2020-12-01,816,816,791,798,73032,58000000,67804175
036620,2020-12-02,798,818,795,804,121127,97000000,67804175
036620,2020-12-03,803,805,789,800,135934,108000000,67804175
036620,2020-12-04,802,808,757,781,269957,213000000,67804175
036620,2020-12-07,800,800,760,763,133440,102000000,67804175
036620,2020-12-08,761,775,738,745,256644,192000000,67804175
036620,2020-12-09,745,790,745,767,218967,168000000,67804175
036620,2020-12-10,773,777,758,775,123915,95000000,69111364
036620,2020-12-11,775,775,759,770,137796,105000000,69111364
036620,2020-12-14,771,774,741,750,203831,154000000,69111364
036620,2020-12-15,767,769,744,750,70214,52000000,69111364
036620,2020-12-16,765,765,739,747,179049,133000000,69111364
036620,2020-12-17,740,763,740,749,122871,91000000,69111364
036620,2020-12-18,749,755,736,740,131533,97000000,69111364
036620,2020-12-21,748,748,730,730,65767,48000000,69111364
036620,2020-12-22,749,749,703,704,283326,204000000,69111364
036620,2020-12-23,705,734,705,713,167612,119000000,69111364
036620,2020-12-24,721,723,700,709,112973,79000000,69111364
036620,2020-12-28,709,910,698,728,15918154,12899000000,69111364
036620,2020-12-29,730,730,701,710,1013468,715000000,69111364
036620,2020-12-30,713,758,703,709,1450025,1046000000,69111364
036620,2021-01-04,708,719,708,713,389956,278000000,69111364
036620,2021-01-05,720,720,706,713,356130,253000000,69111364
036620,2021-01-06,720,723,706,714,318477,225000000,69111364
036620,2021-01-07,710,717,706,711,312962,221000000,69111364
036620,2021-01-08,708,725,708,714,534844,382000000,69111364
036620,2021-01-11,714,722,688,703,796961,557000000,69111364
036620,2021-01-12,703,704,688,692,276980,192000000,69111364
036620,2021-01-13,701,701,683,698,131450,90000000,69111364
036620,2021-01-14,698,704,691,701,96842,67000000,69111364
036620,2021-01-15,705,705,693,696,80928,56000000,69111364
036620,2021-01-18,698,702,685,692,72872,50000000,69111364
036620,2021-01-19,694,696,681,683,144948,99000000,69111364
036620,2021-01-20,683,699,681,690,129023,88000000,69111364
036620,2021-01-21,705,715,691,706,227236,160000000,69111364
036620,2021-01-22,721,721,699,710,180839,127000000,69111364
036620,2021-01-25,724,735,710,719,420991,304000000,69111364
036620,2021-01-26,719,727,711,722,174306,125000000,69111364
036620,2021-01-27,735,735,713,713,187214,135000000,69111364
036620,2021-01-28,716,722,699,700,165765,116000000,69111364
036620,2021-01-29,700,715,682,682,147902,102000000,69111364
036620,2021-02-01,688,698,682,688,94770,65000000,69111364
036620,2021-02-02,713,713,687,694,76230,52000000,69111364
036620,2021-02-03,705,710,693,694,93136,64000000,69111364
036620,2021-02-04,711,711,695,707,46295,32000000,69111364
036620,2021-02-05,710,717,694,694,159459,112000000,69111364
036620,2021-02-08,713,713,695,700,77110,54000000,69111364
036620,2021-02-09,715,715,697,700,138244,97000000,69111364
036620,2021-02-10,711,711,700,704,105515,74000000,69111364
036620,2021-02-15,710,735,702,714,158603,113000000,69111364
036620,2021-02-16,707,716,704,708,175250,124000000,69111364
036620,2021-02-17,727,920,720,751,33984114,29045000000,69111364
036620,2021-02-18,751,785,731,750,4256160,3213000000,69111364
036620,2021-02-19,750,753,718,735,1366700,998000000,69111364
036620,2021-02-22,736,769,733,760,1024573,768000000,69111364
036620,2021-02-23,756,759,738,748,642347,478000000,69111364
036620,2021-02-24,748,769,728,740,747152,555000000,69111364
036620,2021-02-25,748,748,729,740,263200,193000000,69111364
036620,2021-02-26,734,738,720,732,443807,322000000,69111364
036620,2021-03-02,732,754,728,740,209274,154000000,69111364
036620,2021-03-03,739,747,730,742,234063,172000000,69111364
036620,2021-03-04,742,771,734,764,872185,661000000,69111364
036620,2021-03-05,747,780,747,766,380155,288000000,69111364
036620,2021-03-08,780,789,752,770,329219,251000000,69111364
036620,2021-03-09,770,824,761,777,2026222,1611000000,69111364
036620,2021-03-10,784,808,771,780,347943,271000000,69111364
036620,2021-03-11,799,800,766,776,294085,228000000,69111364
036620,2021-03-12,779,810,777,810,580389,459000000,69111364
036620,2021-03-15,809,828,791,819,579974,469000000,69111364
036620,2021-03-16,819,844,800,834,1039381,854000000,69111364
036620,2021-03-17,843,894,828,884,2065609,1798000000,69111364
036620,2021-03-18,880,1045,877,912,6606802,6262000000,69111364
036620,2021-03-19,912,936,871,920,953335,862000000,69111364
036620,2021-03-22,909,919,886,899,561799,505000000,69111364
036620,2021-03-23,899,907,875,889,522526,463000000,69111364
036620,2021-03-24,881,892,855,890,355816,310000000,69111364
036620,2021-03-25,881,890,860,881,237050,207000000,69111364
036620,2021-03-26,873,884,860,873,163882,142000000,69111364
036620,2021-03-29,862,890,858,880,253476,220000000,69111364
036620,2021-03-30,880,895,861,870,148155,129000000,69111364
036620,2021-03-31,870,883,850,865,314375,272000000,69111364
036620,2021-04-01,874,915,857,888,560654,496000000,69111364
036620,2021-04-02,895,995,882,921,2064811,1945000000,69111364
036620,2021-04-05,929,955,926,937,371085,346000000,69111364
036620,2021-04-06,937,943,899,927,412929,381000000,69111364
036620,2021-04-07,926,955,925,950,364668,343000000,69111364
036620,2021-04-08,950,957,900,927,343885,316000000,69111364
036620,2021-04-09,927,938,903,919,166460,153000000,69111364
036620,2021-04-12,919,937,888,937,303262,276000000,69111364
036620,2021-04-13,928,960,906,935,347059,322000000,69111364
036620,2021-04-14,936,950,900,921,225932,207000000,70745350
036620,2021-04-15,925,925,902,909,158114,143000000,70745350
036620,2021-04-16,917,925,900,919,114667,104000000,70745350
036620,2021-04-19,929,951,919,933,267755,249000000,70745350
036620,2021-04-20,933,985,907,922,621990,578000000,70745350
036620,2021-04-21,921,930,914,923,243489,224000000,70745350
036620,2021-04-22,922,935,901,907,369626,336000000,70745350
036620,2021-04-23,906,977,902,957,861511,815000000,70745350
036620,2021-04-26,970,981,956,975,415231,401000000,70745350
036620,2021-04-27,998,1125,979,1070,4613123,4887000000,70745350
036620,2021-04-28,1065,1190,1010,1135,2878808,3189000000,70745350
036620,2021-04-29,1115,1235,1095,1210,2531796,3011000000,70745350
036620,2021-04-30,1210,1260,1140,1185,1725154,2093000000,70745350
036620,2021-05-03,1190,1290,1190,1285,1823588,2293000000,70745350
036620,2021-05-04,1305,1305,1150,1270,1932804,2368000000,70745350
036620,2021-05-06,1285,1290,1190,1245,727416,899000000,70747735
036620,2021-05-07,1240,1325,1195,1255,3108307,3907000000,70747735
036620,2021-05-10,1380,1575,1350,1475,8918094,12968000000,70747735
036620,2021-05-11,1440,1490,1375,1420,1796847,2579000000,70747735
036620,2021-05-12,1420,1440,1310,1425,942629,1308000000,70747735
036620,2021-05-13,1370,1450,1355,1380,922764,1297000000,70747735
036620,2021-05-14,1395,1445,1365,1425,683277,962000000,70747735
036620,2021-05-17,1425,1455,1350,1400,557852,778000000,70747735
036620,2021-05-18,1390,1390,1310,1330,872433,1171000000,70747735
036620,2021-05-20,1330,1360,1210,1345,1546872,1966000000,70747735
036620,2021-05-21,1345,1365,1265,1315,421484,552000000,70747735
036620,2021-05-24,1310,1310,1240,1240,513261,656000000,70747735
036620,2021-05-25,1240,1340,1240,1315,360342,469000000,70747735
036620,2021-05-26,1315,1385,1285,1370,519009,699000000,70747735
036620,2021-05-27,1360,1555,1340,1490,3327388,4919000000,70747735
036620,2021-05-28,1470,1525,1430,1480,1492895,2193000000,70747735
036620,2021-05-31,1480,1500,1400,1450,761877,1095000000,70747735
036620,2021-06-01,1450,1450,1385,1430,634497,895000000,70747735
036620,2021-06-02,1430,1435,1350,1425,732893,1016000000,70747735
036620,2021-06-03,1430,1430,1365,1415,1094617,1521000000,70747735
036620,2021-06-04,1410,1615,1395,1535,3389886,5185000000,70747735
036620,2021-06-07,1520,1570,1485,1545,714210,1090000000,70747735
036620,2021-06-08,1465,1570,1445,1465,1012117,1509000000,70747735
036620,2021-06-09,1470,1545,1465,1495,693951,1044000000,70747735
036620,2021-06-10,1500,1590,1500,1570,1137202,1767000000,70747735
036620,2021-06-11,1620,1840,1485,1490,8341600,13820000000,70747735
036620,2021-06-14,1570,1570,1445,1460,1690709,2503000000,70747735
036620,2021-06-15,1445,1460,1390,1405,1111158,1567000000,70747735
036620,2021-06-16,1410,1410,1340,1345,1884836,2576000000,70747735
036620,2021-06-17,1325,1455,1300,1450,1789615,2504000000,70747735
036620,2021-06-18,1450,1450,1385,1420,995755,1404000000,70747735
036620,2021-06-21,1400,1465,1370,1405,703028,995000000,74015708
036620,2021-06-22,1400,1445,1390,1400,564367,793000000,74015708
036620,2021-06-23,1400,1435,1355,1420,872132,1218000000,74015708
036620,2021-06-24,1425,1555,1405,1530,3822976,5780000000,74015708
036620,2021-06-25,1550,1575,1505,1555,1671538,2579000000,74015708
036620,2021-06-28,1560,1740,1555,1730,3976547,6637000000,74015708
036620,2021-06-29,1715,1765,1635,1655,1611167,2729000000,74015708
036620,2021-06-30,1650,1940,1645,1870,14110166,25771000000,74015708
036620,2021-07-01,1860,1860,1755,1755,2779469,5006000000,74015708
036620,2021-07-02,1765,1850,1725,1735,2309621,4117000000,74015708
036620,2021-07-05,1725,1725,1625,1660,1674802,2803000000,74015708
036620,2021-07-06,1660,1695,1630,1675,747335,1243000000,74015708
036620,2021-07-07,1660,1730,1615,1715,974682,1624000000,74015708
036620,2021-07-08,1690,1735,1625,1625,846349,1404000000,74015708
036620,2021-07-09,1625,1625,1535,1585,1147760,1798000000,74015708
036620,2021-07-12,1575,1665,1545,1635,498184,808000000,74015708
036620,2021-07-13,1620,1715,1620,1700,733432,1228000000,74015708
036620,2021-07-14,1695,1705,1640,1675,406019,680000000,74015708
036620,2021-07-15,1675,1675,1635,1640,461057,761000000,74015708
036620,2021-07-16,1640,1640,1580,1595,466464,744000000,74015708
036620,2021-07-19,1595,1625,1540,1560,786618,1227000000,74015708
036620,2021-07-20,1505,1575,1505,1565,375810,584000000,74015708
036620,2021-07-21,1555,1580,1535,1540,356458,553000000,74015708
036620,2021-07-22,1540,1565,1520,1540,328045,503000000,75322897
036620,2021-07-23,1560,1600,1530,1540,304822,474000000,75322897
036620,2021-07-26,1570,1585,1515,1530,267755,408000000,75322897
036620,2021-07-27,1525,1560,1495,1495,346396,523000000,75322897
036620,2021-07-28,1485,1500,1430,1495,461006,672000000,75322897
036620,2021-07-29,1495,1500,1445,1480,363367,530000000,75322897
036620,2021-07-30,1480,1480,1415,1420,778772,1111000000,75322897
036620,2021-08-02,1420,1435,1350,1415,713959,984000000,75322897
036620,2021-08-03,1440,1440,1345,1375,646047,884000000,75322897
036620,2021-08-04,1385,1650,1315,1500,3515230,5298000000,75322897
036620,2021-08-05,1500,1500,1420,1420,1027972,1477000000,75322897
036620,2021-08-06,1400,1450,1380,1400,528770,738000000,75322897
036620,2021-08-09,1400,1450,1360,1365,514519,708000000,75322897
036620,2021-08-10,1365,1420,1355,1370,392958,545000000,75322897
036620,2021-08-11,1370,1420,1370,1390,318791,444000000,75322897
036620,2021-08-12,1380,1410,1375,1380,193113,267000000,75322897
036620,2021-08-13,1400,1400,1345,1390,249259,342000000,75322897
036620,2021-08-17,1390,1400,1315,1330,494778,669000000,75322897
036620,2021-08-18,1340,1420,1330,1400,274220,380000000,75322897
036620,2021-08-19,1400,1520,1390,1435,883673,1300000000,75322897
036620,2021-08-20,1495,1495,1430,1445,546239,795000000,75322897
036620,2021-08-23,1445,1485,1430,1440,233531,339000000,75322897
036620,2021-08-24,1470,1530,1460,1465,396426,592000000,75322897
036620,2021-08-25,1470,1495,1450,1465,317538,464000000,75322897
036620,2021-08-26,1455,1510,1450,1465,205437,304000000,75322897
036620,2021-08-27,1450,1520,1445,1500,281244,417000000,75322897
036620,2021-08-30,1500,1550,1455,1530,332608,506000000,75322897
036620,2021-08-31,1520,1580,1500,1570,435075,671000000,75322897
036620,2021-09-01,1575,1645,1540,1600,683833,1092000000,75322897
036620,2021-09-02,1570,1615,1555,1595,210016,331000000,75322897
036620,2021-09-03,1585,1595,1545,1550,271919,423000000,75322897
036620,2021-09-06,1565,1590,1500,1535,235252,360000000,75322897
036620,2021-09-07,1535,1545,1500,1545,177988,270000000,75322897
036620,2021-09-08,1520,1650,1515,1640,854149,1381000000,75322897
036620,2021-09-09,1640,1720,1610,1655,902834,1507000000,75322897
036620,2021-09-10,1625,1740,1625,1720,717731,1228000000,75322897
036620,2021-09-13,1730,1730,1645,1670,369605,617000000,75322897
036620,2021-09-14,1685,1815,1685,1775,2042258,3621000000,75322897
036620,2021-09-15,1775,1825,1755,1760,781786,1391000000,75322897
036620,2021-09-16,1810,1810,1690,1690,661924,1155000000,75322897
036620,2021-09-17,1690,1760,1680,1720,326691,562000000,75322897
036620,2021-09-23,1665,1765,1640,1675,338457,574000000,75322897
036620,2021-09-24,1675,1705,1660,1680,283119,474000000,75322897
036620,2021-09-27,1680,1725,1670,1675,274575,465000000,75322897
036620,2021-09-28,1680,1720,1635,1675,314016,526000000,75322897
036620,2021-09-29,1640,1670,1600,1635,215215,350000000,75322897
036620,2021-09-30,1640,1675,1555,1565,557376,890000000,75322897
036620,2021-10-01,1545,1585,1475,1565,650529,995000000,75322897
036620,2021-10-05,1590,1625,1465,1610,1390983,2119000000,75322897
036620,2021-10-06,1620,1720,1585,1650,1076410,1785000000,75322897
036620,2021-10-07,1660,1790,1655,1770,2711714,4733000000,75322897
036620,2021-10-08,1780,1940,1765,1925,5779624,10897000000,75322897
036620,2021-10-12,1905,1975,1885,1930,2496532,4815000000,75322897
036620,2021-10-13,1910,2315,1900,2220,10180221,22024000000,75322897
036620,2021-10-14,2245,2355,2210,2280,4017459,9111000000,75322897
036620,2021-10-15,2265,2590,2180,2375,7076649,16859000000,75322897
036620,2021-10-18,2400,2550,2360,2550,2785771,6887000000,75322897
036620,2021-10-19,2570,2600,2400,2530,2122354,5312000000,77283680
036620,2021-10-20,2495,2725,2460,2665,2729840,7155000000,77283680
036620,2021-10-21,2660,2660,2250,2375,3774775,9118000000,77283680
036620,2021-10-22,2375,2520,2360,2460,1653133,4085000000,77283680
036620,2021-10-25,2420,2520,2290,2460,2117590,5092000000,77283680
036620,2021-10-26,2425,2520,2380,2490,2198431,5264000000,77283680
036620,2021-10-27,2510,2510,2345,2395,1221948,2936000000,77283680
036620,2021-10-28,2380,2470,2280,2335,1458234,3454000000,77283680
036620,2021-10-29,2310,2415,2305,2340,1079012,2524000000,77283680
036620,2021-11-01,2345,2435,2340,2380,651903,1553000000,77283680
036620,2021-11-02,2380,2575,2330,2505,1633467,4064000000,77283680
036620,2021-11-03,2505,2510,2380,2380,1273644,3072000000,77283680
036620,2021-11-04,2380,2450,2380,2415,676053,1630000000,77338680
036620,2021-11-05,2400,2440,2350,2400,516854,1230000000,77338680
036620,2021-11-08,2410,2520,2410,2485,1445067,3478000000,77338680
036620,2021-11-09,2570,2570,2175,2260,2510291,5864000000,77338680
036620,2021-11-10,2265,2330,2160,2225,934092,2073000000,77338680
036620,2021-11-11,2225,2250,2160,2210,509708,1118000000,77338680
036620,2021-11-12,2210,2330,2180,2215,430989,966000000,77338680
036620,2021-11-15,2215,2255,2160,2215,523271,1153000000,78155673
036620,2021-11-16,2300,2345,2235,2315,544594,1251000000,78155673
036620,2021-11-17,2325,2340,2220,2250,619274,1399000000,78155673
036620,2021-11-18,2290,2435,2250,2390,1383702,3294000000,78155673
036620,2021-11-19,2390,2435,2300,2340,609393,1442000000,78155673
036620,2021-11-22,2320,2340,2160,2290,751649,1685000000,78155673
036620,2021-11-23,2290,2340,2220,2270,306044,693000000,78155673
036620,2021-11-24,2270,2310,2220,2300,237590,542000000,78155673
036620,2021-11-25,2300,2325,2205,2220,469414,1047000000,78155673
036620,2021-11-26,2250,2400,2195,2245,3027986,6672000000,78155673
036620,2021-11-29,2230,2250,2100,2170,281880,618000000,78155673
036620,2021-11-30,2175,2225,2010,2080,1148665,2389000000,78155673
036620,2021-12-01,2055,2195,2055,2180,462390,995000000,78155673
036620,2021-12-02,2115,2200,2075,2125,246433,522000000,78155673
036620,2021-12-03,2170,2215,2100,2100,324201,706000000,78155673
036620,2021-12-06,2100,2190,2075,2165,338709,728000000,78155673
036620,2021-12-07,2195,2240,2105,2210,429294,929000000,78155673
036620,2021-12-08,2210,2275,2140,2175,530718,1172000000,78155673
036620,2021-12-09,2180,2310,2180,2290,800365,1826000000,78155673
036620,2021-12-10,2295,2300,2200,2270,484533,1092000000,78155673
036620,2021-12-13,2270,2270,2195,2200,451822,1021000000,78155673
036620,2021-12-14,2240,2260,2120,2170,567158,1233000000,78155673
036620,2021-12-15,2170,2280,2170,2275,919286,2066000000,78155673
036620,2021-12-16,2260,2275,2170,2235,552507,1232000000,78155673
036620,2021-12-17,2235,2260,2185,2205,328700,728000000,78155673
036620,2021-12-20,2205,2250,2155,2210,370276,820000000,78155673
036620,2021-12-21,2210,2245,2185,2200,313397,690000000,78155673
036620,2021-12-22,2230,2320,2170,2190,929381,2082000000,78155673
036620,2021-12-23,2205,2205,2150,2165,518481,1127000000,78155673
036620,2021-12-24,2165,2180,2130,2150,293095,628000000,78155673
036620,2021-12-27,2130,2165,2100,2105,364653,774000000,78155673
036620,2021-12-28,2130,2235,2080,2110,1147819,2445000000,78155673
036620,2021-12-29,2130,2310,2130,2310,1134681,2558000000,78155673
036620,2021-12-30,2310,2315,2210,2210,459579,1030000000,78155673
036620,2022-01-03,2215,2365,2215,2275,912590,2116000000,78155673
036620,2022-01-04,2275,2325,2240,2300,369748,837000000,78155673
036620,2022-01-05,2290,2300,2240,2255,285895,646000000,78155673
036620,2022-01-06,2230,2325,2225,2265,395010,895000000,78155673
036620,2022-01-07,2265,2335,2265,2320,320662,742000000,78155673
036620,2022-01-10,2350,2360,2265,2270,316128,720000000,78155673
036620,2022-01-11,2270,2350,2235,2250,291286,655000000,78155673
036620,2022-01-12,2250,2280,2245,2255,166758,376000000,78155673
036620,2022-01-13,2270,2420,2270,2400,1653813,3922000000,78155673
036620,2022-01-14,2385,2450,2325,2345,733784,1743000000,78155673
036620,2022-01-17,2345,2395,2260,2350,373716,865000000,78155673
036620,2022-01-18,2370,2400,2300,2340,317830,747000000,78155673
036620,2022-01-19,2285,2345,2250,2325,679039,1551000000,78155673
036620,2022-01-20,2310,2320,2230,2275,455309,1031000000,78155673
036620,2022-01-21,2320,2320,2230,2250,286306,645000000,78155673
036620,2022-01-24,2220,2235,2135,2175,599118,1302000000,78155673
036620,2022-01-25,2175,2200,2105,2125,465161,993000000,78155673
036620,2022-01-26,2125,2185,2105,2165,302844,651000000,78155673
036620,2022-01-27,2175,2185,2060,2110,456228,958000000,78155673
036620,2022-01-28,2125,2145,2030,2100,413143,858000000,78155673
036620,2022-02-03,2100,2130,1995,2015,902103,1834000000,78155673
036620,2022-02-04,2000,2200,1890,2165,1591479,3160000000,78155673
036620,2022-02-07,2180,2190,2050,2100,428953,898000000,78155673
036620,2022-02-08,2100,2165,2060,2095,307433,643000000,78155673
036620,2022-02-09,2125,2320,2115,2285,1386828,3126000000,78155673
036620,2022-02-10,2285,2305,2225,2295,453979,1029000000,78155673
036620,2022-02-11,2275,2330,2230,2300,560514,1284000000,78155673
036620,2022-02-14,2250,2310,2205,2270,595147,1342000000,78155673
036620,2022-02-15,2270,2270,2085,2100,744752,1601000000,78155673
036620,2022-02-16,2115,2225,2115,2155,272900,592000000,78155673
036620,2022-02-17,2195,2235,2140,2180,256619,561000000,78155673
036620,2022-02-18,2180,2190,2110,2130,345973,742000000,78155673
036620,2022-02-21,2080,2120,2030,2085,477568,988000000,78155673
036620,2022-02-22,2045,2085,2000,2055,280029,570000000,78155673
036620,2022-02-23,2050,2095,2020,2040,206019,420000000,78155673
036620,2022-02-24,2040,2080,1965,1985,461904,921000000,78155673
036620,2022-02-25,2010,2075,1985,2005,243550,487000000,78155673
036620,2022-02-28,2005,2025,1980,2000,202025,403000000,78155673
036620,2022-03-02,2000,2060,1990,2050,157738,320000000,78155673
036620,2022-03-03,2050,2090,2030,2080,290638,596000000,78155673
036620,2022-03-04,2080,2090,2005,2050,249467,509000000,78155673
036620,2022-03-07,2050,2065,1960,2010,385098,773000000,78155673
036620,2022-03-08,1990,2010,1895,1930,681542,1325000000,78155673
036620,2022-03-10,1945,1990,1935,1960,208490,408000000,78155673
036620,2022-03-11,1975,2040,1960,2010,344547,687000000,78155673
036620,2022-03-14,2010,2010,1900,1965,370116,717000000,78155673
036620,2022-03-15,1950,1970,1885,1900,385902,739000000,78155673
036620,2022-03-16,1920,2045,1905,2045,532630,1064000000,78155673
036620,2022-03-17,2085,2085,2020,2045,272935,558000000,78155673
036620,2022-03-18,2045,2055,2015,2035,166880,338000000,78155673
036620,2022-03-21,2000,2065,2000,2045,160152,326000000,78155673
036620,2022-03-22,2020,2065,2005,2050,266107,540000000,78155673
036620,2022-03-23,2055,2100,2000,2035,449980,918000000,78155673
036620,2022-03-24,2015,2085,1990,2075,325181,665000000,78155673
036620,2022-03-25,2075,2075,2010,2010,381846,780000000,78155673
036620,2022-03-28,2010,2115,2010,2100,716907,1502000000,78155673
036620,2022-03-29,2100,2115,2055,2100,251947,524000000,78155673
036620,2022-03-30,2090,2110,2070,2070,114841,238000000,78155673
036620,2022-03-31,2060,2085,2040,2055,88055,181000000,78155673
036620,2022-04-01,2040,2060,2025,2050,174545,356000000,78155673
036620,2022-04-04,2070,2100,2045,2070,186950,386000000,78155673
036620,2022-04-05,2070,2070,2030,2050,216255,442000000,78155673
036620,2022-04-06,2035,2110,2035,2090,478798,1000000000,78155673
036620,2022-04-07,2060,2085,1955,2005,494950,995000000,78155673
036620,2022-04-08,2005,2040,1975,1985,206363,411000000,78155673
036620,2022-04-11,1985,2015,1965,1980,156406,310000000,78155673
036620,2022-04-12,2000,2000,1880,1925,481419,921000000,79626260
036620,2022-04-13,1940,1940,1900,1925,121320,232000000,79626260
036620,2022-04-14,1935,1960,1890,1905,347458,663000000,79626260
036620,2022-04-15,1920,1920,1875,1885,263921,498000000,79626260
036620,2022-04-18,1895,1895,1835,1845,366865,683000000,79626260
036620,2022-04-19,1845,1885,1825,1840,231987,428000000,79626260
036620,2022-04-20,1860,1945,1850,1900,478562,904000000,79626260
036620,2022-04-21,1900,1905,1855,1880,199305,375000000,79626260
036620,2022-04-22,1880,1980,1840,1970,494562,943000000,79626260
036620,2022-04-25,1930,1940,1865,1875,462886,875000000,79626260
036620,2022-04-26,1860,1925,1850,1865,374512,700000000,79626260
036620,2022-04-27,1845,1845,1780,1820,392754,708000000,79626260
036620,2022-04-28,1815,1845,1750,1760,278738,496000000,79626260
036620,2022-04-29,1755,1895,1645,1745,1249391,2176000000,79626260
036620,2022-05-02,1750,1805,1715,1740,218675,383000000,79626260
036620,2022-05-03,1800,1800,1690,1725,492278,852000000,79626260
036620,2022-05-04,1765,1765,1685,1700,268757,462000000,79626260
036620,2022-05-06,1680,1750,1640,1690,726506,1220000000,79626260
036620,2022-05-09,1690,1735,1615,1680,401274,673000000,79626260
036620,2022-05-10,1670,1710,1605,1700,233277,388000000,79626260
036620,2022-05-11,1700,1760,1660,1725,374155,641000000,79626260
036620,2022-05-12,1725,1725,1640,1640,382432,638000000,79626260
036620,2022-05-13,1640,1675,1640,1645,201155,332000000,79626260
036620,2022-05-16,1680,1750,1670,1740,430231,737000000,79626260
036620,2022-05-17,1775,1775,1685,1685,290332,497000000,79626260
036620,2022-05-18,1695,1700,1665,1665,208126,349000000,79626260
036620,2022-05-19,1675,1675,1595,1630,325278,528000000,79626260
036620,2022-05-20,1635,1695,1600,1670,263025,434000000,79626260
036620,2022-05-23,1660,1685,1610,1650,352749,577000000,79626260
036620,2022-05-24,1650,1670,1585,1610,302941,486000000,79626260
036620,2022-05-25,1610,1620,1565,1600,123989,197000000,79626260
036620,2022-05-26,1595,1615,1575,1605,259145,413000000,79626260
036620,2022-05-27,1610,1730,1605,1625,515118,852000000,79626260
036620,2022-05-30,1640,1740,1625,1700,329796,552000000,79626260
036620,2022-05-31,1700,1710,1675,1705,204564,345000000,79626260
036620,2022-06-02,1705,1705,1650,1660,140481,235000000,79626260
036620,2022-06-03,1665,1690,1665,1680,83484,139000000,79626260
036620,2022-06-07,1680,1690,1610,1630,256909,419000000,79626260
036620,2022-06-08,1630,1630,1600,1610,216974,349000000,79626260
036620,2022-06-09,1615,1640,1590,1640,195715,314000000,79626260
036620,2022-06-10,1640,1640,1590,1600,186174,298000000,79626260
036620,2022-06-13,1570,1570,1510,1525,235974,363000000,79626260
036620,2022-06-14,1495,1530,1445,1505,356926,528000000,79626260
036620,2022-06-15,1505,1525,1420,1455,381522,550000000,79626260
036620,2022-06-16,1500,1520,1460,1480,598030,891000000,79626260
036620,2022-06-17,1450,1535,1400,1485,507953,746000000,79626260
036620,2022-06-20,1455,1500,1395,1420,229253,326000000,79626260
036620,2022-06-21,1430,1480,1400,1435,208804,300000000,79626260
036620,2022-06-22,1430,1495,1385,1400,210315,299000000,79626260
036620,2022-06-23,1390,1415,1305,1335,288286,393000000,79626260
036620,2022-06-24,1325,1420,1325,1350,744172,1020000000,79626260
036620,2022-06-27,1375,1420,1345,1415,631701,877000000,79626260
036620,2022-06-28,1415,1485,1400,1470,318928,462000000,79626260
036620,2022-06-29,1455,1470,1425,1435,78664,113000000,79626260
036620,2022-06-30,1450,1455,1350,1420,266931,374000000,79626260
036620,2022-07-01,1410,1455,1400,1430,190650,271000000,79626260
036620,2022-07-04,1440,1530,1420,1460,346211,510000000,79626260
036620,2022-07-05,1450,1510,1435,1495,192972,286000000,79626260
036620,2022-07-06,1530,1530,1440,1480,77877,115000000,79626260
036620,2022-07-07,1465,1580,1450,1560,329938,504000000,79626260
036620,2022-07-08,1560,1650,1555,1625,386342,626000000,79626260
036620,2022-07-11,1610,1715,1600,1680,443853,739000000,79626260
036620,2022-07-12,1665,1665,1595,1605,280377,452000000,79626260
036620,2022-07-13,1585,1665,1560,1650,221496,359000000,79626260
036620,2022-07-14,1650,1690,1620,1645,98060,160000000,79626260
036620,2022-07-15,1625,1710,1615,1680,243576,403000000,79626260
036620,2022-07-18,1665,1700,1660,1675,111707,187000000,79626260
036620,2022-07-19,1690,1690,1660,1670,79198,132000000,79626260
036620,2022-07-20,1690,1690,1655,1675,126644,211000000,79626260
036620,2022-07-21,1655,1690,1645,1690,107818,180000000,79626260
036620,2022-07-22,1690,1700,1645,1660,80205,133000000,79626260
036620,2022-07-25,1680,1680,1590,1600,185335,299000000,79626260
036620,2022-07-26,1600,1665,1600,1640,167023,273000000,79626260
036620,2022-07-27,1625,1645,1600,1625,229738,371000000,79626260
036620,2022-07-28,1625,1650,1605,1625,229187,373000000,79626260
036620,2022-07-29,1625,1645,1610,1640,158473,257000000,79626260
036620,2022-08-01,1650,1650,1620,1640,170280,277000000,79626260
036620,2022-08-02,1640,1665,1600,1615,165480,268000000,79626260
036620,2022-08-03,1615,1615,1585,1600,144615,231000000,79626260
036620,2022-08-04,1600,1620,1595,1605,95774,153000000,79626260
036620,2022-08-05,1605,1880,1600,1860,4299949,7683000000,79626260
036620,2022-08-08,1835,1870,1800,1825,808698,1475000000,79626260
036620,2022-08-09,1800,1835,1755,1820,782693,1395000000,79626260
036620,2022-08-10,1805,1835,1725,1755,466436,823000000,89593577
036620,2022-08-11,1755,1805,1750,1800,418124,743000000,89593577
036620,2022-08-12,1780,1875,1780,1835,533673,976000000,89593577
036620,2022-08-16,1840,1855,1750,1750,529474,945000000,89593577
036620,2022-08-17,1750,1750,1680,1720,495909,852000000,89593577
036620,2022-08-18,1720,1750,1680,1730,184131,316000000,89593577
036620,2022-08-19,1730,1815,1705,1795,372952,659000000,89593577
036620,2022-08-22,1775,1785,1705,1720,274455,472000000,89593577
036620,2022-08-23,1720,1740,1665,1675,304384,516000000,89593577
036620,2022-08-24,1675,1700,1610,1620,366718,603000000,89593577
036620,2022-08-25,1630,1710,1630,1695,248148,415000000,89593577
036620,2022-08-26,1710,1720,1690,1695,98827,168000000,89593577
036620,2022-08-29,1635,1655,1550,1625,184033,298000000,89593577
036620,2022-08-30,1625,1690,1620,1650,70943,116000000,89593577
036620,2022-08-31,1650,1675,1610,1670,129218,213000000,89593577
036620,2022-09-01,1660,1680,1605,1620,222743,363000000,89593577
036620,2022-09-02,1625,1650,1595,1620,213270,344000000,89593577
036620,2022-09-05,1605,1630,1590,1605,121838,195000000,89593577
036620,2022-09-06,1605,1625,1590,1610,69648,112000000,89593577
036620,2022-09-07,1615,1620,1585,1590,142359,227000000,89593577
036620,2022-09-08,1590,1615,1570,1590,111653,177000000,89593577
036620,2022-09-13,1600,1645,1590,1640,161183,261000000,89593577
036620,2022-09-14,1625,1625,1570,1580,176956,282000000,89593577
036620,2022-09-15,1595,1605,1570,1580,84116,133000000,89593577
036620,2022-09-16,1580,1595,1555,1555,87575,137000000,89593577
036620,2022-09-19,1575,1645,1540,1545,175709,275000000,89593577
036620,2022-09-20,1545,1635,1545,1590,172094,276000000,89593577
036620,2022-09-21,1590,1615,1550,1580,96015,150000000,89593577
036620,2022-09-22,1550,1590,1520,1550,84133,130000000,89593577
036620,2022-09-23,1550,1590,1510,1515,187382,288000000,89593577
036620,2022-09-26,1515,1560,1455,1505,368472,554000000,89593577
036620,2022-09-27,1420,1550,1415,1505,1010200,1493000000,89593577
036620,2022-09-28,1510,1550,1450,1505,301597,451000000,89593577
036620,2022-09-29,1520,1540,1470,1510,214719,321000000,89593577
036620,2022-09-30,1450,1530,1450,1510,84887,126000000,89593577
036620,2022-10-04,1505,1595,1505,1585,259259,400000000,89593577
036620,2022-10-05,1585,1590,1550,1585,112212,176000000,89593577
036620,2022-10-06,1575,1640,1570,1595,243148,391000000,89593577
036620,2022-10-07,1605,1680,1590,1680,288039,473000000,89593577
036620,2022-10-11,1660,1680,1605,1670,322841,530000000,89593577
036620,2022-10-12,1650,1770,1615,1670,176477,294000000,89593577
036620,2022-10-13,1670,1675,1620,1620,212102,346000000,89593577
036620,2022-10-14,1655,1665,1605,1630,217663,355000000,89593577
036620,2022-10-17,1615,1640,1590,1620,136133,218000000,89593577
036620,2022-10-18,1640,1700,1605,1645,111337,181000000,89593577
036620,2022-10-19,1650,1650,1600,1605,177368,287000000,89593577
036620,2022-10-20,1615,1655,1565,1630,375423,598000000,89593577
036620,2022-10-21,1605,1620,1570,1580,96870,153000000,89593577
036620,2022-10-24,1590,1625,1570,1570,91265,145000000,89593577
036620,2022-10-25,1585,1585,1520,1525,203059,311000000,89593577
036620,2022-10-26,1535,1545,1500,1510,164702,250000000,89593577
036620,2022-10-27,1505,1540,1495,1515,101798,153000000,89593577
036620,2022-10-28,1510,1535,1445,1500,268357,398000000,89593577
036620,2022-10-31,1495,1525,1485,1495,106402,160000000,89593577
036620,2022-11-01,1500,1545,1470,1495,234023,351000000,89593577
036620,2022-11-02,1490,1495,1470,1485,147968,218000000,89593577
036620,2022-11-03,1470,1470,1435,1450,122953,177000000,89593577
036620,2022-11-04,1450,1465,1420,1460,121603,174000000,89593577
036620,2022-11-07,1460,1485,1430,1440,185717,269000000,89593577
036620,2022-11-08,1435,1475,1430,1440,229893,333000000,89593577
036620,2022-11-09,1440,1495,1435,1470,414413,605000000,89593577
036620,2022-11-10,1475,1475,1430,1435,248560,360000000,89593577
036620,2022-11-11,1500,1500,1405,1415,472320,678000000,89593577
036620,2022-11-14,1425,1465,1395,1420,369465,526000000,89593577
036620,2022-11-15,1430,1455,1425,1445,161414,231000000,89593577
036620,2022-11-16,1470,1505,1450,1480,394940,581000000,89593577
036620,2022-11-17,1495,1495,1455,1470,157269,230000000,89593577
036620,2022-11-18,1480,1490,1455,1460,147407,217000000,89593577
036620,2022-11-21,1460,1465,1425,1440,117774,169000000,89593577
036620,2022-11-22,1440,1450,1415,1435,148093,212000000,89593577
036620,2022-11-23,1445,1500,1445,1480,342836,506000000,89593577
036620,2022-11-24,1495,1545,1475,1540,345898,519000000,89593577
036620,2022-11-25,1540,1540,1505,1525,141358,215000000,89593577
036620,2022-11-28,1510,1540,1470,1470,136750,204000000,89593577
036620,2022-11-29,1440,1730,1440,1590,3955501,6324000000,89593577
036620,2022-11-30,1580,1600,1550,1575,263633,414000000,89593577
036620,2022-12-01,1575,1615,1555,1565,372425,588000000,89593577
036620,2022-12-02,1580,1725,1550,1665,1405132,2346000000,89593577
036620,2022-12-05,1695,1725,1680,1725,922206,1567000000,89593577
036620,2022-12-06,1725,1750,1685,1695,414550,707000000,89593577
036620,2022-12-07,1695,1730,1675,1700,495553,845000000,89593577
036620,2022-12-08,1760,1760,1635,1700,455129,773000000,89593577
036620,2022-12-09,1700,1870,1660,1825,2249080,4041000000,89593577
036620,2022-12-12,1825,1825,1735,1755,515217,913000000,89593577
036620,2022-12-13,1755,1785,1705,1780,361518,637000000,89593577
036620,2022-12-14,1780,1815,1745,1780,243898,434000000,89593577
036620,2022-12-15,1780,1795,1730,1740,283960,498000000,89593577
036620,2022-12-16,1720,1755,1695,1700,284927,487000000,89593577
036620,2022-12-19,1695,1720,1685,1700,168886,287000000,89593577
036620,2022-12-20,1740,1870,1735,1775,2061470,3739000000,89593577
036620,2022-12-21,1790,1930,1750,1900,1621986,3044000000,89593577
036620,2022-12-22,1920,1980,1860,1870,989667,1888000000,89593577
036620,2022-12-23,1800,1915,1770,1805,1138499,2127000000,89593577
036620,2022-12-26,1825,1840,1780,1835,901952,1628000000,89593577
036620,2022-12-27,1820,1945,1815,1875,987555,1876000000,89593577
036620,2022-12-28,1890,1920,1810,1885,352336,660000000,89593577
036620,2022-12-29,1870,1905,1805,1870,596449,1101000000,89593577
036620,2023-01-02,1900,1970,1835,1900,569341,1083000000,89593577
036620,2023-01-03,1900,2050,1845,2010,1902952,3792000000,89593577
036620,2023-01-04,2005,2050,1970,2000,947923,1911000000,89593577
036620,2023-01-05,1995,2085,1990,2050,633248,1298000000,89593577
036620,2023-01-06,2050,2075,1945,1990,651083,1301000000,89593577
036620,2023-01-09,1975,1990,1910,1985,478856,935000000,89593577
036620,2023-01-10,1965,1980,1895,1910,366163,704000000,89593577
036620,2023-01-11,1930,2000,1905,1930,392577,768000000,89593577
036620,2023-01-12,1940,1960,1920,1935,135750,262000000,89593577
036620,2023-01-13,1935,2095,1930,2060,1209222,2485000000,89593577
036620,2023-01-16,2060,2110,2045,2065,599663,1248000000,89593577
036620,2023-01-17,2090,2125,2055,2115,514608,1075000000,89593577
036620,2023-01-18,2115,2130,2055,2090,345868,718000000,89593577
036620,2023-01-19,2070,2120,2045,2120,322940,668000000,89593577
036620,2023-01-20,2105,2135,2085,2120,240611,508000000,89593577
036620,2023-01-25,2100,2145,2080,2125,360715,764000000,89593577
036620,2023-01-26,2150,2220,2105,2160,739210,1611000000,89593577
036620,2023-01-27,2165,2205,2120,2130,313660,669000000,89593577
036620,2023-01-30,2120,2155,2060,2125,251035,532000000,89593577
036620,2023-01-31,2115,2140,2090,2115,209400,441000000,89593577
036620,2023-02-01,2115,2205,2090,2160,549874,1182000000,89593577
036620,2023-02-02,2160,2240,2160,2200,394293,866000000,89593577
036620,2023-02-03,2230,2230,2165,2190,207149,453000000,89593577
036620,2023-02-06,2190,2190,2125,2180,203104,440000000,89593577
036620,2023-02-07,2180,2180,2080,2140,482617,1023000000,89593577
036620,2023-02-08,2125,2135,2090,2105,215261,455000000,89593577
036620,2023-02-09,2105,2115,1990,2000,738758,1509000000,89593577
036620,2023-02-10,2020,2090,1965,2090,558490,1148000000,89593577
036620,2023-02-13,2070,2090,1996,2005,689696,1399000000,89593577
036620,2023-02-14,2005,2205,2005,2200,3406139,7331000000,89593577
036620,2023-02-15,2175,2195,2050,2050,1077522,2285000000,89593577
036620,2023-02-16,2050,2145,2025,2080,1081429,2272000000,89593577
036620,2023-02-17,2080,2130,2030,2090,720562,1500000000,89593577
036620,2023-02-20,2090,2170,2090,2145,923559,1964000000,89593577
036620,2023-02-21,2190,2195,2085,2085,872424,1864000000,89593577
036620,2023-02-22,2070,2080,2000,2025,994242,2014000000,89593577
036620,2023-02-23,2025,2120,2015,2115,416469,865000000,89593577
036620,2023-02-24,2105,2150,2075,2080,298986,629000000,89593577
036620,2023-02-27,2070,2125,2015,2080,370800,772000000,89593577
036620,2023-02-28,2080,2160,2040,2120,1193318,2533000000,89593577
036620,2023-03-02,2120,2130,2085,2105,353899,744000000,89593577
036620,2023-03-03,2105,2120,2080,2095,690515,1451000000,89593577
036620,2023-03-06,2120,2130,2045,2055,474212,976000000,89593577
036620,2023-03-07,2035,2065,2000,2010,414543,838000000,89593577
036620,2023-03-08,1999,1999,1924,1957,748042,1459000000,89593577
036620,2023-03-09,1957,2070,1957,2055,751828,1523000000,89593577
036620,2023-03-10,2030,2080,1985,2055,375241,768000000,89593577
036620,2023-03-13,2010,2035,1977,1986,327296,653000000,89593577
036620,2023-03-14,1949,1995,1932,1939,507972,992000000,89593577
036620,2023-03-15,1945,2020,1945,1995,415205,825000000,89593577
036620,2023-03-16,1995,1995,1938,1967,245931,479000000,89593577
036620,2023-03-17,1955,2065,1955,2055,486599,982000000,89593577
036620,2023-03-20,2055,2060,1999,2005,224760,452000000,89593577
036620,2023-03-21,1990,2050,1990,1990,120495,241000000,89593577
036620,2023-03-22,2005,2010,1950,1991,245271,484000000,89593577
036620,2023-03-23,1975,1994,1937,1940,137523,268000000,89593577
036620,2023-03-24,1955,1985,1910,1969,297293,581000000,89593577
036620,2023-03-27,2015,2020,1902,1980,230028,455000000,89593577
036620,2023-03-28,1980,2005,1925,1998,255722,503000000,89593577
036620,2023-03-29,1999,2035,1960,2030,384249,771000000,89593577
036620,2023-03-30,2020,2045,1995,2000,261956,529000000,89593577
036620,2023-03-31,2040,2060,2010,2060,361316,738000000,89593577
036620,2023-04-03,2165,2270,2080,2215,2493508,5470000000,89593577
036620,2023-04-04,2230,2400,2225,2340,3268573,7618000000,89593577
036620,2023-04-05,2340,2585,2315,2425,5676188,13940000000,89593577
036620,2023-04-06,2425,2525,2395,2435,1180880,2896000000,89593577
036620,2023-04-07,2520,2550,2430,2450,973327,2411000000,89593577
036620,2023-04-10,2440,2490,2360,2480,1099917,2680000000,89593577
036620,2023-04-11,2455,2490,2360,2470,821894,2000000000,89593577
036620,2023-04-12,2500,2645,2500,2595,1702390,4401000000,89593577
036620,2023-04-13,2670,2760,2595,2660,1971091,5288000000,89593577
036620,2023-04-14,2660,2725,2600,2630,810029,2140000000,89593577
036620,2023-04-17,2600,2750,2595,2735,931615,2521000000,89593577
036620,2023-04-18,2750,2875,2735,2825,1204472,3396000000,89593577
036620,2023-04-19,2925,3075,2865,3030,2630250,7884000000,89593577
036620,2023-04-20,3025,3110,2895,2985,1742498,5257000000,89593577
036620,2023-04-21,2965,3090,2885,2920,1338710,3980000000,89593577
036620,2023-04-24,2855,2860,2590,2715,2489951,6728000000,89593577
036620,2023-04-25,2730,2730,2600,2685,834157,2211000000,89593577
036620,2023-04-26,2750,2900,2725,2850,1245671,3504000000,89593577
036620,2023-04-27,2775,2895,2745,2870,1056997,3000000000,89593577
036620,2023-04-28,2910,2995,2785,2875,825670,2385000000,89593577
036620,2023-05-02,2950,2950,2855,2870,560015,1615000000,89593577
036620,2023-05-03,2855,2880,2760,2775,370499,1046000000,89593577
036620,2023-05-04,2775,2890,2765,2830,506412,1434000000,89593577
036620,2023-05-08,2830,2870,2755,2755,348756,972000000,89593577
036620,2023-05-09,2755,2795,2655,2750,598180,1618000000,89593577
036620,2023-05-10,2765,3020,2725,2945,1875035,5482000000,89593577
036620,2023-05-11,2945,3210,2845,3160,2324258,7122000000,89593577
036620,2023-05-12,3160,3300,2980,3045,2956658,9299000000,89593577
036620,2023-05-15,3045,3290,2995,3150,2704704,8593000000,89593577
036620,2023-05-16,3170,3365,3155,3290,2492288,8214000000,89593577
036620,2023-05-17,3315,3345,3200,3215,1049842,3420000000,89593577
036620,2023-05-18,3215,3295,3195,3250,1066946,3465000000,89593577
036620,2023-05-19,3230,3245,3125,3185,824378,2622000000,89593577
036620,2023-05-22,3130,3185,3065,3135,499448,1558000000,89593577
036620,2023-05-23,3150,3175,3070,3110,509483,1581000000,89593577
036620,2023-05-24,3095,3340,3005,3200,1105702,3518000000,90393576
036620,2023-05-25,3180,3555,3150,3550,3012959,10208000000,90393576
036620,2023-05-26,3530,3605,3325,3490,2276671,7862000000,90393576
036620,2023-05-30,3470,3560,3325,3425,1018284,3486000000,90393576
036620,2023-05-31,3355,3415,3285,3360,718038,2400000000,90393576
036620,2023-06-01,3355,3620,3320,3510,1834409,6474000000,90393576
036620,2023-06-02,3510,3735,3510,3695,2067587,7573000000,90393576
036620,2023-06-05,3735,4060,3735,3900,4368318,17200000000,90393576
036620,2023-06-07,3905,4100,3880,4020,2007633,8066000000,90393576
036620,2023-06-08,4110,4165,3950,4080,1573751,6387000000,90393576
036620,2023-06-09,4100,4505,4100,4480,4503870,19677000000,90393576
036620,2023-06-12,4480,4600,4035,4180,4719659,20110000000,90393576
036620,2023-06-13,4195,4420,4055,4250,2413483,10294000000,90393576
036620,2023-06-14,4260,4425,4115,4285,1763115,7485000000,90393576
036620,2023-06-15,4265,4315,4160,4215,1115754,4726000000,90393576
036620,2023-06-16,4215,4445,4190,4420,1649052,7229000000,90393576
036620,2023-06-19,4445,4565,4225,4235,1402391,6097000000,90393576
036620,2023-06-20,4270,4460,4245,4380,1203362,5268000000,90393576
036620,2023-06-21,4320,4395,4185,4240,1225691,5226000000,90393576
036620,2023-06-22,4245,4290,4120,4170,1040867,4349000000,90393576
036620,2023-06-23,4145,4380,4080,4345,1626227,6977000000,90393576
036620,2023-06-26,4340,4340,4160,4160,989959,4164000000,90393576
036620,2023-06-27,4225,4300,4135,4175,836380,3511000000,90393576
036620,2023-06-28,4175,4235,4040,4105,1252542,5151000000,90393576
036620,2023-06-29,4060,4230,4055,4145,747895,3098000000,90393576
036620,2023-06-30,4110,4225,4015,4170,1011146,4144000000,90393576
036620,2023-07-03,4210,4210,3855,3960,2349199,9306000000,90393576
036620,2023-07-04,3995,4050,3845,4025,1035624,4100000000,90393576
036620,2023-07-05,4030,4135,3970,4080,601639,2443000000,90393576
036620,2023-07-06,4050,4445,3975,4080,2333779,9754000000,90393576
036620,2023-07-07,4265,4690,4130,4620,8104123,36500000000,90393576
036620,2023-07-10,4670,4820,4520,4620,3463228,16223000000,90393576
036620,2023-07-11,4735,4940,4450,4600,3266377,15284000000,90393576
036620,2023-07-12,4555,4730,4460,4600,1176576,5401000000,90393576
036620,2023-07-13,4600,4705,4450,4665,1495386,6859000000,90393576
036620,2023-07-14,4655,4655,4415,4455,1440625,6485000000,90393576
036620,2023-07-17,4415,4525,4340,4390,727872,3213000000,90393576
036620,2023-07-18,4390,4495,4320,4455,712606,3146000000,90393576
036620,2023-07-19,4460,4515,4250,4360,1005073,4400000000,90393576
036620,2023-07-20,4380,4385,4245,4370,628599,2710000000,90393576
036620,2023-07-21,4370,4415,4185,4210,942878,3992000000,90393576
036620,2023-07-24,4200,4260,4050,4120,1206540,4967000000,90393576
036620,2023-07-25,4040,4175,4025,4040,1112446,4518000000,90393576
036620,2023-07-26,4105,4130,3865,3910,1665190,6588000000,90393576
036620,2023-07-27,3910,4250,3910,4160,1791827,7477000000,90393576
036620,2023-07-28,4165,4190,3990,4055,976540,3971000000,90393576
036620,2023-07-31,4105,4125,3950,4080,627826,2523000000,90393576
036620,2023-08-01,4090,4145,4000,4055,528451,2141000000,90393576
036620,2023-08-02,4055,4280,4035,4075,828350,3424000000,90393576
036620,2023-08-03,4040,4160,3900,4105,1358110,5462000000,90393576
036620,2023-08-04,4120,4320,4095,4200,1161791,4907000000,90393576
036620,2023-08-07,4250,4250,4045,4200,685947,2851000000,90393576
036620,2023-08-08,4215,4235,4095,4145,756242,3144000000,90393576
036620,2023-08-09,4180,4440,4165,4380,1715935,7448000000,90393576
036620,2023-08-10,4290,4340,3970,4325,4064542,17031000000,90393576
036620,2023-08-11,4300,4635,4150,4260,4593406,20224000000,90393576
036620,2023-08-14,4260,4575,4160,4560,2353071,10423000000,90393576
036620,2023-08-16,4560,4590,4230,4315,2027430,8798000000,90393576
036620,2023-08-17,4210,4275,3950,4080,2352340,9574000000,90393576
036620,2023-08-18,4010,4050,3700,3825,3760260,14498000000,90393576
036620,2023-08-21,3800,3905,3695,3765,1367872,5195000000,90393576
036620,2023-08-22,3765,3925,3705,3810,1092210,4150000000,90393576
036620,2023-08-23,3840,4220,3830,4155,3760131,15280000000,90393576
036620,2023-08-24,4075,4200,3985,4060,1420839,5769000000,90393576
036620,2023-08-25,4030,4575,4005,4135,11701117,51002000000,90393576
036620,2023-08-28,4280,4455,4195,4355,5082834,21939000000,90393576
036620,2023-08-29,4310,4415,4230,4375,1486586,6424000000,90393576
036620,2023-08-30,4375,4665,4280,4360,3345492,14986000000,90393576
036620,2023-08-31,4340,4440,4270,4390,1080454,4699000000,90393576
036620,2023-09-01,4370,4425,4050,4060,3518450,14696000000,90393576
036620,2023-09-04,4000,4055,3900,3905,1722096,6786000000,90393576
036620,2023-09-05,3925,4030,3900,4010,1092445,4341000000,90393576
036620,2023-09-06,4010,4075,3960,3985,1067450,4274000000,90393576
036620,2023-09-07,3995,4070,3940,4020,851037,3402000000,90393576
036620,2023-09-08,4050,4050,3845,3935,1247389,4865000000,90393576
036620,2023-09-11,3970,3970,3740,3845,2496387,9539000000,90393576
036620,2023-09-12,3875,3875,3645,3680,2187446,8070000000,90393576
036620,2023-09-13,3750,4020,3345,3500,14224849,51728000000,90393576
036620,2023-09-14,3535,3840,3470,3805,2664681,9849000000,90393576
036620,2023-09-15,3805,3810,3685,3750,977556,3666000000,90393576
036620,2023-09-18,3710,3780,3655,3730,1109278,4130000000,90393576
036620,2023-09-19,3730,3840,3650,3710,1073463,3993000000,90393576
036620,2023-09-20,3710,3730,3590,3630,826081,3014000000,90393576
036620,2023-09-21,3610,3640,3510,3520,1282416,4548000000,90393576
036620,2023-09-22,3490,3685,3485,3685,919536,3325000000,90393576
036620,2023-09-25,3720,3775,3640,3680,1412614,5223000000,90393576
036620,2023-09-26,3680,3740,3615,3650,940127,3456000000,90393576
036620,2023-09-27,3610,3715,3610,3650,447767,1642000000,90393576
036620,2023-10-04,3650,3695,3365,3395,1621484,5584000000,90393576
036620,2023-10-05,3460,3490,3305,3310,766145,2565000000,90393576
036620,2023-10-06,3275,3390,3275,3330,497545,1666000000,90393576
036620,2023-10-10,3350,3350,3120,3135,984388,3183000000,90393576
036620,2023-10-11,3225,3300,3200,3255,456537,1481000000,90393576
036620,2023-10-12,3245,3295,3155,3195,442609,1424000000,90393576
036620,2023-10-13,3195,3215,3080,3140,1060766,3303000000,90393576
036620,2023-10-16,3140,3145,3005,3130,756825,2337000000,90393576
036620,2023-10-17,3115,3190,3115,3170,324217,1021000000,90393576
036620,2023-10-18,3150,3255,3100,3235,609110,1931000000,90393576
036620,2023-10-19,3170,3195,3050,3050,576952,1784000000,90393576
036620,2023-10-20,2980,3515,2900,3190,3840627,12443000000,90393576
036620,2023-10-23,3175,3525,3150,3370,3201457,10888000000,90393576
036620,2023-10-24,3405,3730,3370,3590,3102994,10890000000,90393576
036620,2023-10-25,3635,3750,3590,3660,1787493,6577000000,90393576
036620,2023-10-26,3560,3740,3530,3530,1096630,3955000000,90393576
036620,2023-10-27,3565,3715,3560,3585,882699,3194000000,90393576
036620,2023-10-30,3565,3565,3375,3505,1016672,3524000000,90393576
036620,2023-10-31,3600,3925,3580,3800,7384765,28136000000,90688576
036620,2023-11-01,3860,3965,3755,3900,2484871,9636000000,90688576
036620,2023-11-02,3910,3960,3825,3900,1361019,5300000000,90688576
036620,2023-11-03,3960,3970,3840,3880,732662,2854000000,90688576
036620,2023-11-06,3900,3900,3730,3825,1122448,4279000000,90688576
036620,2023-11-07,3825,3945,3805,3815,758526,2918000000,90688576
036620,2023-11-08,3830,3960,3830,3875,1147976,4490000000,90688576
036620,2023-11-09,3875,3955,3810,3850,610248,2367000000,90688576
036620,2023-11-10,3805,3850,3720,3785,594852,2245000000,90688576
036620,2023-11-13,3800,3945,3530,3610,1953758,7319000000,90688576
036620,2023-11-14,3650,3720,3370,3415,2322500,8186000000,90688576
036620,2023-11-15,3405,3600,3400,3535,972311,3423000000,90688576
036620,2023-11-16,3570,3900,3565,3800,1772649,6714000000,90688576
036620,2023-11-17,3800,3815,3700,3735,670024,2508000000,90688576
036620,2023-11-20,3740,3855,3720,3780,806015,3051000000,90688576
036620,2023-11-21,3800,3915,3720,3870,805696,3089000000,90688576
036620,2023-11-22,3835,3950,3800,3915,578145,2243000000,90688576
036620,2023-11-23,3915,3950,3765,3775,835022,3190000000,90688576
036620,2023-11-24,3775,3795,3660,3770,565056,2102000000,90688576
036620,2023-11-27,3775,3775,3640,3670,629746,2325000000,90688576
036620,2023-11-28,3670,3750,3595,3640,869509,3172000000,90688576
036620,2023-11-29,3640,3670,3530,3560,736470,2626000000,90688576
036620,2023-11-30,3560,3665,3560,3655,497971,1804000000,90688576
036620,2023-12-01,3675,3715,3510,3515,581389,2085000000,90688576
036620,2023-12-04,3550,3550,3290,3450,1383748,4738000000,90688576
036620,2023-12-05,3450,3730,3450,3675,1352430,4904000000,90688576
036620,2023-12-06,3620,3685,3430,3475,1123167,3958000000,90688576
036620,2023-12-07,3475,3505,3390,3470,641199,2213000000,90688576
036620,2023-12-08,3465,3525,3410,3430,506499,1753000000,90688576
036620,2023-12-11,3430,3505,3365,3420,527927,1805000000,90688576
036620,2023-12-12,3420,3425,3325,3335,543134,1820000000,90688576
036620,2023-12-13,3335,3335,3200,3250,791492,2577000000,90688576
036620,2023-12-14,3270,3310,3140,3200,1016135,3240000000,90688576
036620,2023-12-15,3230,3250,3165,3200,536081,1716000000,90688576
036620,2023-12-18,3210,3395,3210,3300,916041,3027000000,90688576
036620,2023-12-19,3305,3440,3250,3280,847155,2821000000,90688576
036620,2023-12-20,3310,3310,3210,3295,514734,1679000000,90688576
036620,2023-12-21,3275,3310,3110,3165,1404055,4452000000,90688576
036620,2023-12-22,3160,3190,3095,3150,617754,1945000000,90688576
036620,2023-12-26,3170,3195,3120,3160,465391,1463000000,90688576
036620,2023-12-27,3160,3180,3090,3105,562693,1757000000,90688576
036620,2023-12-28,3145,3220,3105,3165,482332,1528000000,90688576
036620,2024-01-02,3180,3190,3025,3050,922463,2843000000,90688576
036620,2024-01-03,3075,3195,3045,3105,491212,1536000000,90688576
036620,2024-01-04,3140,3270,3115,3165,659284,2109000000,90688576
036620,2024-01-05,3170,3200,3090,3115,628067,1962000000,90688576
036620,2024-01-08,3190,3190,3100,3105,413083,1293000000,90688576
036620,2024-01-09,3095,3175,3080,3160,641290,1998000000,90688576
036620,2024-01-10,3155,3160,3090,3110,372283,1161000000,90688576
036620,2024-01-11,3120,3155,3050,3090,751416,2314000000,90688576
036620,2024-01-12,3090,3090,2945,2975,1368969,4101000000,90688576
036620,2024-01-15,2990,3005,2910,2955,697529,2055000000,90688576
036620,2024-01-16,2940,2975,2900,2905,526148,1537000000,90688576
036620,2024-01-17,2945,3055,2905,2960,1902426,5689000000,90688576
036620,2024-01-18,2965,3010,2905,2925,747779,2210000000,90688576
036620,2024-01-19,2930,3035,2850,2855,909043,2671000000,90688576
036620,2024-01-22,2865,2865,2765,2800,676543,1896000000,90688576
036620,2024-01-23,2780,2885,2770,2805,707485,1984000000,90688576
036620,2024-01-24,2795,2845,2715,2815,586385,1625000000,90688576
036620,2024-01-25,2790,2800,2720,2745,427646,1174000000,90688576
036620,2024-01-26,2720,2805,2720,2760,305882,848000000,90688576
036620,2024-01-29,2770,2775,2695,2715,432254,1174000000,90688576
036620,2024-01-30,2715,2745,2655,2695,380035,1026000000,90688576
036620,2024-01-31,2670,2705,2640,2660,417847,1112000000,90688576
036620,2024-02-01,2660,2730,2580,2730,1252227,3297000000,90688576
036620,2024-02-02,2700,2750,2665,2670,651485,1761000000,90688576
036620,2024-02-05,2680,2725,2620,2665,711587,1908000000,90688576
036620,2024-02-06,2650,2665,2520,2570,1341597,3439000000,90688576
036620,2024-02-07,2580,2630,2535,2575,902702,2317000000,90688576
036620,2024-02-08,2590,2625,2560,2580,657036,1696000000,90688576
036620,2024-02-13,2615,2645,2545,2555,512055,1320000000,90688576
036620,2024-02-14,2535,2940,2510,2735,7982411,22205000000,90688576
036620,2024-02-15,2750,2770,2655,2675,1263801,3429000000,90688576
036620,2024-02-16,2695,2735,2665,2695,1134333,3055000000,90688576
036620,2024-02-19,2695,2740,2615,2670,1069086,2854000000,90688576
036620,2024-02-20,2675,2675,2590,2605,585710,1537000000,90688576
036620,2024-02-21,2585,3050,2570,2840,4783711,13548000000,90688576
036620,2024-02-22,2785,3200,2785,3025,9165871,27933000000,90688576
036620,2024-02-23,3035,3335,3005,3170,5321420,16933000000,90688576
036620,2024-02-26,3105,3195,3070,3120,1412099,4427000000,90688576
036620,2024-02-27,3120,3275,3045,3100,2314921,7278000000,90688576
036620,2024-02-28,3140,3140,2880,2960,1918545,5728000000,90688576
036620,2024-02-29,2960,2995,2900,2930,543172,1601000000,90688576
036620,2024-03-04,2930,2960,2835,2930,1231176,3561000000,90688576
036620,2024-03-05,2900,2925,2840,2860,681971,1957000000,90688576
036620,2024-03-06,2835,3070,2835,2875,1355479,3988000000,90688576
036620,2024-03-07,2875,2880,2745,2770,763365,2143000000,90688576
036620,2024-03-08,2790,2950,2770,2950,803564,2324000000,90688576
036620,2024-03-11,3020,3030,2875,2965,715854,2104000000,90688576
036620,2024-03-12,2975,3160,2960,3105,1353601,4164000000,90688576
036620,2024-03-13,3085,3110,3005,3015,400771,1220000000,90688576
036620,2024-03-14,3015,3095,2955,3040,711585,2151000000,90688576
036620,2024-03-15,3040,3085,2935,3040,1079727,3256000000,90688576
036620,2024-03-18,3055,3105,2990,3045,629447,1904000000,90688576
036620,2024-03-19,3050,3260,3015,3250,2840731,9007000000,90688576
036620,2024-03-20,3185,3240,3065,3070,1034499,3251000000,90688576
036620,2024-03-21,3090,3430,3025,3400,3557447,11832000000,90688576
036620,2024-03-22,3360,3425,3285,3315,895632,3008000000,90688576
036620,2024-03-25,3415,3415,3260,3335,900310,3001000000,90688576
036620,2024-03-26,3365,3480,3315,3415,1294713,4441000000,90688576
036620,2024-03-27,3380,3525,3370,3390,999478,3425000000,90688576
036620,2024-03-28,3345,3410,3285,3320,604161,2022000000,90688576
036620,2024-03-29,3315,3615,3290,3590,2131604,7527000000,90688576
036620,2024-04-01,3590,3825,3535,3800,1906400,7143000000,90688576
036620,2024-04-02,3790,3855,3585,3620,1363134,5072000000,90688576
036620,2024-04-03,3630,3755,3550,3675,945323,3461000000,90688576
036620,2024-04-04,3675,3745,3575,3635,740747,2702000000,90688576
036620,2024-04-05,3595,3820,3585,3590,1166548,4305000000,90688576
036620,2024-04-08,3630,3630,3490,3540,620927,2204000000,90688576
036620,2024-04-09,3540,3700,3520,3540,1169664,4185000000,90688576
036620,2024-04-11,3485,3530,3405,3470,684690,2365000000,90688576
036620,2024-04-12,3475,3560,3345,3380,739308,2522000000,90688576
036620,2024-04-15,3290,3500,3255,3450,785045,2655000000,90688576
036620,2024-04-16,3455,3800,3305,3325,3724810,13158000000,90688576
036620,2024-04-17,3320,3470,3320,3360,606337,2049000000,90688576
036620,2024-04-18,3530,3805,3480,3755,7423712,27352000000,91218576
036620,2024-04-19,3720,3840,3605,3755,2452029,9214000000,91218576
036620,2024-04-22,3895,4065,3620,3700,6850449,26527000000,91218576
036620,2024-04-23,3660,3675,3375,3440,3463370,12137000000,91218576
036620,2024-04-24,3460,3580,3425,3470,991094,3486000000,91218576
036620,2024-04-25,3470,3570,3385,3440,799559,2743000000,91218576
036620,2024-04-26,3420,3450,3335,3365,750620,2533000000,91218576
036620,2024-04-29,3370,3400,3285,3345,736195,2447000000,91218576
036620,2024-04-30,3330,3370,3205,3205,1097783,3574000000,91218576
036620,2024-05-02,3235,3245,3040,3175,812021,2563000000,91218576
036620,2024-05-03,3170,3450,3170,3360,2395327,7990000000,91218576
036620,2024-05-07,3405,3555,3360,3530,1655950,5737000000,91218576
036620,2024-05-08,3500,3600,3460,3600,976521,3446000000,90744892
036620,2024-05-09,3575,3660,3510,3545,876811,3131000000,90744892
036620,2024-05-10,3575,3690,3550,3635,1500632,5455000000,90744892
036620,2024-05-13,3650,3830,3510,3800,2944945,10955000000,90744892
036620,2024-05-14,3840,3870,3470,3705,3791460,13896000000,90744892
036620,2024-05-16,3700,3810,3500,3810,3931695,14384000000,90744892
036620,2024-05-17,3805,4095,3740,3830,6200929,24308000000,90744892
036620,2024-05-20,3810,3950,3805,3900,1598627,6211000000,90744892
036620,2024-05-21,3905,4250,3875,4185,9396699,38888000000,90744892
036620,2024-05-22,4220,4270,4040,4120,5101919,21213000000,90744892
036620,2024-05-23,4150,4530,4045,4505,10626069,46806000000,90744892
036620,2024-05-24,4500,4690,4405,4595,4765399,21832000000,90744892
036620,2024-05-27,4580,4585,4380,4390,2346775,10469000000,90744892
036620,2024-05-28,4415,4455,4230,4390,2301014,9924000000,90744892
036620,2024-05-29,4350,4385,4155,4155,1866105,7935000000,90744892
036620,2024-05-30,4145,4445,4110,4210,2640115,11322000000,90744892
036620,2024-05-31,4250,4355,4195,4320,2188867,9399000000,90744892
036620,2024-06-03,4390,4390,4025,4085,3184067,13167000000,90744892
036620,2024-06-04,4090,4150,3995,4050,1878876,7611000000,90744892
036620,2024-06-05,4090,4090,3920,3935,1132434,4496000000,90744892
036620,2024-06-07,3905,4140,3800,4070,1434086,5799000000,90744892
036620,2024-06-10,4070,4160,4000,4130,946700,3879000000,90744892
036620,2024-06-11,4100,4350,4080,4160,1645409,7015000000,90744892
036620,2024-06-12,4130,4305,4100,4200,911345,3847000000,90744892
036620,2024-06-13,4270,4320,4195,4290,837836,3568000000,90744892
036620,2024-06-14,4305,4370,4060,4235,1214771,5081000000,90744892
036620,2024-06-17,4240,4250,4135,4180,717714,3011000000,90744892
036620,2024-06-18,4165,4280,4060,4060,843650,3496000000,90744892
036620,2024-06-19,4115,4125,3955,3985,726690,2908000000,90744892
036620,2024-06-20,4050,4060,3835,3955,1291857,5079000000,90744892
036620,2024-06-21,3915,4045,3890,3955,677904,2707000000,90744892
036620,2024-06-24,3970,3975,3870,3910,400256,1568000000,90744892
036620,2024-06-25,3910,3970,3875,3910,347278,1355000000,90744892
036620,2024-06-26,3940,4020,3910,3975,395471,1571000000,90744892
036620,2024-06-27,3965,4045,3890,3930,335447,1328000000,90744892
036620,2024-06-28,3985,4140,3900,4140,812734,3282000000,90744892
036620,2024-07-01,4140,4170,4040,4120,531001,2173000000,90744892
036620,2024-07-02,4100,4135,3910,3970,799960,3179000000,90744892
036620,2024-07-03,3980,4000,3730,3735,2066686,7849000000,90744892
036620,2024-07-04,3735,3810,3605,3780,748831,2773000000,90744892
036620,2024-07-05,3810,3810,3465,3605,2456865,8784000000,90744892
036620,2024-07-08,3710,3965,3685,3915,2767142,10671000000,90744892
036620,2024-07-09,3880,4185,3880,4150,2798541,11461000000,90744892
036620,2024-07-10,4175,4225,4055,4145,1050701,4330000000,90744892
036620,2024-07-11,4135,4145,3950,3960,1185930,4757000000,90744892
036620,2024-07-12,3955,4150,3910,3950,1056772,4217000000,90744892
036620,2024-07-15,4010,4010,3800,3860,960557,3713000000,90744892
036620,2024-07-16,3900,4010,3730,3795,718027,2749000000,90744892
036620,2024-07-17,3795,3875,3760,3760,565479,2146000000,90744892
036620,2024-07-18,3760,3800,3635,3755,488217,1815000000,90744892
036620,2024-07-19,3755,3800,3700,3725,250843,940000000,90744892
036620,2024-07-22,3725,3735,3645,3725,409823,1508000000,90744892
036620,2024-07-23,3700,3765,3680,3715,309371,1149000000,90744892
036620,2024-07-24,3700,3780,3675,3740,266789,995000000,90744892
036620,2024-07-25,3690,3715,3565,3565,897832,3244000000,90744892
036620,2024-07-26,3560,3600,3405,3540,1090300,3811000000,90744892
036620,2024-07-29,3560,3570,3510,3535,192087,679000000,90744892
036620,2024-07-30,3535,3535,3420,3495,546572,1894000000,90744892
036620,2024-07-31,3495,3660,3460,3470,560330,1981000000,90744892
036620,2024-08-01,3470,3545,3380,3440,625013,2151000000,90744892
036620,2024-08-02,3380,3380,3275,3305,780398,2580000000,90744892
036620,2024-08-05,3260,3290,2920,3020,2208778,6825000000,90744892
036620,2024-08-06,3075,3220,3020,3120,1487339,4636000000,90744892
036620,2024-08-07,3105,3205,3085,3115,690567,2159000000,90744892
036620,2024-08-08,3150,3515,3115,3375,2774211,9408000000,90744892
036620,2024-08-09,3370,3530,3350,3460,927868,3195000000,90744892
036620,2024-08-12,3545,3560,3440,3490,552158,1930000000,90744892
036620,2024-08-13,3550,3550,3395,3420,398503,1369000000,90744892
036620,2024-08-14,3440,3540,3335,3355,698165,2389000000,90744892
036620,2024-08-16,3360,3430,3295,3395,594426,2002000000,90744892
036620,2024-08-19,3430,3625,3395,3465,1082941,3785000000,90744892
036620,2024-08-20,3465,3530,3430,3435,447397,1553000000,90744892
036620,2024-08-21,3385,3445,3345,3425,582043,1975000000,90744892
036620,2024-08-22,3460,3485,3335,3350,500618,1690000000,90744892
036620,2024-08-23,3320,3425,3305,3395,428170,1449000000,90744892
036620,2024-08-26,3395,3435,3315,3335,266978,893000000,90744892
036620,2024-08-27,3345,3360,3280,3300,278019,923000000,90744892
036620,2024-08-28,3295,3395,3295,3320,201230,674000000,90744892
036620,2024-08-29,3290,3310,3200,3200,314602,1017000000,90744892
036620,2024-08-30,3220,3250,3190,3230,131290,422000000,90744892
036620,2024-09-02,3205,3430,3180,3215,635392,2108000000,90744892
036620,2024-09-03,3220,3335,3220,3250,207320,679000000,90744892
036620,2024-09-04,3215,3215,3105,3160,312289,982000000,90744892
036620,2024-09-05,3205,3210,3105,3130,418504,1319000000,90744892
036620,2024-09-06,3135,3200,3000,3155,636275,1970000000,90744892
036620,2024-09-09,3155,3350,3095,3270,681321,2195000000,90744892
036620,2024-09-10,3270,3330,3150,3150,430187,1392000000,90744892
036620,2024-09-11,3205,3245,3120,3130,236376,748000000,90744892
036620,2024-09-12,3130,3240,3130,3240,224520,716000000,90744892
036620,2024-09-13,3280,3365,3145,3300,533372,1748000000,90744892
036620,2024-09-19,3330,3490,3320,3435,930128,3182000000,90744892
036620,2024-09-20,3440,3515,3405,3430,897182,3126000000,90744892
036620,2024-09-23,3430,3655,3420,3640,1202654,4325000000,90744892
036620,2024-09-24,3705,3720,3505,3550,1013298,3648000000,90744892
036620,2024-09-25,3550,3590,3375,3405,947907,3291000000,90744892
036620,2024-09-26,3390,3440,3200,3440,436341,1479000000,90744892
036620,2024-09-27,3430,3635,3400,3595,1154769,4127000000,90744892
036620,2024-09-30,3620,3630,3550,3555,432778,1552000000,90744892
036620,2024-10-02,3525,3700,3500,3545,1292062,4686000000,90744892
036620,2024-10-04,3590,3590,3480,3540,656126,2321000000,90744892
036620,2024-10-07,3590,3805,3540,3720,2320610,8622000000,90744892
036620,2024-10-08,3670,3740,3595,3690,711753,2610000000,90744892
036620,2024-10-10,3690,3790,3605,3765,970257,3612000000,90744892
036620,2024-10-11,3800,3820,3660,3685,1312344,4916000000,90744892
036620,2024-10-14,3720,3740,3635,3700,720376,2659000000,90744892
036620,2024-10-15,3700,3770,3620,3700,705075,2607000000,90744892
036620,2024-10-16,3660,3725,3625,3640,577289,2109000000,90744892
036620,2024-10-17,3625,3675,3570,3640,438020,1588000000,90744892
036620,2024-10-18,3640,3700,3605,3675,405151,1480000000,90744892
036620,2024-10-21,3710,3720,3480,3540,870690,3128000000,90744892
036620,2024-10-22,3535,3660,3495,3570,622186,2230000000,90744892
036620,2024-10-23,3565,3600,3510,3575,301928,1074000000,90744892
036620,2024-10-24,3555,3655,3515,3620,486094,1752000000,90744892
036620,2024-10-25,3620,3695,3560,3695,437213,1596000000,90744892
036620,2024-10-28,3695,3785,3630,3735,886673,3303000000,90744892
036620,2024-10-29,3770,3800,3650,3715,586769,2175000000,90744892
036620,2024-10-30,3715,3740,3585,3585,508593,1855000000,90744892
036620,2024-10-31,3570,3670,3490,3635,564138,2031000000,90744892
036620,2024-11-01,3605,3640,3520,3520,390188,1388000000,90744892
036620,2024-11-04,3520,3545,3450,3465,624184,2184000000,90744892
036620,2024-11-05,3465,3490,3310,3365,612439,2073000000,90744892
036620,2024-11-06,3410,3410,3220,3245,714226,2347000000,91039892
036620,2024-11-07,3285,3285,3160,3235,611788,1959000000,91039892
036620,2024-11-08,3210,3275,3150,3255,381392,1228000000,91039892
036620,2024-11-11,3255,3255,3050,3155,916224,2874000000,91039892
036620,2024-11-12,3115,3140,2960,3010,962434,2938000000,91484336
036620,2024-11-13,3000,3100,2850,2880,1409956,4118000000,91484336
036620,2024-11-14,2855,3025,2840,2950,738804,2164000000,91484336
036620,2024-11-15,2955,3000,2870,2960,401770,1184000000,91484336
036620,2024-11-18,2940,3095,2940,2985,312284,944000000,91484336
036620,2024-11-19,2960,3080,2960,3035,363849,1096000000,91484336
036620,2024-11-20,3040,3075,2975,2980,307018,919000000,91484336
036620,2024-11-21,2935,3005,2935,2980,303279,898000000,91484336
036620,2024-11-22,2950,3055,2950,2980,327645,978000000,91484336
036620,2024-11-25,3025,3030,2910,2935,384518,1140000000,91484336
036620,2024-11-26,2915,2960,2845,2945,658021,1901000000,91484336
036620,2024-11-27,2945,2995,2925,2980,328830,973000000,91484336
036620,2024-11-28,3000,3120,2940,2985,785103,2356000000,91484336
036620,2024-11-29,2980,2990,2805,2875,937552,2687000000,91484336
036620,2024-12-02,2875,2920,2610,2680,2256938,6149000000,91484336
036620,2024-12-03,2680,2720,2625,2650,1129434,3011000000,91484336
036620,2024-12-04,2590,2645,2545,2630,843943,2192000000,91484336
036620,2024-12-05,2700,2700,2565,2630,366312,957000000,91484336
036620,2024-12-06,2585,2670,2560,2635,655541,1713000000,91484336
036620,2024-12-09,2570,2595,2490,2525,957014,2412000000,91484336
036620,2024-12-10,2520,2695,2520,2645,454924,1196000000,91484336
036620,2024-12-11,2690,2975,2645,2975,2642081,7646000000,91484336
036620,2024-12-12,2945,3080,2915,2945,1207745,3603000000,91484336
036620,2024-12-13,2910,2980,2885,2900,710684,2074000000,91484336
036620,2024-12-16,2965,3230,2925,3185,2172817,6694000000,91484336
036620,2024-12-17,3220,3320,3120,3150,796615,2557000000,91484336
036620,2024-12-18,3110,3190,3040,3175,698365,2171000000,91484336
036620,2024-12-19,3080,3145,3065,3100,440649,1363000000,91484336
036620,2024-12-20,3065,3120,3005,3045,961262,2920000000,91484336
036620,2024-12-23,3055,3070,2955,3025,512596,1539000000,91484336
036620,2024-12-24,3025,3120,3000,3040,739455,2259000000,91484336
036620,2024-12-26,3090,3275,3065,3100,931964,2922000000,91484336
036620,2024-12-27,3055,3270,3055,3125,932560,2969000000,91484336
036620,2024-12-30,3150,3190,3010,3080,499917,1551000000,91484336
036620,2025-01-02,3080,3140,3045,3100,416705,1294000000,91484336
036620,2025-01-03,3120,3155,3045,3120,563752,1738000000,91484336
036620,2025-01-06,3160,3240,3125,3215,582144,1856000000,91484336
036620,2025-01-07,3225,3235,3145,3170,394604,1253000000,91484336
036620,2025-01-08,3150,3180,3130,3160,251502,792000000,91484336
036620,2025-01-09,3145,3145,2920,3075,1570435,4720000000,91484336
036620,2025-01-10,3075,3075,2915,2915,893962,2681000000,91484336
036620,2025-01-13,2915,2965,2845,2930,679781,1960000000,91484336
036620,2025-01-14,2910,3110,2910,3110,564718,1724000000,92906558
036620,2025-01-15,3100,3100,3000,3080,1775320,5324000000,92906558
036620,2025-01-16,3090,3090,2970,2975,533715,1613000000,92906558
036620,2025-01-17,2980,3015,2960,3010,181786,543000000,92906558
036620,2025-01-20,3030,3030,2970,3005,167458,501000000,92906558
036620,2025-01-21,3000,3060,2950,3040,466206,1401000000,92906558
036620,2025-01-22,3040,3305,3020,3265,1687818,5330000000,92906558
036620,2025-01-23,3260,3280,3135,3170,442244,1408000000,92906558
036620,2025-01-24,3170,3195,3050,3110,479538,1495000000,92906558
036620,2025-01-31,3060,3115,3015,3085,274435,841000000,92906558
036620,2025-02-03,3020,3180,2975,3155,571535,1758000000,92906558
036620,2025-02-04,3150,3250,3120,3195,410525,1313000000,92906558
036620,2025-02-05,3170,3210,3155,3205,175334,558000000,92906558
036620,2025-02-06,3205,3220,3160,3205,180960,577000000,92906558
036620,2025-02-07,3190,3205,3140,3145,216407,685000000,92906558
036620,2025-02-10,3145,3265,3095,3240,401325,1292000000,92906558
036620,2025-02-11,3235,3340,3140,3145,455596,1475000000,92906558
036620,2025-02-12,3140,3180,3035,3055,563869,1746000000,92906558
036620,2025-02-13,3085,3100,3035,3090,207433,638000000,92906558
036620,2025-02-14,3090,3105,3040,3070,318723,980000000,92906558
036620,2025-02-17,3070,3090,3040,3055,207962,636000000,92906558
036620,2025-02-18,3055,3070,2995,3050,618174,1875000000,92906558
036620,2025-02-19,3040,3135,3020,3065,879057,2711000000,92906558
036620,2025-02-20,3110,3585,3075,3440,7430449,25083000000,92906558
036620,2025-02-21,3395,3540,3355,3495,2272144,7837000000,92906558
036620,2025-02-24,3425,3450,3355,3420,625823,2131000000,92906558
036620,2025-02-25,3455,3550,3405,3485,1720053,5992000000,92906558
036620,2025-02-26,3450,3580,3415,3480,868752,3037000000,92906558
036620,2025-02-27,3525,3645,3500,3620,1762838,6350000000,92906558
036620,2025-02-28,3665,3690,3455,3465,1107790,3943000000,92906558
036620,2025-03-04,3390,3475,3315,3385,798936,2695000000,92906558
036620,2025-03-05,3385,3500,3385,3455,604166,2084000000,92906558
036620,2025-03-06,3475,3500,3380,3395,466467,1599000000,92906558
036620,2025-03-07,3355,3545,3345,3545,649769,2272000000,92906558
036620,2025-03-10,3520,3535,3425,3430,504217,1741000000,92906558
036620,2025-03-11,3285,3465,3280,3420,445282,1502000000,92906558
036620,2025-03-12,3395,3450,3370,3410,251093,855000000,92906558
036620,2025-03-13,3445,3635,3365,3495,955712,3357000000,92906558
036620,2025-03-14,3450,3530,3355,3425,498128,1703000000,92906558
036620,2025-03-17,3450,3510,3375,3500,265841,914000000,92906558
036620,2025-03-18,3525,3655,3500,3615,1152227,4141000000,92906558
036620,2025-03-19,3650,3655,3460,3530,727245,2560000000,92906558
036620,2025-03-20,3525,3570,3445,3470,601483,2101000000,92906558
036620,2025-03-21,3455,3785,3350,3755,3205967,11680000000,92906558
036620,2025-03-24,3750,3895,3700,3820,2238113,8539000000,92906558
036620,2025-03-25,3815,3845,3560,3800,1381640,5177000000,92906558
036620,2025-03-26,3805,3945,3790,3910,2073196,8063000000,92906558
036620,2025-03-27,3875,3980,3850,3935,1232027,4839000000,92906558
036620,2025-03-28,3940,3950,3825,3900,693202,2709000000,92906558
036620,2025-03-31,3835,3975,3825,3890,656148,2572000000,92906558
036620,2025-04-01,3890,3925,3780,3810,524500,2004000000,92906558
036620,2025-04-02,3935,3995,3845,3890,1010426,3946000000,92906558
036620,2025-04-03,3810,3900,3750,3845,499618,1926000000,92906558
036620,2025-04-04,3800,3950,3790,3925,840705,3268000000,92906558
036620,2025-04-07,3815,3895,3545,3560,992573,3644000000,92906558
036620,2025-04-08,3685,3730,3540,3615,619966,2253000000,92906558
036620,2025-04-09,3595,3635,3490,3580,764046,2721000000,92906558
036620,2025-04-10,3730,3780,3655,3715,542846,2013000000,92906558
036620,2025-04-11,3715,3760,3665,3725,427778,1589000000,92906558
036620,2025-04-14,3775,3955,3755,3900,804225,3144000000,92906558
036620,2025-04-15,3925,3950,3860,3920,757242,2967000000,92906558
036620,2025-04-16,3930,4025,3885,3890,1099741,4341000000,92906558
036620,2025-04-17,3855,3940,3815,3910,695390,2719000000,92906558
036620,2025-04-18,3905,4000,3885,3970,1289256,5129000000,92906558
036620,2025-04-21,3990,3990,3780,3780,680579,2637000000,92906558
036620,2025-04-22,3775,3840,3685,3785,645799,2429000000,92906558
036620,2025-04-23,3815,3815,3630,3770,619246,2320000000,92906558
036620,2025-04-24,3825,3835,3740,3785,377970,1427000000,92906558
036620,2025-04-25,3800,3830,3700,3800,266343,1004000000,93431558
036620,2025-04-28,3790,3800,3700,3700,317410,1184000000,93431558
036620,2025-04-29,3715,3800,3660,3685,454956,1692000000,93431558
036620,2025-04-30,3695,3710,3570,3625,588454,2121000000,93431558
036620,2025-05-02,3635,3660,3560,3630,542207,1954000000,93431558
036620,2025-05-07,3610,3680,3510,3660,439376,1583000000,93431558
036620,2025-05-08,3680,3785,3635,3775,492722,1836000000,93431558
036620,2025-05-09,3790,3880,3720,3860,546851,2097000000,93431558
036620,2025-05-12,3900,3915,3815,3880,376711,1460000000,93431558
036620,2025-05-13,3865,3950,3845,3940,452846,1775000000,93431558
036620,2025-05-14,3915,4015,3870,3930,1040643,4143000000,93431558
036620,2025-05-15,3995,4115,3975,4045,1036950,4195000000,93431558
036620,2025-05-16,4035,4265,3985,4235,1300759,5448000000,93431558
036620,2025-05-19,4250,4340,4080,4200,737285,3087000000,93431558
036620,2025-05-20,4245,4400,4130,4360,952204,4118000000,91500000
036620,2025-05-21,4470,4560,4355,4405,1753829,7801000000,91500000
036620,2025-05-22,4350,4390,4175,4250,1110014,4718000000,91500000
036620,2025-05-23,4350,4950,4330,4910,8441497,40174000000,91500000
036620,2025-05-26,5260,5270,4960,5110,3639968,18494000000,91500000
036620,2025-05-27,5020,5210,4975,5160,1587171,8131000000,91500000
036620,2025-05-28,5110,5120,4755,4960,2355938,11710000000,91500000
036620,2025-05-29,4830,5250,4830,5130,2170053,11099000000,91500000
036620,2025-05-30,5390,5410,5040,5210,1896983,9866000000,91500000
036620,2025-06-02,5110,5480,5110,5320,1529552,8177000000,91500000
036620,2025-06-04,5320,5440,5250,5330,967559,5161000000,91500000
036620,2025-06-05,5240,5290,5010,5190,1839350,9458000000,91500000
036620,2025-06-09,5140,5380,5080,5160,1189362,6150000000,91500000
036620,2025-06-10,5170,5250,5070,5180,896734,4597000000,91500000
036620,2025-06-11,5220,5640,5180,5480,2412478,13177000000,91500000
036620,2025-06-12,5480,5750,5410,5580,1416618,7971000000,91500000
036620,2025-06-13,5570,5820,5450,5780,1515414,8539000000,91500000
036620,2025-06-16,5850,6130,5790,5950,2074189,12268000000,91500000
036620,2025-06-17,6080,6080,5760,5920,866376,5101000000,91500000
036620,2025-06-18,5860,6000,5800,6000,557277,3291000000,91500000
036620,2025-06-19,6000,6100,5820,6070,740893,4438000000,91500000
036620,2025-06-20,6000,6030,5700,5820,1301188,7531000000,91500000
036620,2025-06-23,5620,5840,5450,5730,992881,5690000000,91500000
036620,2025-06-24,5780,5860,5560,5730,1192409,6833000000,91500000
036620,2025-06-25,5680,6180,5550,6050,1486083,8744000000,91500000
036620,2025-06-26,6060,6270,5980,6220,1431265,8732000000,91500000
036620,2025-06-27,6220,6330,6120,6250,1001590,6250000000,91500000
036620,2025-06-30,6160,6510,6140,6360,1017069,6510000000,91500000
036620,2025-07-01,6360,6540,6230,6400,620147,3974000000,91500000
036620,2025-07-02,6390,6500,6210,6400,650239,4115000000,91500000
036620,2025-07-03,6570,6590,6170,6240,694245,4415000000,91500000
036620,2025-07-04,6180,6300,6050,6130,532959,3278000000,91500000
036620,2025-07-07,5960,6160,5900,6110,675793,4103000000,91500000
036620,2025-07-08,6130,6420,6120,6390,618542,3915000000,91500000
036620,2025-07-09,6340,6550,6250,6540,372226,2397000000,91500000
036620,2025-07-10,6450,6620,6370,6460,711543,4612000000,91500000
036620,2025-07-11,6400,6470,6210,6260,461317,2912000000,91500000
036620,2025-07-14,6180,6380,6150,6230,359423,2245000000,91500000
036620,2025-07-15,6240,6390,6170,6270,592332,3700000000,91500000
036620,2025-07-16,6270,6320,5950,6040,869800,5262000000,91500000
036620,2025-07-17,5990,6070,5840,5910,651943,3856000000,91500000
036620,2025-07-18,5950,5960,5750,5950,290882,1702000000,91500000
036620,2025-07-21,5940,6080,5830,5950,518532,3084000000,91500000
036620,2025-07-22,5950,6010,5760,5880,471220,2766000000,91500000
036620,2025-07-23,5840,6100,5720,6090,641805,3764000000,91500000
036620,2025-07-24,6110,6250,5960,6100,341282,2065000000,91500000
036620,2025-07-25,6100,6160,6060,6100,180705,1102000000,91500000
036620,2025-07-28,6100,6100,5770,5820,533693,3124000000,91500000
036620,2025-07-29,5820,5990,5750,5970,456454,2673000000,91500000
036620,2025-07-30,5920,5940,5800,5890,221235,1298000000,91500000
036620,2025-07-31,5850,5950,5710,5860,646768,3747000000,91500000
036620,2025-08-01,5770,5920,5550,5690,334877,1898000000,91500000
036620,2025-08-04,5580,5740,5520,5700,164802,934000000,91500000
036620,2025-08-05,5760,5950,5750,5800,274961,1599000000,91500000
036620,2025-08-06,5900,6200,5790,6150,450871,2708000000,91500000
036620,2025-08-07,6150,6200,5990,6100,280574,1701000000,90503771
036620,2025-08-08,6190,6190,6030,6100,179617,1099000000,90503771
036620,2025-08-11,6130,6290,6010,6050,553493,3395000000,90503771
036620,2025-08-12,6140,6150,5810,5910,270033,1622000000,90503771
036620,2025-08-13,5950,5960,5640,5680,554656,3177000000,90503771
036620,2025-08-14,5650,6350,5510,6090,1955631,11832000000,90503771
036620,2025-08-18,6040,6170,5530,5650,1056922,6079000000,90503771
036620,2025-08-19,5700,5720,5550,5590,349247,1955000000,90503771
036620,2025-08-20,5540,5680,5400,5610,472019,2601000000,90503771
036620,2025-08-21,5610,5670,5460,5530,487738,2709000000,90503771
036620,2025-08-22,5600,5850,5530,5590,524782,2954000000,90503771
036620,2025-08-25,5580,5710,5410,5580,379637,2103000000,90503771
036620,2025-08-26,5510,5820,5480,5800,349823,1980000000,90503771
036620,2025-08-27,5820,5900,5350,5660,2336470,13093000000,90503771
036620,2025-08-28,5660,6040,5610,5710,1088248,6326000000,90503771
036620,2025-08-29,5660,6010,5640,5750,1046523,6076000000,90503771
036620,2025-09-01,5730,6020,5710,5790,681807,4004000000,90503771
036620,2025-09-02,5800,5830,5550,5580,966189,5457000000,90503771
036620,2025-09-03,5580,5650,5300,5520,1249841,6814000000,90503771
036620,2025-09-04,5570,5980,5540,5870,1680600,9819000000,90503771
036620,2025-09-05,5870,6010,5760,5840,790282,4645000000,90503771
036620,2025-09-08,5840,5980,5730,5930,586785,3444000000,90503771
036620,2025-09-09,5950,6000,5850,5870,728629,4309000000,90503771
036620,2025-09-10,5920,5920,5690,5790,684779,3966000000,90503771
036620,2025-09-11,5790,5860,5670,5750,957301,5759000000,90503771
036620,2025-09-12,6300,6710,5950,6430,9017374,57863000000,90503771
036620,2025-09-15,6640,6690,6110,6260,2584720,16400000000,90503771
036620,2025-09-16,6220,6330,6050,6120,1362057,8448000000,90503771
036620,2025-09-17,6120,6470,5900,6290,1317645,8292000000,90503771
036620,2025-09-18,6280,6490,6170,6210,1018045,6416000000,90503771
036620,2025-09-19,6210,6940,6190,6680,4525026,30105000000,90503771
036620,2025-09-22,6690,6830,6400,6530,2848257,18829000000,90503771
036620,2025-09-23,6530,6840,6430,6540,1302514,8598000000,90503771
036620,2025-09-24,6540,6680,6380,6460,741547,4809000000,90503771
036620,2025-09-25,6500,6500,6120,6150,1010056,6331000000,90503771
036620,2025-09-26,6100,6230,5940,5970,767830,4643000000,90503771
036620,2025-09-29,5970,6070,5820,5980,750255,4462000000,90503771
036620,2025-09-30,5990,6020,5870,5960,323610,1918000000,90503771
036620,2025-10-01,5990,6040,5850,5980,506035,3011000000,90503771
036620,2025-10-02,6010,6170,5860,6050,488156,2929000000,90503771
036620,2025-10-10,6140,6140,5700,5760,894727,5180000000,90503771
036620,2025-10-13,5640,5790,5580,5610,623385,3515000000,90503771
036620,2025-10-14,5640,5660,5500,5510,614242,3411000000,90503771
036620,2025-10-15,5510,5780,5510,5750,613230,3444000000,90503771
036620,2025-10-16,5750,5770,5180,5270,1861303,10099000000,90503771
036620,2025-10-17,5280,5380,5080,5150,1491091,7696000000,90503771
036620,2025-10-20,5170,5200,5010,5090,1194105,6074000000,90503771
036620,2025-10-21,5090,5200,5040,5100,796751,4063000000,90503771
036620,2025-10-22,5090,5340,5090,5320,621373,3267000000,90503771
036620,2025-10-23,5320,5500,5210,5310,491745,2619000000,90503771
036620,2025-10-24,5310,5400,5250,5280,732404,3884000000,90503771
036620,2025-10-27,5280,5520,5190,5440,902802,4890000000,90503771
036620,2025-10-28,5480,5480,5250,5350,420104,2244000000,90503771
036620,2025-10-29,5340,5340,5120,5180,735495,3836000000,90503771
036620,2025-10-30,5210,5400,5150,5260,443751,2356000000,90503771
036620,2025-10-31,5260,5280,5050,5070,784940,4068000000,90503771
036620,2025-11-03,5130,5320,5100,5280,827040,4318000000,90503771
036620,2025-11-04,5280,5290,5090,5210,468686,2427000000,90503771
036620,2025-11-05,5210,5220,4990,5160,451574,2307000000,90503771
036620,2025-11-06,5190,5600,5190,5510,1166155,6357000000,90503771
036620,2025-11-07,5500,5530,5360,5470,583144,3173000000,90503771
036620,2025-11-10,5580,5600,5330,5380,588147,3231000000,90503771
036620,2025-11-11,5400,5420,5230,5300,417211,2215000000,90503771
036620,2025-11-12,5300,5550,5250,5530,475749,2593000000,90503771
036620,2025-11-13,5600,5680,5290,5310,635615,3496000000,90503771
036620,2025-11-14,5270,5650,5200,5210,1110855,6020000000,90503771
036620,2025-11-17,5370,5370,5020,5160,465070,2382000000,90503771
036620,2025-11-18,5080,5430,5000,5310,1348066,7097000000,90503771
036620,2025-11-19,5320,5670,5280,5600,1587252,8863000000,90503771
036620,2025-11-20,5770,6150,5700,6110,2975284,17575000000,90503771
036620,2025-11-21,6000,6170,5890,6000,1319164,7950000000,90503771
036620,2025-11-24,6000,6160,5830,5900,1103064,6570000000,90503771
036620,2025-11-25,5920,6050,5670,5720,456998,2644000000,90503771
036620,2025-11-26,5770,5850,5620,5710,368947,2109000000,90503771
036620,2025-11-27,5790,6130,5700,6060,1086794,6500000000,90503771
036620,2025-11-28,6060,6420,5970,6230,1458844,9200000000,90503771
036620,2025-12-01,6230,6360,6040,6180,927748,5783000000,90503771
036620,2025-12-02,6180,6470,6150,6430,1113857,7131000000,90503771
036620,2025-12-03,6490,6590,6340,6560,870292,5672000000,90503771
036620,2025-12-04,6550,6810,6480,6660,1268128,8520000000,90503771
036620,2025-12-05,6600,6780,6530,6670,465333,3091000000,90503771
036620,2025-12-08,6800,7100,6670,6720,1328229,9126000000,90503771
036620,2025-12-09,6720,6930,6600,6690,570013,3842000000,90503771
036620,2025-12-10,6690,6760,6610,6700,379437,2541000000,90503771
036620,2025-12-11,6700,6900,6380,6430,2938465,19093000000,90503771
036620,2025-12-12,6570,6570,6250,6290,902306,5746000000,90503771
036620,2025-12-15,6250,6820,6160,6750,1510138,10072000000,90503771
036620,2025-12-16,6610,6680,6440,6460,486846,3184000000,90503771
036620,2025-12-17,6420,6500,6240,6310,271937,1722000000,90503771
036620,2025-12-18,6380,6440,6110,6280,545229,3399000000,90503771
036620,2025-12-19,6300,6500,6090,6120,715400,4412000000,90503771
036620,2025-12-22,6120,6190,5930,6090,554119,3361000000,90503771
036620,2025-12-23,6060,6180,5970,6100,470693,2866000000,90503771
036620,2025-12-24,6060,6100,5940,6050,560223,3387000000,90503771
036620,2025-12-26,6050,6050,5810,5910,1007236,5962000000,90503771
036620,2025-12-29,5910,6030,5630,5850,592733,3439000000,90503771
036620,2025-12-30,5800,5880,5600,5770,866070,4961000000,90503771
