ticker,trade_date,fin_inv_net_amt,trust_net_amt,pension_net_amt,private_equity_net_amt,bank_net_amt,insurance_net_amt,etc_finance_net_amt,etc_corp_net_amt,etc_foreign_net_amt
065350,2020-01-02,0,0,0,0,0,0,0,0,0
065350,2020-01-03,0,-14000000,0,0,0,0,0,-1000000,0
065350,2020-01-06,0,8000000,0,0,0,0,0,0,0
065350,2020-01-07,0,0,0,0,0,0,0,0,0
065350,2020-01-08,0,0,0,0,0,0,0,0,0
065350,2020-01-09,0,0,0,0,0,0,0,-7000000,0
065350,2020-01-10,0,-7000000,0,-11000000,0,0,0,-7000000,0
065350,2020-01-13,0,0,0,-22000000,0,0,0,0,0
065350,2020-01-14,0,0,0,-22000000,0,0,0,-7000000,1000000
065350,2020-01-15,0,0,0,-33000000,0,0,0,0,1000000
065350,2020-01-16,0,0,0,0,0,0,0,0,0
065350,2020-01-17,0,-25000000,0,0,0,0,0,0,0
065350,2020-01-20,0,1000000,0,-71000000,0,0,0,0,0
065350,2020-01-21,0,7000000,0,-1000000,0,0,0,0,0
065350,2020-01-22,0,-24000000,0,0,0,0,0,0,0
065350,2020-01-23,0,7000000,0,-25000000,0,0,0,0,0
065350,2020-01-28,0,0,0,0,0,0,0,0,0
065350,2020-01-29,0,-17000000,0,0,0,0,0,0,0
065350,2020-01-30,0,-9000000,0,0,0,0,0,0,0
065350,2020-01-31,0,-12000000,0,-13000000,0,0,0,-12000000,0
065350,2020-02-03,0,0,0,0,0,0,0,0,0
065350,2020-02-04,0,-33000000,0,-80000000,0,0,0,0,0
065350,2020-02-05,0,-17000000,0,-62000000,0,0,0,-71000000,0
065350,2020-02-06,0,0,0,0,0,0,0,0,0
065350,2020-02-07,0,0,0,-21000000,0,0,0,0,0
065350,2020-02-10,0,0,0,0,0,0,0,0,0
065350,2020-02-11,0,0,0,-5000000,0,0,0,7000000,0
065350,2020-02-12,0,0,0,0,0,0,0,0,0
065350,2020-02-13,0,0,0,0,0,0,0,-36000000,0
065350,2020-02-14,0,0,0,0,0,0,0,-3000000,0
065350,2020-02-17,0,0,0,0,0,0,0,1000000,4000000
065350,2020-02-18,0,0,0,0,0,0,0,0,0
065350,2020-02-19,0,0,0,0,0,0,0,0,0
065350,2020-02-20,0,0,0,0,0,0,0,0,0
065350,2020-02-21,0,0,0,0,0,0,0,0,0
065350,2020-02-24,0,0,0,-29000000,0,0,0,0,26000000
065350,2020-02-25,0,0,0,0,0,0,0,3000000,0
065350,2020-02-26,0,0,0,0,0,0,0,0,0
065350,2020-02-27,0,0,0,0,0,0,0,0,0
065350,2020-02-28,0,0,0,0,0,0,0,0,15000000
065350,2020-03-02,0,0,0,0,0,0,0,0,0
065350,2020-03-03,0,0,0,0,0,0,0,0,0
065350,2020-03-04,0,-20000000,0,0,0,0,0,0,0
065350,2020-03-05,-24000000,0,0,-9000000,0,0,0,3000000,0
065350,2020-03-06,0,0,0,0,0,0,0,0,0
065350,2020-03-09,0,0,0,0,0,0,0,0,0
065350,2020-03-10,0,0,0,0,0,0,0,0,0
065350,2020-03-11,0,0,0,0,0,0,0,0,14000000
065350,2020-03-12,0,0,0,0,0,0,0,0,0
065350,2020-03-13,0,0,0,13000000,0,0,0,49000000,24000000
065350,2020-03-16,0,0,0,0,0,0,0,0,0
065350,2020-03-17,0,0,0,0,0,0,0,0,0
065350,2020-03-18,0,0,0,0,0,0,0,0,0
065350,2020-03-19,0,0,0,-1000000,0,0,0,40000000,0
065350,2020-03-20,0,0,0,-5000000,0,0,0,0,0
065350,2020-03-23,0,0,0,0,0,0,0,0,0
065350,2020-03-24,0,0,0,0,0,0,0,0,0
065350,2020-03-25,0,0,0,0,0,0,0,0,0
065350,2020-03-26,0,0,0,0,0,0,0,0,0
065350,2020-03-27,0,0,0,4000000,0,0,0,0,0
065350,2020-03-30,0,0,0,0,0,0,0,18000000,0
065350,2020-03-31,0,0,0,0,0,0,0,8000000,0
065350,2020-04-01,0,0,0,0,0,0,0,41000000,0
065350,2020-04-02,0,-49000000,0,0,0,0,0,1000000,0
065350,2020-04-03,0,0,0,0,0,0,0,6000000,-2000000
065350,2020-04-06,0,-84000000,0,0,0,0,0,0,0
065350,2020-04-07,1000000,0,0,0,0,0,0,0,-1000000
065350,2020-04-08,0,0,0,0,0,0,0,4000000,0
065350,2020-04-09,0,0,0,0,0,0,0,12000000,0
065350,2020-04-10,0,0,0,0,0,0,0,12000000,0
065350,2020-04-13,0,0,0,0,0,0,0,2000000,0
065350,2020-04-14,0,0,0,0,0,0,0,12000000,0
065350,2020-04-16,0,0,0,0,0,0,0,2000000,0
065350,2020-04-17,0,0,0,0,0,0,0,26000000,0
065350,2020-04-20,0,0,0,0,0,0,0,21000000,0
065350,2020-04-21,0,0,0,0,0,0,0,26000000,0
065350,2020-04-22,0,0,0,0,0,0,0,15000000,0
065350,2020-04-23,0,0,0,0,0,0,0,22000000,0
065350,2020-04-24,0,0,0,0,0,0,0,26000000,0
065350,2020-04-27,0,0,0,0,0,0,0,16000000,0
065350,2020-04-28,0,0,0,0,0,0,0,21000000,0
065350,2020-04-29,0,0,0,0,0,0,0,21000000,0
065350,2020-05-04,0,0,0,0,0,0,0,0,0
065350,2020-05-06,0,0,0,0,0,0,0,0,0
065350,2020-05-07,0,0,0,0,0,0,0,27000000,0
065350,2020-05-08,0,0,0,0,0,0,0,28000000,0
065350,2020-05-11,0,0,0,-67000000,0,0,0,19000000,0
065350,2020-05-12,0,0,0,0,0,0,0,13000000,0
065350,2020-05-13,0,0,0,0,0,0,0,0,0
065350,2020-05-14,0,0,0,0,0,0,0,16000000,0
065350,2020-05-15,0,0,0,0,0,0,0,35000000,0
065350,2020-05-18,0,-59000000,0,-59000000,0,0,0,31000000,0
065350,2020-05-19,0,0,0,0,0,0,0,28000000,0
065350,2020-05-20,0,0,0,0,0,0,0,17000000,0
065350,2020-05-21,0,0,0,0,0,0,0,29000000,0
065350,2020-05-22,0,0,0,0,0,0,0,29000000,0
065350,2020-05-25,0,0,0,0,0,0,0,23000000,0
065350,2020-05-26,0,0,0,0,0,0,0,29000000,0
065350,2020-05-27,0,0,0,0,0,0,0,30000000,0
065350,2020-05-28,0,0,0,-6000000,0,0,0,31000000,0
065350,2020-05-29,0,0,0,0,0,0,0,30000000,0
065350,2020-06-01,0,0,0,0,0,0,0,21000000,0
065350,2020-06-02,0,0,0,0,0,0,0,31000000,0
065350,2020-06-03,0,0,0,0,0,0,0,13000000,0
065350,2020-06-04,0,0,0,0,0,0,0,31000000,0
065350,2020-06-05,0,0,0,0,0,0,0,18000000,0
065350,2020-06-08,0,0,0,0,0,0,0,30000000,0
065350,2020-06-09,0,0,0,0,0,0,0,9000000,0
065350,2020-06-10,0,0,0,0,0,0,0,-3000000,0
065350,2020-06-11,0,0,0,0,0,0,0,32000000,0
065350,2020-06-12,0,0,0,0,0,0,0,18000000,5000000
065350,2020-06-15,0,0,0,0,0,0,0,32000000,0
065350,2020-06-16,0,0,0,0,0,0,0,0,0
065350,2020-06-17,0,0,0,0,0,0,0,22000000,7000000
065350,2020-06-18,0,0,0,0,0,0,0,23000000,1000000
065350,2020-06-19,0,0,0,0,0,0,0,31000000,0
065350,2020-06-22,0,0,0,0,0,0,0,35000000,0
065350,2020-06-23,50000000,79000000,0,715000000,0,304000000,0,-330000000,48000000
065350,2020-06-24,-1000000,-59000000,0,-717000000,0,-209000000,0,10000000,81000000
065350,2020-06-25,5000000,168000000,0,0,0,-19000000,0,0,58000000
065350,2020-06-26,-27000000,0,0,0,0,246000000,0,-10000000,-74000000
065350,2020-06-29,-3000000,0,0,0,0,-51000000,0,0,1000000
065350,2020-06-30,0,0,0,0,0,-73000000,0,-4000000,37000000
065350,2020-07-01,14000000,0,0,-124000000,0,0,0,-3000000,18000000
065350,2020-07-02,0,0,0,0,0,0,0,0,0
065350,2020-07-03,-15000000,68000000,0,-27000000,0,0,0,0,1000000
065350,2020-07-06,0,0,0,0,0,0,0,0,5000000
065350,2020-07-07,27000000,0,0,0,0,0,0,-101000000,0
065350,2020-07-08,-11000000,0,0,0,0,0,0,-54000000,-1000000
065350,2020-07-09,0,71000000,0,0,0,0,0,-92000000,-1000000
065350,2020-07-10,-16000000,0,0,0,0,0,0,0,-9000000
065350,2020-07-13,0,0,0,0,0,0,0,0,0
065350,2020-07-14,0,0,0,0,0,-52000000,0,0,0
065350,2020-07-15,0,0,0,0,0,-101000000,0,0,0
065350,2020-07-16,-22000000,5000000,0,0,0,0,0,0,-6000000
065350,2020-07-17,0,0,0,0,0,0,0,0,-2000000
065350,2020-07-20,0,0,0,0,0,0,0,0,0
065350,2020-07-21,-10000000,0,0,136000000,0,0,0,0,0
065350,2020-07-22,-10000000,0,0,0,0,0,0,0,0
065350,2020-07-23,-33000000,-70000000,0,0,0,0,0,0,0
065350,2020-07-24,0,0,0,-129000000,0,0,0,0,0
065350,2020-07-27,0,0,0,0,0,0,0,0,0
065350,2020-07-28,0,0,0,0,0,0,0,0,1000000
065350,2020-07-29,0,0,0,0,0,0,0,0,0
065350,2020-07-30,0,0,0,0,0,0,0,0,0
065350,2020-07-31,0,81000000,0,189000000,0,0,0,0,-2000000
065350,2020-08-03,0,0,0,0,0,0,0,3000000,0
065350,2020-08-04,0,0,0,0,0,0,0,0,0
065350,2020-08-05,0,0,0,-25000000,0,0,0,3000000,0
065350,2020-08-06,0,0,0,-32000000,0,0,0,22000000,0
065350,2020-08-07,0,0,0,0,0,0,0,0,0
065350,2020-08-10,0,0,0,0,0,0,0,0,-29000000
065350,2020-08-11,0,-68000000,0,0,0,0,0,-45000000,3000000
065350,2020-08-12,0,0,0,0,0,0,0,24000000,-1000000
065350,2020-08-13,0,0,0,0,0,0,0,-22000000,3000000
065350,2020-08-14,0,0,0,0,0,0,0,0,3000000
065350,2020-08-18,0,-49000000,0,-55000000,0,0,0,7000000,5000000
065350,2020-08-19,0,0,0,0,0,0,0,6000000,-6000000
065350,2020-08-20,0,0,0,0,0,0,0,6000000,33000000
065350,2020-08-21,0,0,0,0,0,0,0,1000000,0
065350,2020-08-24,1000000,0,0,0,0,0,0,22000000,1000000
065350,2020-08-25,0,0,0,0,0,0,0,-4000000,0
065350,2020-08-26,0,0,0,0,0,0,0,-4000000,0
065350,2020-08-27,0,0,0,0,0,0,0,0,0
065350,2020-08-28,0,0,0,0,0,0,0,-6000000,0
065350,2020-08-31,0,0,0,0,0,0,0,0,1000000
065350,2020-09-01,0,0,0,-1000000,0,0,0,-52000000,0
065350,2020-09-02,0,0,0,0,0,0,0,0,0
065350,2020-09-03,0,0,0,0,0,0,0,-36000000,0
065350,2020-09-04,0,0,0,0,0,0,0,0,0
065350,2020-09-07,0,0,0,0,0,0,0,-9000000,0
065350,2020-09-08,117000000,0,0,0,0,0,0,-53000000,0
065350,2020-09-09,202000000,0,0,0,0,0,0,131000000,0
065350,2020-09-10,40000000,0,0,0,0,0,0,-23000000,2000000
065350,2020-09-11,14000000,0,0,0,0,0,0,-10000000,0
065350,2020-09-14,0,0,0,0,0,0,0,0,0
065350,2020-09-15,0,0,0,0,0,0,0,-3000000,0
065350,2020-09-16,0,0,0,0,0,0,0,-6000000,1000000
065350,2020-09-17,142000000,54000000,0,0,0,0,0,-578000000,-430000000
065350,2020-09-18,-10000000,856000000,0,-40000000,0,174000000,-41000000,-431000000,58000000
065350,2020-09-21,-978000000,246000000,0,0,0,0,0,1997000000,-3000000
065350,2020-09-22,131000000,-37000000,0,0,0,0,0,-150000000,-37000000
065350,2020-09-23,69000000,0,0,0,0,0,0,-8000000,5000000
065350,2020-09-24,-2000000,0,0,0,0,0,0,301000000,2000000
065350,2020-09-25,180000000,-435000000,0,0,0,0,0,-365000000,-8000000
065350,2020-09-28,48000000,0,0,0,0,0,0,-837000000,-3000000
065350,2020-09-29,106000000,0,0,-1261000000,0,0,0,-5000000,13000000
065350,2020-10-05,0,0,0,-610000000,0,0,0,-598000000,-2000000
065350,2020-10-06,-1000000,42000000,0,-799000000,0,0,0,147000000,-3000000
065350,2020-10-07,0,-1405000000,0,0,0,0,0,-424000000,12000000
065350,2020-10-08,0,2000000,0,0,0,0,0,-136000000,-4000000
065350,2020-10-12,0,5000000,0,0,0,0,0,-66000000,-15000000
065350,2020-10-13,0,-645000000,0,-212000000,0,-192000000,0,46000000,5000000
065350,2020-10-14,0,0,0,0,0,0,0,-62000000,1000000
065350,2020-10-15,-2000000,0,0,0,0,0,0,-57000000,1000000
065350,2020-10-16,-409000000,0,0,0,0,0,0,-115000000,-3000000
065350,2020-10-19,0,0,0,0,0,0,0,5000000,0
065350,2020-10-20,-82000000,0,0,0,0,0,0,18000000,-3000000
065350,2020-10-21,0,0,0,0,0,0,0,3000000,0
065350,2020-10-22,0,0,0,0,0,0,0,-33000000,0
065350,2020-10-23,0,9000000,0,0,0,0,0,1000000,0
065350,2020-10-26,0,-8000000,0,0,0,0,0,-1000000,59000000
065350,2020-10-27,0,0,0,0,0,0,0,0,0
065350,2020-10-28,1000000,0,0,0,0,0,0,-15000000,0
065350,2020-10-29,0,0,0,0,0,0,0,0,0
065350,2020-10-30,0,0,0,0,0,0,0,15000000,48000000
065350,2020-11-02,0,0,0,0,0,0,0,0,-1000000
065350,2020-11-03,25000000,0,0,0,0,0,0,-6000000,2000000
065350,2020-11-04,0,0,0,0,0,0,0,0,-3000000
065350,2020-11-05,0,-34000000,0,0,0,0,0,13000000,-7000000
065350,2020-11-06,0,0,0,0,0,0,0,12000000,-2000000
065350,2020-11-09,0,0,0,0,0,0,0,15000000,-2000000
065350,2020-11-10,0,9000000,0,0,0,0,0,-357000000,8000000
065350,2020-11-11,25000000,-9000000,0,0,0,0,0,119000000,7000000
065350,2020-11-12,-25000000,0,0,0,0,0,0,-43000000,18000000
065350,2020-11-13,0,0,0,0,0,0,0,16000000,-2000000
065350,2020-11-16,0,0,0,0,0,0,0,-25000000,-10000000
065350,2020-11-17,0,0,0,0,0,0,0,10000000,0
065350,2020-11-18,0,0,0,0,0,0,0,9000000,18000000
065350,2020-11-19,0,0,0,0,0,0,0,-137000000,-10000000
065350,2020-11-20,0,0,0,0,0,0,0,-2000000,-7000000
065350,2020-11-23,0,0,0,0,0,0,0,42000000,4000000
065350,2020-11-24,0,0,0,0,0,0,0,2000000,1000000
065350,2020-11-25,0,0,0,0,0,0,0,-21000000,-4000000
065350,2020-11-26,0,0,0,0,0,0,0,-12000000,1000000
065350,2020-11-27,0,0,0,0,0,0,0,14000000,2000000
065350,2020-11-30,0,0,0,0,0,0,0,8000000,8000000
065350,2020-12-01,1000000,2000000,0,0,0,0,0,10000000,13000000
065350,2020-12-02,-1000000,0,0,-2000000,0,0,0,7000000,-13000000
065350,2020-12-03,0,0,0,0,0,0,0,14000000,-5000000
065350,2020-12-04,0,0,0,0,0,0,0,-29000000,-6000000
065350,2020-12-07,0,0,0,0,0,0,0,-11000000,-5000000
065350,2020-12-08,0,0,0,0,0,0,0,0,-1000000
065350,2020-12-09,0,0,0,0,0,0,0,-9000000,3000000
065350,2020-12-10,0,0,0,0,0,0,0,0,0
065350,2020-12-11,0,0,0,0,0,0,0,0,-7000000
065350,2020-12-14,0,0,0,0,0,0,0,-10000000,-4000000
065350,2020-12-15,0,0,0,0,0,0,0,0,-1000000
065350,2020-12-16,0,0,0,0,0,0,0,0,4000000
065350,2020-12-17,0,0,0,0,0,0,0,0,0
065350,2020-12-18,0,20000000,0,0,0,0,0,33000000,-1000000
065350,2020-12-21,0,-21000000,0,0,0,0,0,43000000,7000000
065350,2020-12-22,0,0,0,0,0,0,0,13000000,0
065350,2020-12-23,-4000000,0,0,0,0,0,0,587000000,11000000
065350,2020-12-24,-15000000,0,0,0,0,0,0,576000000,-25000000
065350,2020-12-28,-273000000,188000000,0,0,0,0,0,-3869000000,-25000000
065350,2020-12-29,1000000,227000000,0,0,0,0,0,-288000000,52000000
065350,2020-12-30,2000000,1397000000,0,0,0,0,0,37000000,74000000
065350,2021-01-04,-3000000,-2503000000,0,0,19000000,0,0,-490000000,-101000000
065350,2021-01-05,0,786000000,0,0,0,0,0,-32000000,-90000000
065350,2021-01-06,0,-753000000,0,0,0,0,0,-29000000,4000000
065350,2021-01-07,0,274000000,0,0,0,0,0,38000000,13000000
065350,2021-01-08,9000000,-260000000,0,6000000,0,0,0,-83000000,5000000
065350,2021-01-11,0,0,0,0,0,0,0,9000000,-43000000
065350,2021-01-12,0,0,0,0,0,0,0,-2000000,36000000
065350,2021-01-13,0,54000000,0,0,0,0,0,22000000,-2000000
065350,2021-01-14,-9000000,155000000,0,-6000000,0,0,0,99000000,-42000000
065350,2021-01-15,0,-205000000,0,0,0,0,0,-103000000,9000000
065350,2021-01-18,0,240000000,0,0,0,0,0,185000000,-29000000
065350,2021-01-19,0,-240000000,0,0,0,0,0,94000000,-8000000
065350,2021-01-20,1000000,0,0,0,0,0,24000000,300000000,7000000
065350,2021-01-21,0,686000000,0,0,0,0,28000000,48000000,14000000
065350,2021-01-22,0,-661000000,0,0,0,0,75000000,-67000000,-19000000
065350,2021-01-25,0,0,0,0,0,0,0,1000000,3000000
065350,2021-01-26,0,0,0,0,0,0,6000000,-11000000,0
065350,2021-01-27,0,0,0,0,0,0,0,-79000000,67000000
065350,2021-01-28,0,0,0,0,0,0,0,53000000,17000000
065350,2021-01-29,0,0,0,0,0,0,0,-30000000,24000000
065350,2021-02-01,0,0,0,0,0,0,0,-25000000,-20000000
065350,2021-02-02,0,0,0,0,0,0,0,-80000000,1000000
065350,2021-02-03,0,0,0,0,0,0,0,0,-10000000
065350,2021-02-04,0,0,0,0,-17000000,0,0,1000000,3000000
065350,2021-02-05,0,0,0,0,0,0,0,52000000,22000000
065350,2021-02-08,0,0,0,0,0,0,0,0,-2000000
065350,2021-02-09,0,0,0,0,0,0,0,0,0
065350,2021-02-10,0,0,0,0,0,0,0,0,1000000
065350,2021-02-15,0,0,0,0,0,0,0,9000000,-12000000
065350,2021-02-16,0,0,0,0,0,0,0,0,-7000000
065350,2021-02-17,0,0,0,0,0,0,0,2000000,29000000
065350,2021-02-18,-45000000,0,0,0,0,0,0,0,39000000
065350,2021-02-19,0,0,0,0,0,0,0,5000000,1000000
065350,2021-02-22,0,0,0,0,0,0,0,10000000,2000000
065350,2021-02-23,0,0,0,0,0,0,0,4000000,49000000
065350,2021-02-24,0,0,0,0,0,0,0,-81000000,48000000
065350,2021-02-25,0,0,0,0,0,0,0,0,0
065350,2021-02-26,0,0,0,0,0,0,0,0,-6000000
065350,2021-03-02,0,0,0,0,0,0,0,0,0
065350,2021-03-03,0,0,0,0,0,0,0,0,-3000000
065350,2021-03-04,0,0,0,0,0,0,0,1000000,-2000000
065350,2021-03-05,0,0,0,0,0,0,0,2000000,1000000
065350,2021-03-08,0,0,0,8000000,0,0,0,0,0
065350,2021-03-09,0,6000000,0,0,0,0,0,9000000,2000000
065350,2021-03-10,0,-6000000,0,-9000000,0,0,0,11000000,11000000
065350,2021-03-11,0,0,0,0,0,0,0,-37000000,-2000000
065350,2021-03-12,0,0,0,0,0,0,0,-18000000,0
065350,2021-03-15,0,0,0,0,0,0,0,-11000000,1000000
065350,2021-03-16,0,0,0,0,0,0,0,-11000000,-4000000
065350,2021-03-17,0,0,0,0,0,0,0,20000000,-5000000
065350,2021-03-18,0,0,0,0,0,0,0,37000000,7000000
065350,2021-03-19,0,0,0,0,0,0,0,34000000,0
065350,2021-03-22,0,0,0,0,0,0,0,0,3000000
065350,2021-03-23,0,0,0,0,0,0,0,4000000,1000000
065350,2021-03-24,0,0,0,0,0,0,0,1000000,1000000
065350,2021-03-25,0,0,0,0,0,0,0,0,-1000000
065350,2021-03-26,0,0,0,0,0,0,0,22000000,2000000
065350,2021-03-29,0,0,0,0,0,0,0,0,1000000
065350,2021-03-30,0,0,0,0,0,0,0,-23000000,-156000000
065350,2021-03-31,0,0,0,0,0,0,0,9000000,-2000000
065350,2021-04-01,0,1228000000,0,0,0,0,0,27000000,-4000000
065350,2021-04-02,0,-299000000,0,0,0,0,0,70000000,8000000
065350,2021-04-05,0,-930000000,0,0,0,0,0,474000000,63000000
065350,2021-04-06,0,0,0,0,0,0,0,-93000000,-24000000
065350,2021-04-07,0,0,0,0,0,0,0,-128000000,-7000000
065350,2021-04-08,0,0,0,0,0,0,0,-3000000,-12000000
065350,2021-04-09,0,0,0,0,0,0,0,-101000000,3000000
065350,2021-04-12,0,0,0,0,0,0,0,-15000000,10000000
065350,2021-04-13,0,0,0,0,0,0,0,-4000000,14000000
065350,2021-04-14,0,17000000,0,204000000,0,0,0,-399000000,-28000000
065350,2021-04-15,0,1652000000,0,0,0,0,0,718000000,-116000000
065350,2021-04-16,0,0,0,1000000,0,0,0,567000000,-3000000
065350,2021-04-19,0,0,0,0,0,0,0,-14000000,5000000
065350,2021-04-20,-62000000,0,0,-158000000,0,0,0,90000000,-1000000
065350,2021-04-21,0,0,0,-23000000,0,0,0,-68000000,5000000
065350,2021-04-22,0,0,0,0,0,0,0,102000000,3000000
065350,2021-04-23,0,0,0,0,0,0,0,-5000000,1000000
065350,2021-04-26,0,0,0,0,0,0,0,6000000,-6000000
065350,2021-04-27,0,0,0,0,0,0,0,-1000000,-14000000
065350,2021-04-28,0,0,0,0,0,0,0,-126000000,1000000
065350,2021-04-29,0,0,0,0,0,0,0,-56000000,-3000000
065350,2021-04-30,0,0,0,0,0,0,0,0,-1000000
065350,2021-05-03,0,0,0,0,0,0,0,0,0
065350,2021-05-04,0,0,0,0,0,0,0,4000000,6000000
065350,2021-05-06,0,0,0,0,0,0,0,0,2000000
065350,2021-05-07,0,0,0,0,0,0,0,1000000,-1000000
065350,2021-05-10,0,0,0,0,0,0,0,187000000,-5000000
065350,2021-05-11,0,0,0,0,0,0,0,141000000,-15000000
065350,2021-05-12,0,0,0,0,0,0,0,111000000,-1000000
065350,2021-05-13,0,0,0,0,0,0,0,143000000,1000000
065350,2021-05-14,0,95000000,0,105000000,0,0,0,-379000000,0
065350,2021-05-17,280000000,276000000,0,0,0,0,0,-364000000,16000000
065350,2021-05-18,0,20000000,0,0,0,0,0,1000000,-2000000
065350,2021-05-20,0,198000000,98000000,185000000,0,0,0,-167000000,135000000
065350,2021-05-21,122000000,253000000,0,891000000,0,0,0,144000000,58000000
065350,2021-05-24,-9000000,97000000,0,-47000000,0,0,0,-41000000,-4000000
065350,2021-05-25,112000000,282000000,0,368000000,0,0,0,372000000,21000000
065350,2021-05-26,114000000,56000000,-110000000,588000000,0,0,0,-761000000,98000000
065350,2021-05-27,146000000,130000000,0,759000000,0,0,-125000000,-74000000,-20000000
065350,2021-05-28,47000000,-41000000,0,768000000,0,0,-12000000,-103000000,-7000000
065350,2021-05-31,0,-203000000,77000000,985000000,0,0,0,-243000000,-19000000
065350,2021-06-01,0,0,0,50000000,0,0,0,-18000000,-11000000
065350,2021-06-02,0,0,0,0,0,0,0,-77000000,-59000000
065350,2021-06-03,0,0,0,281000000,0,0,0,66000000,-8000000
065350,2021-06-04,0,173000000,0,0,0,0,0,-219000000,-4000000
065350,2021-06-07,0,0,0,0,0,0,0,-8000000,19000000
065350,2021-06-08,4000000,0,0,-246000000,0,0,0,259000000,-8000000
065350,2021-06-09,0,0,0,-1109000000,0,0,0,382000000,-14000000
065350,2021-06-10,125000000,-24000000,102000000,-231000000,0,0,0,284000000,1000000
065350,2021-06-11,12000000,0,209000000,-126000000,0,116000000,0,-33000000,36000000
065350,2021-06-14,0,-53000000,-106000000,0,0,0,0,276000000,-39000000
065350,2021-06-15,6000000,-239000000,62000000,-46000000,0,213000000,0,43000000,-10000000
065350,2021-06-16,-36000000,-58000000,99000000,102000000,0,0,0,-119000000,-1000000
065350,2021-06-17,152000000,1641000000,370000000,433000000,438000000,303000000,0,-294000000,-140000000
065350,2021-06-18,-27000000,-27000000,991000000,0,0,14000000,0,80000000,1000000
065350,2021-06-21,74000000,-116000000,612000000,0,0,10000000,0,-128000000,-1000000
065350,2021-06-22,285000000,684000000,974000000,0,0,0,0,-8000000,-2000000
065350,2021-06-23,-69000000,315000000,1106000000,571000000,0,15000000,0,323000000,6000000
065350,2021-06-24,-220000000,554000000,76000000,-35000000,0,38000000,0,429000000,-17000000
065350,2021-06-25,0,15000000,0,-30000000,0,0,0,-47000000,15000000
065350,2021-06-28,23000000,-899000000,0,0,0,0,0,-84000000,7000000
065350,2021-06-29,21000000,735000000,1032000000,-346000000,0,253000000,0,-506000000,-83000000
065350,2021-06-30,0,566000000,273000000,1000000,0,70000000,0,76000000,5000000
065350,2021-07-01,-27000000,146000000,217000000,15000000,0,-150000000,0,-62000000,4000000
065350,2021-07-02,0,17000000,62000000,0,0,113000000,0,171000000,-10000000
065350,2021-07-05,72000000,31000000,267000000,0,0,74000000,0,58000000,-1000000
065350,2021-07-06,7000000,366000000,0,0,0,-5000000,0,60000000,3000000
065350,2021-07-07,0,509000000,610000000,-768000000,0,11000000,0,-16000000,81000000
065350,2021-07-08,4000000,31000000,0,0,0,0,0,-58000000,-1000000
065350,2021-07-09,273000000,471000000,436000000,0,0,0,129000000,-201000000,-78000000
065350,2021-07-12,5000000,5000000,295000000,0,0,0,-1000000,-186000000,-10000000
065350,2021-07-13,-10000000,-353000000,196000000,0,0,0,16000000,-131000000,-64000000
065350,2021-07-14,109000000,72000000,261000000,0,0,0,0,95000000,9000000
065350,2021-07-15,-11000000,0,49000000,-299000000,0,0,-1000000,81000000,11000000
065350,2021-07-16,-141000000,113000000,313000000,-67000000,0,11000000,0,-157000000,1000000
065350,2021-07-19,50000000,20000000,396000000,0,0,3000000,0,14000000,-6000000
065350,2021-07-20,8000000,44000000,571000000,-278000000,0,-75000000,0,-1036000000,-55000000
065350,2021-07-21,151000000,115000000,549000000,0,0,-86000000,0,-26000000,5000000
065350,2021-07-22,7000000,-157000000,87000000,-108000000,0,0,0,-286000000,3000000
065350,2021-07-23,31000000,24000000,24000000,0,0,0,0,47000000,-4000000
065350,2021-07-26,17000000,2000000,38000000,-172000000,0,12000000,-1000000,-164000000,-3000000
065350,2021-07-27,1000000,0,12000000,-234000000,0,0,0,65000000,2000000
065350,2021-07-28,4000000,58000000,0,-36000000,0,0,0,-45000000,3000000
065350,2021-07-29,6000000,3000000,67000000,0,0,1000000,0,13000000,65000000
065350,2021-07-30,11000000,-156000000,-304000000,0,0,0,0,261000000,-13000000
065350,2021-08-02,0,467000000,258000000,-62000000,0,0,0,44000000,-2000000
065350,2021-08-03,1000000,-156000000,-33000000,-96000000,0,0,0,-103000000,47000000
065350,2021-08-04,0,-47000000,134000000,0,0,0,0,61000000,20000000
065350,2021-08-05,-15000000,-375000000,-244000000,60000000,0,0,0,58000000,16000000
065350,2021-08-06,-9000000,-332000000,-33000000,0,0,0,0,11000000,2000000
065350,2021-08-09,-198000000,415000000,-421000000,-13000000,0,0,0,207000000,-135000000
065350,2021-08-10,367000000,-723000000,503000000,0,0,0,0,362000000,-35000000
065350,2021-08-11,1000000,-145000000,0,0,0,0,0,19000000,19000000
065350,2021-08-12,-163000000,2999000000,0,-46000000,0,13000000,0,-1064000000,-20000000
065350,2021-08-13,12000000,-1854000000,-1821000000,-4000000,0,-216000000,-3000000,-711000000,112000000
065350,2021-08-17,0,-2221000000,-852000000,-54000000,0,-218000000,0,-336000000,-26000000
065350,2021-08-18,10000000,-155000000,0,-515000000,0,0,0,-333000000,-13000000
065350,2021-08-19,48000000,-1000000,0,44000000,0,0,0,-62000000,-10000000
065350,2021-08-20,32000000,2000000,0,-1145000000,0,0,0,-400000000,53000000
065350,2021-08-23,134000000,510000000,1020000000,-96000000,0,358000000,0,146000000,0
065350,2021-08-24,179000000,-141000000,-540000000,1192000000,0,95000000,0,-375000000,5000000
065350,2021-08-25,-214000000,-140000000,-768000000,-254000000,0,-47000000,0,-55000000,15000000
065350,2021-08-26,17000000,-87000000,0,-23000000,0,0,0,-283000000,2000000
065350,2021-08-27,1000000,-16000000,-191000000,-238000000,0,-39000000,0,624000000,-3000000
065350,2021-08-30,-443000000,-278000000,360000000,-662000000,0,23000000,0,-18000000,66000000
065350,2021-08-31,0,-6000000,0,-371000000,0,0,0,-178000000,-30000000
065350,2021-09-01,21000000,0,0,0,0,0,0,-67000000,-5000000
065350,2021-09-02,0,47000000,0,0,0,0,0,0,4000000
065350,2021-09-03,67000000,-1103000000,-580000000,-195000000,0,-150000000,0,-27000000,-5000000
065350,2021-09-06,-59000000,0,-40000000,0,0,0,0,-103000000,21000000
065350,2021-09-07,-21000000,0,0,0,0,0,0,-66000000,-1000000
065350,2021-09-08,-17000000,-169000000,0,0,0,0,0,-2000000,3000000
065350,2021-09-09,2000000,0,0,0,0,0,11000000,47000000,-28000000
065350,2021-09-10,113000000,0,0,11000000,0,0,0,-46000000,-7000000
065350,2021-09-13,120000000,0,0,0,0,-136000000,0,233000000,11000000
065350,2021-09-14,10000000,-46000000,62000000,0,0,-88000000,0,-85000000,1000000
065350,2021-09-15,16000000,0,0,0,0,0,6000000,-23000000,-10000000
065350,2021-09-16,2000000,5000000,0,0,0,0,6000000,-9000000,3000000
065350,2021-09-17,1000000,3000000,0,0,0,0,7000000,-34000000,-17000000
065350,2021-09-23,6000000,-2000000,0,0,0,-3000000,-6000000,2000000,3000000
065350,2021-09-24,16000000,39000000,0,0,0,0,27000000,28000000,-14000000
065350,2021-09-27,50000000,-28000000,0,0,0,0,0,-95000000,-11000000
065350,2021-09-28,-4000000,-392000000,-542000000,0,0,-94000000,0,-76000000,-9000000
065350,2021-09-29,9000000,-59000000,0,0,0,0,4000000,9000000,4000000
065350,2021-09-30,31000000,96000000,303000000,0,0,15000000,0,40000000,21000000
065350,2021-10-01,8000000,0,-46000000,0,0,0,0,-215000000,-8000000
065350,2021-10-05,26000000,0,0,0,0,0,0,-37000000,3000000
065350,2021-10-06,-174000000,-275000000,-334000000,0,0,-143000000,0,22000000,10000000
065350,2021-10-07,-228000000,-228000000,45000000,0,0,0,0,1000000,9000000
065350,2021-10-08,-332000000,-997000000,-226000000,0,0,0,0,2000000,-12000000
065350,2021-10-12,5000000,-78000000,-290000000,0,0,0,0,8000000,0
065350,2021-10-13,-3000000,1156000000,0,0,0,0,0,9000000,-11000000
065350,2021-10-14,-68000000,3870000000,-11000000,444000000,0,0,0,4000000,-5000000
065350,2021-10-15,-28000000,1366000000,0,0,0,0,0,-44000000,0
065350,2021-10-18,11000000,-114000000,0,0,0,0,0,-31000000,37000000
065350,2021-10-19,-221000000,-184000000,-46000000,-22000000,0,-113000000,0,-148000000,4000000
065350,2021-10-20,190000000,0,-9000000,0,0,0,0,-4000000,-24000000
065350,2021-10-21,326000000,-1563000000,-1552000000,0,0,-181000000,0,-15000000,10000000
065350,2021-10-22,-79000000,-82000000,-1280000000,6000000,0,-279000000,0,-86000000,14000000
065350,2021-10-25,158000000,-778000000,-352000000,6000000,0,0,0,-14000000,3000000
065350,2021-10-26,120000000,-116000000,0,6000000,0,0,0,12000000,-9000000
065350,2021-10-27,82000000,-553000000,-315000000,-118000000,0,0,0,-156000000,7000000
065350,2021-10-28,56000000,-175000000,-1513000000,-128000000,0,-70000000,0,-92000000,0
065350,2021-10-29,43000000,0,11000000,6000000,0,0,0,16000000,4000000
065350,2021-11-01,150000000,0,0,6000000,0,0,0,-1000000,1000000
065350,2021-11-02,41000000,-16000000,0,6000000,0,0,0,14000000,-11000000
065350,2021-11-03,32000000,-14000000,0,6000000,0,0,0,-14000000,4000000
065350,2021-11-04,8000000,-337000000,-100000000,6000000,0,0,-90000000,3000000,-4000000
065350,2021-11-05,-8000000,0,0,0,0,0,0,1000000,0
065350,2021-11-08,61000000,0,0,0,0,0,0,0,-5000000
065350,2021-11-09,-224000000,-16000000,0,-6000000,0,0,0,12000000,-5000000
065350,2021-11-10,19000000,-7000000,0,0,0,0,0,12000000,0
065350,2021-11-11,-59000000,0,-315000000,0,0,0,0,-5000000,10000000
065350,2021-11-12,-616000000,0,0,-56000000,0,0,0,7000000,25000000
065350,2021-11-15,-208000000,0,-217000000,-75000000,0,0,0,2000000,-1000000
065350,2021-11-16,-60000000,-7000000,0,0,0,0,0,-10000000,0
065350,2021-11-17,-11000000,0,-330000000,-12000000,0,0,0,1000000,6000000
065350,2021-11-18,-135000000,0,-226000000,-5000000,0,0,0,-35000000,-24000000
065350,2021-11-19,-55000000,93000000,0,-18000000,0,0,0,11000000,3000000
065350,2021-11-22,156000000,-263000000,0,-906000000,0,0,0,-1000000,-5000000
065350,2021-11-23,200000000,0,0,6000000,0,0,0,-268000000,1000000
065350,2021-11-24,151000000,0,0,0,0,0,0,-27000000,-2000000
065350,2021-11-25,69000000,-7000000,0,0,0,0,0,-20000000,0
065350,2021-11-26,87000000,0,0,0,0,0,0,0,31000000
065350,2021-11-29,133000000,14000000,0,0,0,0,0,1000000,45000000
065350,2021-11-30,120000000,-14000000,174000000,0,0,0,0,0,1000000
065350,2021-12-01,174000000,-14000000,0,6000000,0,0,0,-2000000,0
065350,2021-12-02,123000000,13000000,0,6000000,0,0,0,12000000,-2000000
065350,2021-12-03,39000000,-13000000,0,0,0,0,-2000000,-11000000,0
065350,2021-12-06,33000000,-9000000,0,-2000000,0,0,0,-225000000,-19000000
065350,2021-12-07,36000000,105000000,0,0,0,0,0,0,1000000
065350,2021-12-08,-17000000,3000000,0,0,0,0,0,-233000000,0
065350,2021-12-09,1000000,-12000000,-11000000,0,0,0,0,-78000000,0
065350,2021-12-10,7000000,0,11000000,0,0,0,0,0,1000000
065350,2021-12-13,14000000,0,109000000,0,0,0,0,-224000000,-8000000
065350,2021-12-14,79000000,-18000000,56000000,0,0,0,0,-23000000,1000000
065350,2021-12-15,56000000,-17000000,0,0,0,0,0,8000000,0
065350,2021-12-16,133000000,0,-111000000,0,0,0,0,-173000000,-7000000
065350,2021-12-17,4000000,0,-224000000,0,0,0,0,-232000000,23000000
065350,2021-12-20,-10000000,0,0,0,0,0,0,-14000000,3000000
065350,2021-12-21,-10000000,-169000000,-22000000,0,-7000000,0,0,0,-6000000
065350,2021-12-22,-59000000,-20000000,0,0,0,0,0,1000000,10000000
065350,2021-12-23,-105000000,329000000,0,0,0,0,0,8000000,0
065350,2021-12-24,1000000,0,0,0,0,0,0,-7000000,-2000000
065350,2021-12-27,-13000000,-92000000,0,0,0,0,0,0,0
065350,2021-12-28,-1000000,0,0,0,0,0,0,4000000,-1000000
065350,2021-12-29,-41000000,0,0,0,0,0,0,-16000000,1000000
065350,2021-12-30,1000000,0,0,0,0,0,0,-4000000,-1000000
065350,2022-01-03,-8000000,0,0,0,0,0,0,47000000,1000000
065350,2022-01-04,-66000000,-17000000,0,0,0,0,0,-17000000,63000000
065350,2022-01-05,45000000,416000000,-92000000,0,0,0,0,-15000000,-115000000
065350,2022-01-06,-2000000,1471000000,719000000,0,0,341000000,0,106000000,7000000
065350,2022-01-07,9000000,-45000000,0,0,0,0,0,300000000,-3000000
065350,2022-01-10,-61000000,-60000000,0,0,0,0,0,284000000,-15000000
065350,2022-01-11,7000000,0,0,0,0,0,0,24000000,-12000000
065350,2022-01-12,-21000000,0,0,0,0,0,0,8000000,-6000000
065350,2022-01-13,92000000,557000000,0,8000000,0,0,0,-182000000,56000000
065350,2022-01-14,-44000000,-34000000,0,-8000000,0,0,0,-11000000,18000000
065350,2022-01-17,-76000000,-98000000,0,22000000,0,0,0,-257000000,27000000
065350,2022-01-18,-57000000,0,0,0,0,0,0,342000000,3000000
065350,2022-01-19,9000000,-37000000,0,7000000,0,0,0,6000000,10000000
065350,2022-01-20,7000000,0,0,0,0,0,0,-6000000,27000000
065350,2022-01-21,-7000000,-1676000000,0,3235000000,0,-290000000,0,55000000,66000000
065350,2022-01-24,-33000000,0,-397000000,-12000000,0,0,0,-39000000,17000000
065350,2022-01-25,18000000,0,-94000000,0,0,0,0,-2000000,47000000
065350,2022-01-26,27000000,3000000,0,0,0,0,0,-26000000,5000000
065350,2022-01-27,21000000,28000000,-110000000,52000000,0,0,2000000,143000000,20000000
065350,2022-01-28,57000000,6000000,0,5000000,0,0,0,9000000,9000000
065350,2022-02-03,-22000000,50000000,0,0,0,0,0,0,0
065350,2022-02-04,13000000,22000000,-49000000,6000000,0,0,0,9000000,6000000
065350,2022-02-07,-28000000,-51000000,0,6000000,0,0,0,-11000000,-9000000
065350,2022-02-08,19000000,-26000000,-44000000,16000000,0,0,0,7000000,-4000000
065350,2022-02-09,42000000,-4000000,0,6000000,0,0,0,17000000,-1000000
065350,2022-02-10,35000000,0,-160000000,18000000,0,0,0,7000000,-5000000
065350,2022-02-11,12000000,-13000000,0,6000000,0,0,0,-18000000,14000000
065350,2022-02-14,-180000000,1000000,0,0,0,0,0,0,16000000
065350,2022-02-15,8000000,0,0,0,0,0,0,15000000,4000000
065350,2022-02-16,17000000,0,0,0,0,0,0,28000000,-9000000
065350,2022-02-17,-5000000,0,0,5000000,0,0,0,29000000,68000000
065350,2022-02-18,5000000,0,0,0,0,0,0,0,0
065350,2022-02-21,12000000,0,0,0,0,0,0,-12000000,0
065350,2022-02-22,16000000,0,0,0,0,0,0,-9000000,1000000
065350,2022-02-23,7000000,0,0,0,0,0,0,0,0
065350,2022-02-24,38000000,-333000000,-116000000,0,0,0,-38000000,294000000,0
065350,2022-02-25,-1000000,0,0,0,0,0,0,20000000,0
065350,2022-02-28,-1000000,0,0,29000000,0,0,0,17000000,-1000000
065350,2022-03-02,-3000000,7000000,0,53000000,0,0,-1000000,5000000,-1000000
065350,2022-03-03,-5000000,0,0,0,0,0,0,43000000,-72000000
065350,2022-03-04,20000000,0,0,5000000,0,0,0,3000000,0
065350,2022-03-07,35000000,0,-227000000,5000000,0,0,0,5000000,-3000000
065350,2022-03-08,34000000,0,-150000000,5000000,0,0,0,0,-1000000
065350,2022-03-10,18000000,-4000000,-313000000,5000000,0,0,0,13000000,-122000000
065350,2022-03-11,41000000,34000000,0,0,0,0,0,0,5000000
065350,2022-03-14,103000000,-32000000,0,0,0,0,0,0,2000000
065350,2022-03-15,18000000,48000000,0,0,0,0,0,2000000,-1000000
065350,2022-03-16,9000000,0,0,0,0,0,0,1000000,-3000000
065350,2022-03-17,-13000000,0,0,0,0,0,0,0,0
065350,2022-03-18,-1000000,5000000,0,0,0,0,0,-1000000,-1000000
065350,2022-03-21,5000000,0,0,0,0,0,0,0,0
065350,2022-03-22,9000000,12000000,365000000,0,0,0,0,-277000000,4000000
065350,2022-03-23,-10000000,0,0,-747000000,0,0,0,-58000000,47000000
065350,2022-03-24,-12000000,60000000,0,0,0,0,0,18000000,-3000000
065350,2022-03-25,-25000000,-60000000,0,-6000000,0,0,0,-6000000,-10000000
065350,2022-03-28,12000000,0,0,0,0,0,0,0,6000000
065350,2022-03-29,-6000000,0,0,0,0,0,0,-42000000,1000000
065350,2022-03-30,2000000,0,0,0,0,0,0,-70000000,-3000000
065350,2022-03-31,-52000000,0,0,-6000000,0,0,0,0,0
065350,2022-04-01,33000000,0,0,0,0,0,0,-10000000,1000000
065350,2022-04-04,16000000,0,0,0,0,0,0,0,19000000
065350,2022-04-05,-17000000,0,0,0,0,0,0,-13000000,1000000
065350,2022-04-06,18000000,0,0,0,0,0,0,0,-2000000
065350,2022-04-07,-1000000,0,0,0,0,0,0,0,1000000
065350,2022-04-08,-97000000,0,0,0,0,0,0,0,0
065350,2022-04-11,39000000,0,0,0,0,0,0,0,0
065350,2022-04-12,43000000,-3000000,0,0,0,0,0,6000000,1000000
065350,2022-04-13,73000000,-121000000,0,-40000000,0,0,0,-4000000,-2000000
065350,2022-04-14,3000000,-613000000,0,-732000000,0,0,0,336000000,3000000
065350,2022-04-15,1000000,-10000000,0,0,0,0,0,29000000,14000000
065350,2022-04-18,70000000,0,0,0,0,0,0,0,0
065350,2022-04-19,21000000,0,0,0,0,0,0,42000000,-2000000
065350,2022-04-20,12000000,0,0,0,0,0,0,38000000,7000000
065350,2022-04-21,-38000000,0,0,-450000000,0,0,0,29000000,-19000000
065350,2022-04-22,8000000,0,0,0,0,0,0,0,1000000
065350,2022-04-25,83000000,0,0,0,0,0,0,1000000,2000000
065350,2022-04-26,43000000,0,0,0,0,0,0,0,0
065350,2022-04-27,15000000,0,0,0,0,0,-45000000,0,-3000000
065350,2022-04-28,17000000,0,0,5000000,0,0,0,65000000,0
065350,2022-04-29,5000000,0,0,0,0,0,0,99000000,-6000000
065350,2022-05-02,62000000,0,0,0,0,0,0,-277000000,0
065350,2022-05-03,0,0,0,0,0,0,0,0,0
065350,2022-05-04,-8000000,-9000000,0,0,0,0,0,0,0
065350,2022-05-06,14000000,0,0,0,0,0,0,-6000000,0
065350,2022-05-09,10000000,0,0,0,0,0,0,6000000,0
065350,2022-05-10,17000000,-18000000,0,-430000000,0,0,0,0,0
065350,2022-05-11,10000000,-14000000,0,0,0,0,0,34000000,0
065350,2022-05-12,1000000,0,0,-424000000,0,0,0,44000000,0
065350,2022-05-13,2000000,0,0,0,0,0,0,0,0
065350,2022-05-16,55000000,0,0,0,0,0,0,0,0
065350,2022-05-17,-7000000,-25000000,0,-47000000,0,0,0,0,-4000000
065350,2022-05-18,-22000000,0,0,0,0,0,0,4000000,0
065350,2022-05-19,-23000000,0,0,-4000000,0,0,0,27000000,0
065350,2022-05-20,-116000000,0,0,-9000000,0,0,0,11000000,0
065350,2022-05-23,-41000000,0,0,-9000000,0,0,0,54000000,0
065350,2022-05-24,-12000000,0,0,0,0,0,0,0,3000000
065350,2022-05-25,34000000,0,0,0,0,0,0,-2000000,0
065350,2022-05-26,23000000,0,0,0,0,0,0,-9000000,0
065350,2022-05-27,22000000,0,0,0,0,0,0,0,0
065350,2022-05-30,3000000,0,0,0,0,0,0,-1000000,0
065350,2022-05-31,-9000000,0,0,0,0,0,0,0,0
065350,2022-06-02,-3000000,0,0,0,0,0,0,0,-1000000
065350,2022-06-03,5000000,0,0,0,0,0,0,-14000000,0
065350,2022-06-07,-22000000,0,0,0,0,0,0,0,0
065350,2022-06-08,15000000,0,0,0,0,0,0,1000000,0
065350,2022-06-09,3000000,0,0,0,0,0,0,0,0
065350,2022-06-10,10000000,0,0,0,0,0,0,0,0
065350,2022-06-13,13000000,0,0,0,0,0,0,35000000,1000000
065350,2022-06-14,33000000,-58000000,0,0,0,0,0,5000000,-1000000
065350,2022-06-15,32000000,-54000000,0,0,0,0,0,2000000,-1000000
065350,2022-06-16,-10000000,1000000,0,0,0,0,0,0,1000000
065350,2022-06-17,2000000,-363000000,0,0,0,0,0,0,1000000
065350,2022-06-20,1000000,0,0,0,0,0,0,24000000,0
065350,2022-06-21,21000000,0,0,0,0,0,0,0,0
065350,2022-06-22,14000000,0,0,0,0,0,0,40000000,5000000
065350,2022-06-23,48000000,0,0,10000000,0,0,0,14000000,0
065350,2022-06-24,25000000,0,0,10000000,0,0,0,0,-1000000
065350,2022-06-27,-6000000,0,0,-3000000,0,0,0,0,-2000000
065350,2022-06-28,4000000,0,0,0,0,0,0,0,0
065350,2022-06-29,14000000,0,0,3000000,0,0,0,0,0
065350,2022-06-30,43000000,0,0,3000000,0,0,0,41000000,0
065350,2022-07-01,23000000,0,0,3000000,0,0,0,18000000,0
065350,2022-07-04,-3000000,0,0,0,0,0,0,46000000,0
065350,2022-07-05,1000000,0,0,0,0,0,0,20000000,0
065350,2022-07-06,9000000,0,0,0,0,0,0,0,0
065350,2022-07-07,6000000,0,0,0,0,0,0,8000000,0
065350,2022-07-08,-3000000,0,0,-3000000,0,0,0,0,0
065350,2022-07-11,-30000000,0,0,0,0,0,0,0,0
065350,2022-07-12,6000000,0,0,0,0,0,0,0,0
065350,2022-07-13,-3000000,62000000,0,0,0,0,0,0,0
065350,2022-07-14,-9000000,292000000,0,36000000,0,0,0,0,0
065350,2022-07-15,11000000,82000000,0,0,0,0,0,0,-3000000
065350,2022-07-18,-38000000,0,0,0,0,0,0,0,50000000
065350,2022-07-19,1000000,0,0,0,0,0,0,14000000,1000000
065350,2022-07-20,2000000,0,0,0,0,0,0,0,0
065350,2022-07-21,-5000000,0,0,0,0,0,0,31000000,0
065350,2022-07-22,-4000000,0,0,0,0,0,0,5000000,0
065350,2022-07-25,-38000000,0,0,0,0,0,0,0,0
065350,2022-07-26,-3000000,0,0,0,0,0,0,0,0
065350,2022-07-27,4000000,0,0,0,0,0,0,0,0
065350,2022-07-28,-9000000,0,0,-4000000,0,0,0,0,0
065350,2022-07-29,-7000000,0,0,-13000000,0,0,0,11000000,-1000000
065350,2022-08-01,-42000000,0,0,0,0,0,0,-1000000,0
065350,2022-08-02,4000000,0,0,-11000000,0,0,0,0,0
065350,2022-08-03,-3000000,0,0,0,0,0,0,-46000000,0
065350,2022-08-04,-10000000,0,0,0,0,0,0,35000000,3000000
065350,2022-08-05,1000000,0,0,0,0,0,0,-47000000,-3000000
065350,2022-08-08,-53000000,0,0,0,0,0,0,64000000,1000000
065350,2022-08-09,-4000000,0,0,0,0,0,0,15000000,1000000
065350,2022-08-10,-7000000,0,0,0,0,0,0,-15000000,0
065350,2022-08-11,-7000000,0,0,0,0,0,0,0,1000000
065350,2022-08-12,4000000,0,0,0,0,0,0,-40000000,0
065350,2022-08-16,58000000,0,0,0,0,0,0,0,0
065350,2022-08-17,-8000000,0,0,0,0,0,0,0,0
065350,2022-08-18,-1000000,0,0,0,0,0,0,0,0
065350,2022-08-19,3000000,0,0,0,0,0,0,-57000000,0
065350,2022-08-22,-1000000,0,0,0,0,0,0,0,0
065350,2022-08-23,-25000000,0,0,0,0,0,0,10000000,0
065350,2022-08-24,-6000000,0,0,0,0,0,0,0,0
065350,2022-08-25,0,0,0,0,0,0,0,-12000000,0
065350,2022-08-26,3000000,0,0,0,0,0,0,-11000000,0
065350,2022-08-29,-4000000,0,0,-4000000,0,0,0,-14000000,0
065350,2022-08-30,-7000000,0,0,0,0,0,0,-21000000,0
065350,2022-08-31,4000000,5000000,0,0,0,0,0,-18000000,-1000000
065350,2022-09-01,12000000,0,0,0,0,0,0,0,0
065350,2022-09-02,3000000,11000000,0,0,0,0,0,-52000000,0
065350,2022-09-05,5000000,0,0,0,0,0,0,0,0
065350,2022-09-06,3000000,0,0,0,0,0,0,0,-2000000
065350,2022-09-07,2000000,0,0,0,0,0,0,2000000,0
065350,2022-09-08,-1000000,0,0,0,0,0,0,0,5000000
065350,2022-09-13,-2000000,0,0,-4000000,0,0,0,-2000000,-5000000
065350,2022-09-14,-2000000,0,0,-4000000,0,0,0,0,0
065350,2022-09-15,-1000000,0,0,-4000000,0,0,0,0,0
065350,2022-09-16,3000000,0,0,0,0,0,0,0,0
065350,2022-09-19,4000000,0,0,0,0,0,0,0,0
065350,2022-09-20,2000000,0,0,0,0,0,0,0,0
065350,2022-09-21,4000000,0,0,4000000,0,0,0,0,0
065350,2022-09-22,3000000,0,0,0,0,0,0,0,2000000
065350,2022-09-23,26000000,0,0,8000000,0,0,0,0,9000000
065350,2022-09-26,9000000,0,0,3000000,0,0,0,95000000,0
065350,2022-09-27,3000000,0,0,3000000,0,0,0,75000000,-9000000
065350,2022-09-28,8000000,0,0,0,0,0,0,91000000,0
065350,2022-09-29,8000000,0,0,0,0,0,0,18000000,0
065350,2022-09-30,6000000,0,0,0,0,0,0,87000000,0
065350,2022-10-04,5000000,0,0,0,0,0,0,0,0
065350,2022-10-05,11000000,0,0,0,0,0,0,0,0
065350,2022-10-06,-4000000,0,0,0,0,0,0,115000000,-1000000
065350,2022-10-07,1000000,0,0,0,0,0,0,93000000,-1000000
065350,2022-10-11,4000000,0,0,0,0,0,0,85000000,0
065350,2022-10-12,-4000000,0,0,0,0,0,0,3000000,0
065350,2022-10-13,-5000000,-35000000,0,-5000000,0,0,0,7000000,0
065350,2022-10-14,-4000000,0,0,0,0,0,0,0,-1000000
065350,2022-10-17,0,0,0,0,0,0,0,0,-12000000
065350,2022-10-18,-4000000,0,0,0,0,0,0,0,0
065350,2022-10-19,-26000000,0,0,0,0,0,0,31000000,0
065350,2022-10-20,3000000,0,0,0,0,0,0,4000000,0
065350,2022-10-21,-1000000,0,0,0,0,0,0,12000000,0
065350,2022-10-24,1000000,0,0,0,0,0,0,11000000,0
065350,2022-10-25,-3000000,0,0,0,0,0,0,0,0
065350,2022-10-26,-1000000,0,0,0,0,0,0,33000000,0
065350,2022-10-27,-38000000,0,0,0,0,0,0,0,0
065350,2022-10-28,-29000000,0,0,0,0,0,0,0,0
065350,2022-10-31,-1000000,0,0,0,0,0,0,4000000,14000000
065350,2022-11-01,-32000000,0,0,-7000000,0,0,0,0,9000000
065350,2022-11-02,-28000000,0,0,0,0,0,0,32000000,0
065350,2022-11-03,-12000000,0,0,0,0,0,0,0,0
065350,2022-11-04,-9000000,0,0,0,0,0,0,30000000,0
065350,2022-11-07,-57000000,0,0,0,0,0,0,1000000,1000000
065350,2022-11-08,-7000000,0,0,0,0,0,0,-31000000,0
065350,2022-11-09,-13000000,0,0,0,0,0,0,0,0
065350,2022-11-10,-4000000,0,0,0,0,0,0,0,1000000
065350,2022-11-11,-49000000,0,0,-8000000,0,0,0,0,5000000
065350,2022-11-14,-47000000,0,0,-16000000,0,0,0,10000000,-2000000
065350,2022-11-15,0,0,0,0,0,0,0,-5000000,0
065350,2022-11-16,-2000000,0,0,0,0,0,0,0,0
065350,2022-11-17,2000000,0,0,0,0,0,0,0,0
065350,2022-11-18,2000000,0,0,0,0,0,0,1000000,0
065350,2022-11-21,6000000,0,0,0,0,0,0,0,-4000000
065350,2022-11-22,5000000,0,0,0,0,0,0,0,0
065350,2022-11-23,8000000,0,0,0,0,0,0,0,0
065350,2022-11-24,0,0,0,0,0,0,0,0,0
065350,2022-11-25,-4000000,0,0,0,0,0,0,0,0
065350,2022-11-28,2000000,0,0,0,0,0,0,0,0
065350,2022-11-29,-3000000,0,0,0,0,0,0,0,0
065350,2022-11-30,2000000,0,0,0,0,0,0,0,0
065350,2022-12-01,-4000000,0,0,0,0,0,0,23000000,0
065350,2022-12-02,0,0,0,0,0,0,0,0,0
065350,2022-12-05,16000000,0,0,3000000,0,0,0,0,0
065350,2022-12-06,6000000,0,0,0,0,0,0,-2000000,0
065350,2022-12-07,3000000,0,0,0,0,0,0,9000000,0
065350,2022-12-08,8000000,0,0,0,0,0,0,1000000,0
065350,2022-12-09,36000000,0,0,0,0,0,0,0,0
065350,2022-12-12,16000000,0,0,0,0,0,0,0,0
065350,2022-12-13,11000000,0,0,0,0,0,0,0,0
065350,2022-12-14,0,0,0,0,0,0,0,-22000000,0
065350,2022-12-15,1000000,0,0,3000000,0,0,0,0,0
065350,2022-12-16,3000000,0,0,0,0,0,0,-8000000,-50000000
065350,2022-12-19,5000000,0,0,0,0,0,0,0,0
065350,2022-12-20,4000000,0,0,0,0,0,0,0,0
065350,2022-12-21,6000000,0,0,0,0,0,0,0,0
065350,2022-12-22,1000000,0,0,0,0,0,0,0,0
065350,2022-12-23,11000000,0,0,0,0,0,0,0,0
065350,2022-12-26,5000000,0,0,0,0,0,0,0,0
065350,2022-12-27,2000000,-56000000,0,0,0,0,0,0,0
065350,2022-12-28,16000000,0,0,0,0,0,0,0,0
065350,2022-12-29,3000000,0,0,0,0,0,0,-3000000,0
065350,2023-01-02,5000000,0,0,0,0,0,0,16000000,0
065350,2023-01-03,6000000,0,0,0,0,0,0,0,0
065350,2023-01-04,7000000,0,0,0,0,0,0,0,0
065350,2023-01-05,11000000,0,0,0,0,0,0,19000000,0
065350,2023-01-06,17000000,0,0,0,0,0,0,0,0
065350,2023-01-09,-9000000,9000000,0,0,0,0,0,-22000000,4000000
065350,2023-01-10,-1000000,0,0,0,0,0,0,-47000000,20000000
065350,2023-01-11,-2000000,0,0,0,0,0,0,-16000000,-5000000
065350,2023-01-12,2000000,-9000000,0,-1000000,0,0,0,0,0
065350,2023-01-13,4000000,-5000000,0,-1000000,0,0,0,0,4000000
065350,2023-01-16,3000000,0,0,0,0,0,0,-11000000,3000000
065350,2023-01-17,1000000,9000000,0,0,0,0,0,5000000,-4000000
065350,2023-01-18,3000000,0,0,0,0,0,0,-22000000,0
065350,2023-01-19,3000000,0,0,0,0,0,0,0,0
065350,2023-01-20,3000000,-10000000,0,0,0,0,0,-31000000,0
065350,2023-01-25,1000000,0,0,0,0,0,0,-29000000,0
065350,2023-01-26,-6000000,0,0,-3000000,0,0,0,0,-8000000
065350,2023-01-27,-10000000,0,0,-3000000,0,0,0,0,-9000000
065350,2023-01-30,-5000000,0,0,0,0,0,0,0,0
065350,2023-01-31,-4000000,0,0,-3000000,0,0,0,-19000000,0
065350,2023-02-01,-5000000,0,0,0,0,0,0,0,-1000000
065350,2023-02-02,-17000000,0,0,0,0,0,0,0,0
065350,2023-02-03,-2000000,0,0,0,0,0,0,0,0
065350,2023-02-06,-19000000,0,0,-6000000,0,0,0,0,0
065350,2023-02-07,-26000000,0,0,-10000000,0,0,0,0,-3000000
065350,2023-02-08,-15000000,0,0,-6000000,0,0,0,0,0
065350,2023-02-09,-92000000,0,0,-16000000,0,0,0,-2000000,0
065350,2023-02-10,-17000000,-9000000,0,-3000000,0,0,0,2000000,0
065350,2023-02-13,-9000000,0,0,-13000000,0,0,0,0,1000000
065350,2023-02-14,-7000000,0,0,0,0,0,0,0,1000000
065350,2023-02-15,-27000000,0,0,-13000000,0,0,0,0,0
065350,2023-02-16,-41000000,0,0,-6000000,0,0,0,4000000,0
065350,2023-02-17,-17000000,-1000000,44000000,0,0,0,0,-109000000,2000000
065350,2023-02-20,13000000,0,0,0,0,0,0,-3000000,-4000000
065350,2023-02-21,-46000000,0,0,-3000000,0,0,0,-10000000,0
065350,2023-02-22,-1000000,67000000,0,0,0,0,0,-31000000,0
065350,2023-02-23,10000000,-30000000,-62000000,3000000,0,0,0,0,4000000
065350,2023-02-24,5000000,-35000000,0,0,0,0,0,-9000000,4000000
065350,2023-02-27,-2000000,0,0,0,0,0,0,0,11000000
065350,2023-02-28,-38000000,0,0,-25000000,0,0,0,0,-14000000
065350,2023-03-02,-75000000,0,0,-40000000,0,0,0,0,0
065350,2023-03-03,-87000000,0,0,-25000000,0,0,0,3000000,1000000
065350,2023-03-06,-455000000,0,0,-39000000,0,0,0,-61000000,0
065350,2023-03-07,-264000000,0,0,-36000000,0,0,0,-32000000,1000000
065350,2023-03-08,171000000,0,0,-12000000,0,0,0,32000000,8000000
065350,2023-03-09,-72000000,0,0,4000000,0,0,0,-42000000,-1000000
065350,2023-03-10,-87000000,0,0,3000000,0,0,0,-4000000,-1000000
065350,2023-03-13,10000000,-1000000,0,0,0,0,0,-174000000,36000000
065350,2023-03-14,13000000,233000000,0,0,0,0,0,13000000,243000000
065350,2023-03-15,-77000000,-127000000,0,-24000000,0,0,0,17000000,-240000000
065350,2023-03-16,-158000000,-117000000,0,-36000000,0,0,0,-11000000,8000000
065350,2023-03-17,48000000,0,0,0,0,0,0,9000000,2000000
065350,2023-03-20,17000000,0,0,0,0,0,0,-6000000,13000000
065350,2023-03-21,22000000,0,0,0,0,0,0,0,10000000
065350,2023-03-22,-124000000,0,0,-19000000,0,0,0,62000000,-19000000
065350,2023-03-23,-265000000,0,0,-24000000,0,0,0,-57000000,16000000
065350,2023-03-24,-9000000,0,0,0,0,0,0,-145000000,-44000000
065350,2023-03-27,-8000000,212000000,0,23000000,0,0,0,110000000,20000000
065350,2023-03-28,186000000,58000000,0,31000000,0,0,0,9000000,-25000000
065350,2023-03-29,-88000000,0,0,-10000000,0,0,0,-13000000,3000000
065350,2023-03-30,-51000000,0,0,-5000000,0,0,0,9000000,56000000
065350,2023-03-31,17000000,0,0,0,0,0,0,-638000000,1000000
065350,2023-04-03,-9000000,0,0,0,0,0,0,1000000,4000000
065350,2023-04-04,84000000,0,0,13000000,0,0,0,-46000000,-10000000
065350,2023-04-05,20000000,0,0,4000000,0,0,0,0,4000000
065350,2023-04-06,34000000,0,0,4000000,0,0,0,0,0
065350,2023-04-07,-49000000,0,0,-10000000,0,0,0,19000000,4000000
065350,2023-04-10,-148000000,187000000,0,-33000000,0,0,0,-15000000,13000000
065350,2023-04-11,17000000,-186000000,0,9000000,0,0,0,0,-20000000
065350,2023-04-12,101000000,0,0,14000000,0,0,0,54000000,5000000
065350,2023-04-13,58000000,-134000000,0,-19000000,0,0,0,101000000,-28000000
065350,2023-04-14,25000000,-6000000,0,-5000000,0,0,0,-61000000,-16000000
065350,2023-04-17,7000000,-5000000,0,19000000,0,0,0,0,-2000000
065350,2023-04-18,-19000000,0,0,0,0,0,0,8000000,-2000000
065350,2023-04-19,-11000000,0,0,0,0,0,0,-24000000,6000000
065350,2023-04-20,21000000,0,0,4000000,0,0,0,-2000000,-2000000
065350,2023-04-21,49000000,0,0,0,0,0,0,0,-9000000
065350,2023-04-24,5000000,0,0,4000000,0,0,0,17000000,2000000
065350,2023-04-25,4000000,0,0,0,0,0,0,4000000,-2000000
065350,2023-04-26,-5000000,0,0,0,0,0,0,0,1000000
065350,2023-04-27,-23000000,0,0,0,0,0,0,0,0
065350,2023-04-28,5000000,19000000,0,11000000,0,0,0,0,-1000000
065350,2023-05-02,3000000,0,0,0,0,0,0,0,0
065350,2023-05-03,7000000,0,0,0,0,0,0,0,0
065350,2023-05-04,6000000,0,0,0,0,0,0,0,0
065350,2023-05-08,10000000,0,0,4000000,0,0,0,-5000000,-1000000
065350,2023-05-09,2000000,0,0,-33000000,0,0,0,0,16000000
065350,2023-05-10,2000000,0,284000000,0,0,0,0,-10000000,2000000
065350,2023-05-11,1000000,0,0,4000000,0,0,0,0,0
065350,2023-05-12,6000000,0,0,0,0,0,0,-3000000,-13000000
065350,2023-05-15,1000000,0,0,0,0,0,0,-13000000,0
065350,2023-05-16,18000000,0,0,0,0,0,0,29000000,1000000
065350,2023-05-17,3000000,0,0,4000000,0,0,0,34000000,2000000
065350,2023-05-18,2000000,0,0,4000000,0,0,0,-4000000,0
065350,2023-05-19,11000000,1000000,0,8000000,0,0,0,-2000000,2000000
065350,2023-05-22,3000000,0,0,0,0,0,0,0,0
065350,2023-05-23,-1000000,-17000000,-155000000,-6000000,0,0,0,0,0
065350,2023-05-24,5000000,0,-139000000,0,0,0,0,-15000000,-13000000
065350,2023-05-25,8000000,0,0,0,0,0,0,0,-4000000
065350,2023-05-26,9000000,-231000000,0,-21000000,0,0,0,-72000000,0
065350,2023-05-30,4000000,0,0,4000000,0,0,0,-18000000,0
065350,2023-05-31,1000000,0,0,0,0,0,0,23000000,1000000
065350,2023-06-01,-4000000,0,0,0,0,0,0,0,-2000000
065350,2023-06-02,-7000000,-1000000,0,0,0,0,0,0,0
065350,2023-06-05,2000000,0,0,0,0,0,0,0,2000000
065350,2023-06-07,-62000000,0,0,-4000000,0,0,0,11000000,0
065350,2023-06-08,-7000000,0,0,-4000000,0,0,0,-12000000,-1000000
065350,2023-06-09,-23000000,0,0,0,0,0,0,0,-7000000
065350,2023-06-12,9000000,0,0,-17000000,0,0,0,15000000,0
065350,2023-06-13,-47000000,0,0,-18000000,0,0,0,1000000,7000000
065350,2023-06-14,2000000,0,0,-13000000,0,0,0,0,6000000
065350,2023-06-15,22000000,0,0,4000000,0,0,0,-15000000,1000000
065350,2023-06-16,14000000,1000000,0,0,0,0,0,0,1000000
065350,2023-06-19,20000000,0,0,4000000,0,0,0,-24000000,1000000
065350,2023-06-20,27000000,0,0,12000000,0,0,0,0,1000000
065350,2023-06-21,18000000,0,0,0,0,0,0,0,-1000000
065350,2023-06-22,13000000,0,0,0,0,0,0,0,0
065350,2023-06-23,25000000,0,0,4000000,0,0,0,2000000,0
065350,2023-06-26,12000000,0,0,4000000,0,0,0,0,0
065350,2023-06-27,22000000,0,0,4000000,0,0,0,0,0
065350,2023-06-28,42000000,0,0,8000000,0,0,0,0,-1000000
065350,2023-06-29,26000000,0,0,8000000,0,0,0,0,4000000
065350,2023-06-30,10000000,0,0,4000000,0,0,0,0,-1000000
065350,2023-07-03,-11000000,0,0,-4000000,0,0,0,0,5000000
065350,2023-07-04,-59000000,0,0,-16000000,0,0,0,-3000000,1000000
065350,2023-07-05,-50000000,0,0,-20000000,0,0,0,0,0
065350,2023-07-06,12000000,0,0,0,0,0,0,0,0
065350,2023-07-07,101000000,0,0,0,0,0,0,0,-6000000
065350,2023-07-10,-41000000,0,0,-3000000,0,0,0,0,0
065350,2023-07-11,-22000000,0,0,-36000000,0,0,0,0,0
065350,2023-07-12,6000000,-54000000,0,-36000000,0,0,0,0,0
065350,2023-07-13,13000000,-431000000,0,-185000000,0,0,0,0,-1000000
065350,2023-07-14,-29000000,-297000000,0,906000000,0,0,0,-55000000,112000000
065350,2023-07-17,20000000,-1000000,-293000000,518000000,0,0,0,73000000,-12000000
065350,2023-07-18,-285000000,0,0,-76000000,0,0,0,-24000000,-94000000
065350,2023-07-19,-69000000,-105000000,0,112000000,0,0,0,1000000,-4000000
065350,2023-07-20,39000000,0,0,251000000,0,0,0,115000000,-20000000
065350,2023-07-21,-6000000,0,0,-6000000,0,0,0,-19000000,-3000000
065350,2023-07-24,1000000,273000000,0,707000000,0,0,0,13000000,-17000000
065350,2023-07-25,-9000000,0,0,-49000000,0,0,0,-15000000,-15000000
065350,2023-07-26,-6000000,0,0,-103000000,0,0,0,0,37000000
065350,2023-07-27,-2000000,0,0,-126000000,0,0,0,42000000,-9000000
065350,2023-07-28,101000000,190000000,0,9000000,0,0,0,565000000,-2000000
065350,2023-07-31,-48000000,-1404000000,0,-180000000,0,0,0,532000000,7000000
065350,2023-08-01,-359000000,-90000000,0,-654000000,0,0,0,-471000000,-148000000
065350,2023-08-02,-209000000,-257000000,0,2144000000,0,13000000,0,-1634000000,-17000000
065350,2023-08-03,-198000000,-91000000,0,-603000000,0,-12000000,0,25000000,164000000
065350,2023-08-04,68000000,2000000,0,6000000,0,0,0,-250000000,283000000
065350,2023-08-07,-11000000,-554000000,0,0,0,0,0,-684000000,-367000000
065350,2023-08-08,-16000000,-39000000,0,-921000000,0,0,0,-28000000,216000000
065350,2023-08-09,-3000000,739000000,0,-665000000,0,0,0,-1005000000,-20000000
065350,2023-08-10,11000000,0,1000000,13000000,0,0,0,175000000,130000000
065350,2023-08-11,96000000,0,-1000000,0,0,0,0,1073000000,515000000
065350,2023-08-14,0,0,0,0,0,0,0,0,0
065350,2023-08-16,353000000,0,0,0,0,0,0,699000000,-141000000
065350,2023-08-17,-315000000,46000000,0,-116000000,0,0,0,287000000,-50000000
065350,2023-08-18,0,0,0,0,0,0,0,0,0
065350,2023-08-21,-117000000,0,0,-502000000,0,0,0,-302000000,448000000
065350,2023-08-22,61000000,0,0,-9000000,0,0,0,-321000000,625000000
065350,2023-08-23,-31000000,0,0,27000000,0,0,0,-850000000,-80000000
065350,2023-08-24,17000000,-458000000,0,12000000,0,0,0,834000000,12000000
065350,2023-08-25,6000000,0,0,0,0,0,0,-172000000,168000000
065350,2023-08-28,0,-178000000,0,0,0,0,0,280000000,-92000000
065350,2023-08-29,7000000,-92000000,0,-1000000,0,0,0,165000000,-4000000
065350,2023-08-30,17000000,-6000000,0,0,0,0,0,40000000,-101000000
065350,2023-08-31,33000000,457000000,0,0,0,0,0,-126000000,6000000
065350,2023-09-01,69000000,0,0,10000000,0,0,0,-1273000000,-15000000
065350,2023-09-04,33000000,0,0,0,0,0,0,102000000,-37000000
065350,2023-09-05,33000000,0,0,-572000000,0,0,0,387000000,-35000000
065350,2023-09-06,-5000000,0,0,0,0,0,0,466000000,2000000
065350,2023-09-07,48000000,0,0,12000000,0,0,0,-72000000,47000000
065350,2023-09-08,34000000,0,0,0,0,0,0,-54000000,-6000000
065350,2023-09-11,56000000,0,0,0,0,0,0,-19000000,-51000000
065350,2023-09-12,19000000,0,0,-456000000,0,0,0,190000000,70000000
065350,2023-09-13,8000000,0,0,0,0,0,0,-83000000,-43000000
065350,2023-09-14,-14000000,0,0,0,0,0,0,295000000,160000000
065350,2023-09-15,16000000,0,0,0,0,0,0,-227000000,-75000000
065350,2023-09-18,29000000,0,0,0,0,0,0,363000000,-41000000
065350,2023-09-19,-20000000,0,0,0,0,0,0,-214000000,-47000000
065350,2023-09-20,16000000,0,0,12000000,0,0,0,-143000000,-42000000
065350,2023-09-21,-90000000,0,0,0,0,0,0,-9773000000,114000000
065350,2023-09-22,6000000,0,0,11000000,0,0,0,94000000,-74000000
065350,2023-09-25,32000000,0,0,0,0,0,0,-6000000,59000000
065350,2023-09-26,11000000,0,0,0,0,0,0,-213000000,-114000000
065350,2023-09-27,17000000,0,0,0,0,0,0,36000000,-10000000
065350,2023-10-04,14000000,0,0,11000000,0,0,0,-207000000,20000000
065350,2023-10-05,-6000000,0,0,0,0,0,0,369000000,-36000000
065350,2023-10-06,-18000000,198000000,0,0,0,0,0,-117000000,154000000
065350,2023-10-10,14000000,0,0,-225000000,0,0,0,212000000,223000000
065350,2023-10-11,15000000,0,0,0,0,0,0,-895000000,-96000000
065350,2023-10-12,-36000000,35000000,0,4000000,0,0,0,-298000000,112000000
065350,2023-10-13,78000000,0,0,0,0,0,0,488000000,-105000000
065350,2023-10-16,39000000,0,0,0,0,0,0,-469000000,15000000
065350,2023-10-17,12000000,0,0,0,0,0,0,-2000000,-109000000
065350,2023-10-18,4000000,0,0,0,0,0,0,14000000,-46000000
065350,2023-10-19,24000000,0,0,0,0,0,0,227000000,85000000
065350,2023-10-20,31000000,0,0,0,0,0,0,30000000,-3000000
065350,2023-10-23,3000000,0,0,0,0,0,0,120000000,69000000
065350,2023-10-24,17000000,0,0,0,0,0,0,-182000000,32000000
065350,2023-10-25,52000000,5000000,0,664000000,0,0,0,-99000000,14000000
065350,2023-10-26,4000000,0,0,0,0,0,0,-17000000,-16000000
065350,2023-10-27,7000000,0,0,0,0,0,0,11000000,-18000000
065350,2023-10-30,3000000,0,0,0,0,0,0,170000000,39000000
065350,2023-10-31,18000000,0,0,0,0,0,0,-153000000,-32000000
065350,2023-11-01,20000000,-4000000,0,-249000000,0,0,0,-26000000,-19000000
065350,2023-11-02,4000000,0,0,-328000000,0,0,0,-1000000,-480000000
065350,2023-11-03,-3000000,0,0,0,0,0,0,-64000000,-281000000
065350,2023-11-06,79000000,0,0,-8000000,0,0,0,-182000000,-37000000
065350,2023-11-07,-42000000,0,0,0,0,0,0,-113000000,83000000
065350,2023-11-08,13000000,0,0,0,0,0,0,-29000000,-40000000
065350,2023-11-09,2000000,0,0,0,0,0,0,15000000,-4000000
065350,2023-11-10,20000000,0,0,0,0,0,0,-1394000000,20000000
065350,2023-11-13,4000000,0,0,0,0,0,0,-73000000,-114000000
065350,2023-11-14,-9000000,0,0,0,0,0,0,730000000,119000000
065350,2023-11-15,127000000,5000000,0,669000000,0,0,0,469000000,-62000000
065350,2023-11-16,-34000000,0,0,0,0,0,0,-4000000,406000000
065350,2023-11-17,2000000,0,0,0,0,0,0,-313000000,38000000
065350,2023-11-20,23000000,0,0,0,0,0,0,-251000000,36000000
065350,2023-11-21,9000000,0,0,0,0,0,0,-57000000,55000000
065350,2023-11-22,-101000000,-5000000,0,-714000000,0,0,0,684000000,-36000000
065350,2023-11-23,-20000000,0,0,0,0,0,0,-398000000,11000000
065350,2023-11-24,13000000,0,0,0,0,0,0,19000000,40000000
065350,2023-11-27,23000000,0,0,0,0,0,0,-55000000,-359000000
065350,2023-11-28,13000000,0,0,0,0,0,0,-12000000,-24000000
065350,2023-11-29,7000000,0,0,-9000000,0,0,0,123000000,-11000000
065350,2023-11-30,-23000000,24000000,0,0,0,0,0,-94000000,-8000000
065350,2023-12-01,108000000,0,0,0,0,0,0,-30000000,-13000000
065350,2023-12-04,-33000000,0,0,0,0,0,0,2000000,-10000000
065350,2023-12-05,-65000000,0,0,0,0,0,0,49000000,-4000000
065350,2023-12-06,22000000,0,0,0,0,0,0,45000000,26000000
065350,2023-12-07,16000000,0,0,0,0,0,0,-25000000,-38000000
065350,2023-12-08,29000000,0,0,0,0,0,0,16000000,-112000000
065350,2023-12-11,-17000000,0,0,0,0,0,0,8000000,-19000000
065350,2023-12-12,21000000,0,0,0,0,0,0,-5000000,-71000000
065350,2023-12-13,18000000,0,0,0,0,0,0,-4000000,73000000
065350,2023-12-14,-12000000,0,0,0,0,0,0,-463000000,10000000
065350,2023-12-15,-372000000,707000000,0,134000000,0,58000000,0,141000000,-12000000
065350,2023-12-18,25000000,-2000000,0,0,0,0,0,49000000,7000000
065350,2023-12-19,-52000000,94000000,0,0,0,0,0,132000000,81000000
065350,2023-12-20,-31000000,93000000,0,0,0,0,0,60000000,0
065350,2023-12-21,26000000,0,0,0,0,0,0,95000000,36000000
065350,2023-12-22,8000000,0,0,0,0,0,0,501000000,-4000000
065350,2023-12-26,28000000,0,0,0,0,0,0,-477000000,-29000000
065350,2023-12-27,-1000000,0,0,0,0,0,0,428000000,19000000
065350,2023-12-28,0,0,0,0,0,0,0,-28000000,10000000
065350,2024-01-02,10000000,0,0,0,0,0,0,-16000000,-15000000
065350,2024-01-03,278000000,0,0,20000000,0,0,0,19000000,11000000
065350,2024-01-04,-66000000,0,0,0,0,0,0,229000000,415000000
065350,2024-01-05,-119000000,8000000,0,-21000000,0,0,0,256000000,-395000000
065350,2024-01-08,44000000,16000000,0,27000000,0,0,0,915000000,996000000
065350,2024-01-09,-135000000,-1000000,0,-49000000,0,0,0,118000000,-72000000
065350,2024-01-10,46000000,0,0,0,0,0,0,-4206000000,189000000
065350,2024-01-11,52000000,1020000000,0,0,0,0,0,-935000000,-94000000
065350,2024-01-12,18000000,0,0,0,0,0,0,111000000,21000000
065350,2024-01-15,16000000,74000000,116000000,0,0,0,0,509000000,-30000000
065350,2024-01-16,64000000,-75000000,0,2000000,0,0,0,209000000,24000000
065350,2024-01-17,9000000,0,-107000000,0,0,0,0,196000000,4000000
065350,2024-01-18,36000000,50000000,0,0,0,0,0,50000000,-101000000
065350,2024-01-19,-2000000,-51000000,0,0,0,0,0,85000000,-14000000
065350,2024-01-22,107000000,69000000,14000000,0,0,0,0,967000000,-71000000
065350,2024-01-23,196000000,-42000000,0,0,0,0,0,-261000000,39000000
065350,2024-01-24,7000000,43000000,-7000000,0,0,0,0,-167000000,168000000
065350,2024-01-25,9000000,-71000000,0,0,0,0,0,-219000000,-94000000
065350,2024-01-26,103000000,0,0,0,0,0,0,505000000,-48000000
065350,2024-01-29,49000000,0,-4000000,0,0,0,0,-400000000,-160000000
065350,2024-01-30,-33000000,0,0,0,0,0,0,-34000000,-499000000
065350,2024-01-31,1000000,0,0,0,0,0,0,108000000,78000000
065350,2024-02-01,3000000,0,0,0,0,0,0,-45000000,-91000000
065350,2024-02-02,93000000,0,4000000,0,0,0,0,393000000,300000000
065350,2024-02-05,5000000,0,0,0,0,0,0,-1720000000,-52000000
065350,2024-02-06,68000000,0,0,0,0,0,0,-321000000,142000000
065350,2024-02-07,-78000000,0,0,0,0,0,0,37000000,-3000000
065350,2024-02-08,-68000000,0,0,0,0,0,0,59000000,142000000
065350,2024-02-13,-86000000,0,0,0,0,0,0,409000000,-40000000
065350,2024-02-14,-81000000,0,0,0,0,0,0,679000000,-525000000
065350,2024-02-15,60000000,0,0,0,0,0,0,219000000,1442000000
065350,2024-02-16,-129000000,0,-9000000,0,0,0,0,380000000,-74000000
065350,2024-02-19,-4242000000,0,8000000,0,0,0,0,657000000,127000000
065350,2024-02-20,118000000,0,3000000,0,0,0,0,-1107000000,223000000
065350,2024-02-21,-39000000,-1000000,-16000000,0,0,0,0,2505000000,-2164000000
065350,2024-02-22,-193000000,50000000,11000000,0,0,0,0,-1334000000,-105000000
065350,2024-02-23,55000000,0,15000000,-50000000,0,0,0,-1579000000,13000000
065350,2024-02-26,22000000,0,-14000000,0,0,0,0,-498000000,-116000000
065350,2024-02-27,11000000,81000000,0,-80000000,0,0,0,840000000,153000000
065350,2024-02-28,-18000000,0,-14000000,0,0,0,0,-499000000,-4000000
065350,2024-02-29,30000000,0,10000000,0,0,0,0,253000000,175000000
065350,2024-03-04,22000000,0,13000000,0,0,0,0,-1389000000,271000000
065350,2024-03-05,78000000,0,-22000000,0,0,0,0,-1270000000,-186000000
065350,2024-03-06,91000000,0,0,0,0,5000000,0,411000000,207000000
065350,2024-03-07,39000000,0,0,0,0,0,0,-50000000,-39000000
065350,2024-03-08,-29000000,0,0,0,0,0,0,139000000,10000000
065350,2024-03-11,27000000,10000000,0,-11000000,0,0,0,484000000,-32000000
065350,2024-03-12,-99000000,0,0,0,0,0,0,-633000000,6000000
065350,2024-03-13,-31000000,0,-1000000,0,0,0,0,130000000,-44000000
065350,2024-03-14,119000000,0,0,0,0,0,0,608000000,20000000
065350,2024-03-15,35000000,0,0,0,0,0,0,-544000000,-23000000
065350,2024-03-18,80000000,0,0,-4000000,0,0,0,-86000000,86000000
065350,2024-03-19,7000000,0,0,0,0,0,0,564000000,-112000000
065350,2024-03-20,432000000,195000000,1000000,195000000,0,0,0,-593000000,29000000
065350,2024-03-21,-18000000,0,0,0,0,-1000000,0,-39000000,-72000000
065350,2024-03-22,10000000,0,11000000,0,0,0,0,451000000,81000000
065350,2024-03-25,-90000000,0,0,0,0,0,0,167000000,20000000
065350,2024-03-26,-139000000,0,-11000000,0,0,0,0,-622000000,-1027000000
065350,2024-03-27,-34000000,0,0,0,0,0,0,54000000,-152000000
065350,2024-03-28,198000000,0,0,0,0,0,0,150000000,-165000000
065350,2024-03-29,101000000,0,0,0,0,0,0,-29000000,89000000
065350,2024-04-01,117000000,0,-1000000,0,0,0,0,-4000000,-62000000
065350,2024-04-02,117000000,0,0,0,0,0,0,-127000000,-16000000
065350,2024-04-03,164000000,0,0,0,0,0,0,10000000,22000000
065350,2024-04-04,32000000,-267000000,0,0,-267000000,0,0,5000000,2000000
065350,2024-04-05,2000000,0,0,0,0,0,0,-47000000,-32000000
065350,2024-04-08,28000000,0,0,0,0,0,0,1000000,1000000
065350,2024-04-09,-14000000,0,0,0,0,0,0,128000000,4000000
065350,2024-04-11,206000000,-5511000000,0,0,0,0,0,3000000,-53000000
065350,2024-04-12,-62000000,-19000000,0,0,0,0,0,72000000,-61000000
065350,2024-04-15,33000000,0,0,0,0,0,0,43000000,4000000
065350,2024-04-16,3000000,0,0,0,0,0,0,-6000000,18000000
065350,2024-04-17,8000000,0,0,0,0,0,0,48000000,54000000
065350,2024-04-18,20000000,0,0,0,0,0,0,-375000000,3000000
065350,2024-04-19,60000000,0,0,0,0,0,0,475000000,55000000
065350,2024-04-22,22000000,0,0,0,0,0,0,69000000,-18000000
065350,2024-04-23,3000000,0,0,0,0,0,0,-100000000,-5000000
065350,2024-04-24,51000000,0,0,0,0,0,0,65000000,-16000000
065350,2024-04-25,2000000,0,0,0,0,0,0,28000000,-43000000
065350,2024-04-26,70000000,0,0,0,0,0,0,22000000,21000000
065350,2024-04-29,7000000,0,0,0,0,0,0,172000000,-54000000
065350,2024-04-30,7000000,0,0,0,0,0,0,49000000,3000000
065350,2024-05-02,6000000,0,0,0,0,0,0,-106000000,45000000
065350,2024-05-03,-5000000,0,0,0,0,0,0,72000000,47000000
065350,2024-05-07,25000000,0,0,0,0,0,0,6000000,-58000000
065350,2024-05-08,4000000,0,0,0,0,0,0,146000000,20000000
065350,2024-05-09,89000000,0,0,0,0,0,0,3000000,-65000000
065350,2024-05-10,-6000000,0,0,0,0,0,0,-144000000,-34000000
065350,2024-05-13,2000000,0,0,0,0,0,0,-53000000,-17000000
065350,2024-05-14,-14000000,0,0,0,0,-1000000,0,-43000000,16000000
065350,2024-05-16,5000000,0,0,0,0,0,0,5000000,-9000000
065350,2024-05-17,10000000,0,0,-14000000,0,0,0,23000000,17000000
065350,2024-05-20,87000000,0,0,0,0,0,0,38000000,16000000
065350,2024-05-21,24000000,0,0,0,0,0,0,-33000000,40000000
065350,2024-05-22,-110000000,0,0,0,0,0,0,25000000,34000000
065350,2024-05-23,5000000,0,0,0,0,0,0,64000000,11000000
065350,2024-05-24,35000000,0,0,0,0,0,0,4000000,-15000000
065350,2024-05-27,22000000,0,0,0,0,0,0,347000000,119000000
065350,2024-05-28,13000000,0,0,0,0,0,0,-180000000,-20000000
065350,2024-05-29,54000000,0,0,0,0,0,0,194000000,87000000
065350,2024-05-30,27000000,0,0,0,0,0,0,521000000,22000000
065350,2024-05-31,2000000,-8000000,0,0,0,0,0,110000000,-11000000
065350,2024-06-03,235000000,0,0,0,0,0,0,-84000000,-4000000
065350,2024-06-04,1000000,0,0,0,0,0,0,-164000000,-12000000
065350,2024-06-05,-212000000,0,0,0,0,0,0,9000000,11000000
065350,2024-06-07,17000000,0,0,0,0,0,0,-15000000,-48000000
065350,2024-06-10,15000000,0,0,0,0,0,0,18000000,24000000
065350,2024-06-11,21000000,0,0,0,0,0,0,56000000,72000000
065350,2024-06-12,21000000,0,0,0,0,0,0,-2000000,1000000
065350,2024-06-13,-7000000,0,0,0,0,0,0,-81000000,29000000
065350,2024-06-14,43000000,30000000,0,-3000000,0,-8000000,0,7000000,0
065350,2024-06-17,26000000,-25000000,0,25000000,0,0,0,105000000,76000000
065350,2024-06-18,26000000,-68000000,0,0,0,-3000000,0,-22000000,-99000000
065350,2024-06-19,-7000000,-31000000,0,-31000000,0,0,0,6000000,-14000000
065350,2024-06-20,83000000,0,0,0,0,0,0,9000000,-32000000
065350,2024-06-21,64000000,0,0,0,0,0,0,-12000000,-7000000
065350,2024-06-24,177000000,0,0,0,0,0,0,9000000,48000000
065350,2024-06-25,155000000,0,0,95000000,0,0,0,116000000,-29000000
065350,2024-06-26,220000000,-38000000,0,-48000000,0,0,0,-158000000,43000000
065350,2024-06-27,77000000,0,0,0,0,0,0,-20000000,-18000000
065350,2024-06-28,85000000,0,0,0,0,0,0,59000000,-6000000
065350,2024-07-01,26000000,0,0,0,0,0,0,24000000,-19000000
065350,2024-07-02,61000000,0,0,0,0,0,0,63000000,19000000
065350,2024-07-03,-2000000,0,0,0,0,0,0,25000000,6000000
065350,2024-07-04,-38000000,0,0,0,0,0,0,60000000,-2000000
065350,2024-07-05,66000000,0,0,0,0,0,0,14000000,3000000
065350,2024-07-08,20000000,0,0,-13000000,0,0,0,222000000,-133000000
065350,2024-07-09,-20000000,0,0,0,0,0,0,-94000000,36000000
065350,2024-07-10,-25000000,0,0,0,0,0,0,-13000000,7000000
065350,2024-07-11,116000000,-8296000000,0,-1269000000,0,0,0,6000000,61000000
065350,2024-07-12,1000000,-3637000000,0,-607000000,0,0,0,95000000,38000000
065350,2024-07-15,2000000,0,0,0,0,0,0,47000000,-44000000
065350,2024-07-16,4000000,0,0,0,0,0,0,6000000,24000000
065350,2024-07-17,-24000000,0,0,0,0,0,0,23000000,4000000
065350,2024-07-18,-21000000,0,0,0,0,0,0,-18000000,-24000000
065350,2024-07-19,73000000,0,0,0,0,0,0,-2000000,26000000
065350,2024-07-22,-25000000,0,0,0,0,0,0,124000000,-15000000
065350,2024-07-23,3000000,0,0,0,0,0,0,-210000000,57000000
065350,2024-07-24,0,0,0,0,0,0,0,37000000,-53000000
065350,2024-07-25,0,0,0,0,0,0,0,40000000,27000000
065350,2024-07-26,0,0,0,0,0,0,0,13000000,-23000000
065350,2024-07-29,39000000,0,0,0,0,0,0,0,9000000
065350,2024-07-30,-24000000,0,0,0,0,0,0,20000000,-6000000
065350,2024-07-31,-50000000,0,0,0,0,0,0,-7000000,8000000
065350,2024-08-01,-51000000,0,0,0,0,0,0,38000000,-8000000
065350,2024-08-02,-60000000,0,0,0,0,0,0,9000000,11000000
065350,2024-08-05,30000000,0,0,0,0,0,0,61000000,-28000000
065350,2024-08-06,-3000000,0,0,0,0,0,0,-46000000,-6000000
065350,2024-08-07,0,0,0,0,0,0,0,9000000,1000000
065350,2024-08-08,0,0,0,0,0,0,0,-28000000,16000000
065350,2024-08-09,0,0,0,0,0,0,0,46000000,55000000
065350,2024-08-12,-5000000,0,0,0,0,0,0,-15000000,18000000
065350,2024-08-13,-1000000,0,0,0,0,0,0,21000000,-99000000
065350,2024-08-14,62000000,0,0,0,0,0,0,19000000,-19000000
065350,2024-08-16,0,0,0,0,0,0,0,-13000000,7000000
065350,2024-08-19,-5000000,0,0,0,0,0,0,14000000,15000000
065350,2024-08-20,0,0,0,0,0,0,0,117000000,-104000000
065350,2024-08-21,-1000000,0,0,0,0,0,0,55000000,85000000
065350,2024-08-22,0,0,0,0,0,0,0,19000000,7000000
065350,2024-08-23,0,0,0,0,0,0,0,-17000000,13000000
065350,2024-08-26,-5000000,0,0,0,0,0,0,2000000,-41000000
065350,2024-08-27,0,0,0,0,0,0,0,-46000000,-7000000
065350,2024-08-28,0,0,0,0,0,0,0,1000000,5000000
065350,2024-08-29,0,0,0,0,0,0,0,0,9000000
065350,2024-08-30,-29000000,0,0,0,0,0,0,-33000000,4000000
065350,2024-09-02,-7000000,0,0,0,0,0,0,4000000,21000000
065350,2024-09-03,-2000000,0,0,0,0,0,0,18000000,16000000
065350,2024-09-04,0,0,0,0,0,0,0,43000000,12000000
065350,2024-09-05,0,0,0,0,0,0,0,52000000,6000000
065350,2024-09-06,-1000000,0,0,0,0,0,0,42000000,3000000
065350,2024-09-09,-4000000,0,0,0,0,0,0,4000000,0
065350,2024-09-10,0,0,0,0,0,0,0,-1000000,10000000
065350,2024-09-11,2000000,0,0,0,0,0,0,47000000,-2000000
065350,2024-09-12,-5000000,71000000,0,0,0,0,0,0,5000000
065350,2024-09-13,3000000,0,0,0,0,0,0,20000000,1000000
065350,2024-09-19,-2000000,0,0,0,0,0,0,-1000000,8000000
065350,2024-09-20,-3000000,0,0,0,0,0,0,-34000000,3000000
065350,2024-09-23,0,0,0,0,0,0,0,0,8000000
065350,2024-09-24,-1000000,0,0,0,0,0,0,0,-4000000
065350,2024-09-25,0,0,0,0,0,0,0,-5000000,-1000000
065350,2024-09-26,0,0,0,0,0,0,0,-29000000,7000000
065350,2024-09-27,-1000000,0,0,0,0,0,0,-6000000,-13000000
065350,2024-09-30,5000000,-21000000,0,0,0,0,0,-1000000,-19000000
065350,2024-10-02,2000000,0,0,0,0,0,0,17000000,-39000000
065350,2024-10-04,0,0,0,0,0,0,0,0,-2000000
065350,2024-10-07,0,0,0,0,0,0,0,4000000,-14000000
065350,2024-10-08,-2000000,0,0,0,0,0,0,0,4000000
065350,2024-10-10,-1000000,0,0,0,0,-1000000,0,-7000000,16000000
065350,2024-10-11,0,0,0,0,0,0,0,0,3000000
065350,2024-10-14,0,0,0,0,0,0,0,1000000,6000000
065350,2024-10-15,0,0,0,0,0,0,0,-28000000,-4000000
065350,2024-10-16,0,0,0,0,0,0,0,2000000,-26000000
065350,2024-10-17,4000000,0,0,0,0,0,0,158000000,134000000
065350,2024-10-18,-3000000,0,0,0,0,0,0,-29000000,-4000000
065350,2024-10-21,-1000000,0,0,0,0,0,0,-14000000,-77000000
065350,2024-10-22,0,0,0,0,0,0,0,8000000,0
065350,2024-10-23,0,0,0,0,0,6000000,0,0,0
065350,2024-10-24,0,0,0,0,0,0,0,-49000000,6000000
065350,2024-10-25,0,0,0,0,0,0,0,0,7000000
065350,2024-10-28,-1000000,0,0,0,0,0,0,0,-2000000
065350,2024-10-29,-44000000,0,0,0,0,0,0,31000000,14000000
065350,2024-10-30,-54000000,0,0,0,0,0,0,0,14000000
065350,2024-10-31,3000000,0,0,0,0,0,0,1000000,10000000
065350,2024-11-01,1000000,0,0,0,0,0,0,0,-3000000
065350,2024-11-04,-99000000,0,0,0,0,0,0,-31000000,6000000
065350,2024-11-05,0,26000000,0,0,0,0,0,0,-9000000
065350,2024-11-06,-33000000,0,0,0,0,0,0,1000000,-61000000
065350,2024-11-07,0,0,0,0,0,0,0,0,4000000
065350,2024-11-08,0,0,0,0,0,-1000000,0,4000000,0
065350,2024-11-11,-1000000,0,0,0,0,0,0,-8000000,-20000000
065350,2024-11-12,0,0,0,0,0,0,0,-28000000,28000000
065350,2024-11-13,-146000000,0,0,0,0,0,0,0,7000000
065350,2024-11-14,-23000000,0,0,0,0,0,0,7000000,49000000
065350,2024-11-15,0,0,0,0,0,0,0,-16000000,12000000
065350,2024-11-18,6000000,0,0,0,0,0,0,94000000,-17000000
065350,2024-11-19,-3000000,0,0,0,0,0,0,58000000,-27000000
065350,2024-11-20,-4000000,0,0,0,0,0,0,58000000,-3000000
065350,2024-11-21,-8000000,0,0,0,0,0,0,-28000000,47000000
065350,2024-11-22,-2000000,2000000,262000000,0,0,9000000,0,231000000,324000000
065350,2024-11-25,2000000,17000000,227000000,44000000,0,0,0,-292000000,-129000000
065350,2024-11-26,-51000000,0,161000000,-22000000,0,38000000,0,-16000000,-2000000
065350,2024-11-27,-55000000,0,0,0,0,0,0,-20000000,39000000
065350,2024-11-28,0,0,0,0,0,0,0,11000000,4000000
065350,2024-11-29,-2000000,0,0,0,0,91000000,0,234000000,-73000000
065350,2024-12-02,-9000000,95000000,0,0,0,0,0,-374000000,47000000
065350,2024-12-03,1000000,0,0,-55000000,0,0,0,168000000,1063000000
065350,2024-12-04,0,0,0,0,0,0,0,-142000000,0
065350,2024-12-05,0,0,0,0,0,0,0,-89000000,7000000
065350,2024-12-06,-1000000,0,-242000000,0,0,0,0,55000000,14000000
065350,2024-12-09,-1000000,0,0,0,0,0,0,-28000000,-42000000
065350,2024-12-10,-3000000,0,-11000000,71000000,0,-6000000,0,-127000000,-16000000
065350,2024-12-11,-5000000,1205000000,444000000,8053000000,0,-7000000,0,-503000000,100000000
065350,2024-12-12,-7034000000,39994000000,3263000000,-4544000000,0,0,0,-731000000,-63000000
065350,2024-12-13,-575000000,311000000,503000000,-1047000000,0,-26000000,0,185000000,109000000
065350,2024-12-16,-1166000000,168000000,1049000000,1578000000,0,-23000000,0,226000000,-64000000
065350,2024-12-17,-422000000,1100000000,1083000000,3995000000,0,0,0,275000000,-1000000
065350,2024-12-18,1100000000,204000000,2200000000,-3521000000,0,0,0,-501000000,43000000
065350,2024-12-19,-288000000,-514000000,301000000,-2727000000,0,0,0,115000000,105000000
065350,2024-12-20,147000000,-47000000,174000000,3866000000,0,0,0,-46000000,63000000
065350,2024-12-23,970000000,276000000,548000000,380000000,0,0,0,277000000,118000000
065350,2024-12-24,-351000000,-112000000,708000000,39000000,0,0,0,375000000,19000000
065350,2024-12-26,5377000000,-56000000,382000000,-587000000,0,209000000,0,-534000000,117000000
065350,2024-12-27,-2799000000,-258000000,1007000000,-2804000000,0,0,0,-243000000,10000000
065350,2024-12-30,-1721000000,-39000000,405000000,-162000000,0,0,0,139000000,134000000
065350,2025-01-02,-710000000,-91000000,462000000,-69000000,0,13000000,0,42000000,-31000000
065350,2025-01-03,-252000000,58000000,-190000000,-294000000,0,24000000,0,-66000000,-21000000
065350,2025-01-06,-921000000,854000000,191000000,2235000000,0,-1000000,0,677000000,-25000000
065350,2025-01-07,-2410000000,-14000000,224000000,-929000000,0,0,0,-4915000000,-3097000000
065350,2025-01-08,-474000000,-126000000,42000000,-791000000,0,0,0,46000000,53000000
065350,2025-01-09,-363000000,-51000000,-200000000,-3058000000,0,-45000000,0,141000000,-23000000
065350,2025-01-10,-935000000,-5000000,344000000,-6000000,0,-20000000,0,-74000000,27000000
065350,2025-01-13,-503000000,0,10000000,0,0,-29000000,0,-88000000,-31000000
065350,2025-01-14,82000000,0,135000000,0,0,0,0,32000000,-65000000
065350,2025-01-15,239000000,0,34000000,0,0,0,0,-127000000,89000000
065350,2025-01-16,224000000,0,169000000,18000000,0,0,0,24000000,-7000000
065350,2025-01-17,-224000000,0,0,0,0,0,0,-362000000,18000000
065350,2025-01-20,-574000000,8000000,233000000,0,0,0,0,-201000000,65000000
065350,2025-01-21,22000000,-57000000,474000000,-357000000,0,0,0,-174000000,-22000000
065350,2025-01-22,425000000,0,4000000,0,0,0,0,317000000,-1789000000
065350,2025-01-23,-218000000,0,0,0,0,0,0,-366000000,121000000
065350,2025-01-24,420000000,-41000000,327000000,0,0,0,0,-58000000,-36000000
065350,2025-01-31,178000000,79000000,238000000,33000000,0,0,0,13000000,24000000
065350,2025-02-03,-1178000000,0,0,0,0,0,0,-24000000,67000000
065350,2025-02-04,452000000,0,488000000,-45000000,0,-1000000,0,-19000000,-64000000
065350,2025-02-05,-241000000,0,68000000,0,0,0,0,6000000,-65000000
065350,2025-02-06,-320000000,0,113000000,0,0,0,0,39000000,-1000000
065350,2025-02-07,-675000000,87000000,28000000,-12000000,0,0,0,-22000000,46000000
065350,2025-02-10,-930000000,0,380000000,0,0,0,0,-48000000,-3000000
065350,2025-02-11,-392000000,31000000,52000000,0,0,0,0,5000000,-9000000
065350,2025-02-12,74000000,0,0,0,0,0,0,1000000,-2000000
065350,2025-02-13,204000000,-51000000,33000000,0,0,0,0,-5000000,-7000000
065350,2025-02-14,-167000000,0,48000000,0,0,0,0,33000000,-23000000
065350,2025-02-17,61000000,0,-396000000,0,0,0,0,-28000000,9000000
065350,2025-02-18,-76000000,0,-194000000,0,0,0,0,5000000,-19000000
065350,2025-02-19,140000000,2000000,102000000,0,0,-1000000,0,-42000000,-71000000
065350,2025-02-20,-440000000,0,0,-11000000,0,0,0,-133000000,-11000000
065350,2025-02-21,-66000000,-35000000,0,0,0,0,0,-8000000,-173000000
065350,2025-02-24,-227000000,2000000,73000000,0,0,0,0,-172000000,71000000
065350,2025-02-25,-91000000,0,0,2000000,0,0,0,-7000000,-168000000
065350,2025-02-26,-81000000,0,0,0,0,0,0,-114000000,7000000
065350,2025-02-27,-6000000,-29000000,0,0,0,0,0,-160000000,-32000000
065350,2025-02-28,-413000000,16000000,0,0,0,0,0,-7000000,2000000
065350,2025-03-04,444000000,0,0,0,0,-78000000,0,-27000000,67000000
065350,2025-03-05,-94000000,-6000000,0,0,0,0,0,10000000,-98000000
065350,2025-03-06,29000000,9000000,0,2000000,0,-23000000,0,10000000,25000000
065350,2025-03-07,78000000,19000000,-104000000,0,0,0,0,75000000,-30000000
065350,2025-03-10,-185000000,0,0,0,0,0,0,-1000000,4000000
065350,2025-03-11,-528000000,0,668000000,0,0,0,0,296000000,21000000
065350,2025-03-12,-330000000,0,67000000,0,0,0,0,20000000,143000000
065350,2025-03-13,-2072000000,0,807000000,0,0,0,0,9000000,39000000
065350,2025-03-14,45000000,-20000000,0,0,0,0,0,-11000000,2000000
065350,2025-03-17,-516000000,0,0,0,0,0,0,-208000000,-150000000
065350,2025-03-18,43000000,0,0,0,0,0,0,14000000,-21000000
065350,2025-03-19,398000000,0,-456000000,0,0,0,0,9000000,-2000000
065350,2025-03-20,646000000,0,0,2000000,0,0,0,118000000,3000000
065350,2025-03-21,1755000000,0,-371000000,33000000,0,0,0,-69000000,3000000
065350,2025-03-24,123000000,0,0,-2000000,0,0,0,2000000,-58000000
065350,2025-03-25,-293000000,8000000,-273000000,0,0,0,0,68000000,14000000
065350,2025-03-26,731000000,0,53000000,281000000,0,0,0,-7000000,51000000
065350,2025-03-27,185000000,0,-285000000,0,0,0,0,-39000000,8000000
065350,2025-03-28,603000000,0,0,0,0,0,0,-34000000,-2000000
065350,2025-03-31,1244000000,-126000000,-100000000,-1333000000,0,0,0,12000000,-15000000
065350,2025-04-01,1362000000,101000000,76000000,0,0,0,0,16000000,1000000
065350,2025-04-02,207000000,0,0,-149000000,0,0,0,-42000000,-20000000
065350,2025-04-03,37000000,26000000,0,0,0,0,0,12000000,-50000000
065350,2025-04-04,1252000000,-70000000,-103000000,-5000000,0,0,0,7000000,2000000
065350,2025-04-07,573000000,0,-111000000,-123000000,0,1000000,0,-39000000,-65000000
065350,2025-04-08,877000000,9000000,-12000000,-22000000,0,0,0,-34000000,0
065350,2025-04-09,580000000,-96000000,-339000000,-134000000,0,0,0,-95000000,1000000
065350,2025-04-10,1476000000,160000000,0,-767000000,0,0,0,59000000,-1000000
065350,2025-04-11,-784000000,66000000,174000000,-37000000,0,0,0,6000000,-13000000
065350,2025-04-14,-539000000,0,0,-68000000,0,0,0,8000000,12000000
065350,2025-04-15,-335000000,-33000000,0,-374000000,0,0,0,6000000,0
065350,2025-04-16,-539000000,0,0,33000000,0,0,0,2000000,1000000
065350,2025-04-17,332000000,0,0,16000000,0,0,0,-16000000,0
065350,2025-04-18,-442000000,179000000,0,0,0,0,0,-35000000,3000000
065350,2025-04-21,-493000000,0,4000000,-75000000,0,0,0,13000000,10000000
065350,2025-04-22,7000000,0,0,0,0,0,0,0,-3000000
065350,2025-04-23,26000000,0,179000000,120000000,0,0,0,-37000000,-9000000
065350,2025-04-24,-337000000,39000000,0,-364000000,0,0,0,5000000,-44000000
065350,2025-04-25,-358000000,-28000000,0,0,0,0,0,2000000,0
065350,2025-04-28,-627000000,-1000000,0,0,0,0,0,7000000,6000000
065350,2025-04-29,192000000,0,0,-239000000,0,0,0,4000000,8000000
065350,2025-04-30,-736000000,0,-63000000,0,0,0,0,35000000,1000000
065350,2025-05-02,209000000,0,0,-88000000,0,0,0,-3000000,75000000
065350,2025-05-07,90000000,0,-201000000,-81000000,0,0,0,-4000000,3000000
065350,2025-05-08,51000000,-20000000,0,-4000000,0,0,0,-5000000,11000000
065350,2025-05-09,-131000000,0,-47000000,-270000000,0,0,0,-29000000,0
065350,2025-05-12,448000000,-44000000,11000000,25000000,0,0,0,-20000000,6000000
065350,2025-05-13,16000000,0,-42000000,80000000,0,0,0,15000000,-7000000
065350,2025-05-14,22000000,67000000,30000000,0,0,0,0,-1000000,2000000
065350,2025-05-15,-122000000,0,-434000000,156000000,0,0,0,166000000,1000000
065350,2025-05-16,16000000,0,0,0,0,0,0,-132000000,-40000000
065350,2025-05-19,-392000000,0,0,-6000000,0,0,0,37000000,29000000
065350,2025-05-20,225000000,22000000,15000000,-132000000,0,0,0,-5000000,-22000000
065350,2025-05-21,114000000,0,45000000,-33000000,0,0,0,-42000000,-16000000
065350,2025-05-22,-60000000,363000000,0,-11000000,0,0,0,-1000000,-14000000
065350,2025-05-23,-1000000,0,0,-16000000,0,0,0,0,0
065350,2025-05-26,544000000,0,24000000,9000000,0,0,0,-14000000,5000000
065350,2025-05-27,23000000,-32000000,0,3000000,0,0,0,13000000,-3000000
065350,2025-05-28,198000000,0,-49000000,85000000,0,-1000000,0,10000000,7000000
065350,2025-05-29,529000000,0,-77000000,0,0,0,0,0,-11000000
065350,2025-05-30,49000000,-5000000,14000000,-17000000,0,0,0,-26000000,-39000000
065350,2025-06-02,38000000,-21000000,26000000,-23000000,0,0,0,-38000000,-2000000
065350,2025-06-04,1624000000,33000000,-95000000,11000000,0,0,0,4000000,48000000
065350,2025-06-05,250000000,-98000000,-87000000,0,0,-1000000,0,470000000,-117000000
065350,2025-06-09,-223000000,0,0,22000000,0,0,0,64000000,1000000
065350,2025-06-10,-178000000,1000000,0,0,0,-1000000,0,3000000,0
065350,2025-06-11,553000000,0,0,0,0,0,0,-42000000,0
065350,2025-06-12,-236000000,-514000000,854000000,92000000,0,0,0,280000000,-67000000
065350,2025-06-13,761000000,-1314000000,184000000,15000000,0,-3000000,0,1495000000,-19000000
065350,2025-06-16,486000000,0,0,0,0,0,0,60000000,-4000000
065350,2025-06-17,-360000000,0,0,-131000000,0,-1000000,0,-108000000,18000000
065350,2025-06-18,-209000000,-37000000,-284000000,-24000000,0,0,0,-7000000,52000000
065350,2025-06-19,-100000000,-4000000,0,13000000,0,0,0,-426000000,9000000
065350,2025-06-20,-479000000,127000000,0,-78000000,0,0,0,3000000,-7000000
065350,2025-06-23,-274000000,-1000000,0,-18000000,0,0,0,359000000,5000000
065350,2025-06-24,744000000,0,0,858000000,0,0,0,11000000,0
065350,2025-06-25,-56000000,0,0,-21000000,0,0,0,11000000,1000000
065350,2025-06-26,-271000000,0,0,0,0,0,0,-6000000,-31000000
065350,2025-06-27,-163000000,-6000000,0,-1000000,0,0,0,62000000,8000000
065350,2025-06-30,246000000,0,-352000000,-79000000,0,0,0,-21000000,1000000
065350,2025-07-01,81000000,132000000,0,-3000000,0,0,0,4000000,-56000000
065350,2025-07-02,-79000000,-36000000,0,-58000000,0,0,0,-10000000,-52000000
065350,2025-07-03,-162000000,12000000,0,0,0,0,0,121000000,2000000
065350,2025-07-04,39000000,13000000,0,12000000,0,0,0,36000000,-11000000
065350,2025-07-07,-441000000,-24000000,0,-38000000,0,0,0,20000000,-13000000
065350,2025-07-08,-444000000,49000000,34000000,-22000000,0,0,0,0,-3000000
065350,2025-07-09,-773000000,0,-44000000,-89000000,0,0,0,750000000,66000000
065350,2025-07-10,-699000000,1000000,0,16000000,0,0,0,-514000000,17000000
065350,2025-07-11,-148000000,600000000,0,-18000000,0,0,0,174000000,16000000
065350,2025-07-14,-30000000,-3000000,-59000000,-33000000,0,0,0,-156000000,-8000000
065350,2025-07-15,-531000000,0,0,-47000000,0,0,0,11000000,16000000
065350,2025-07-16,-212000000,32000000,0,-19000000,0,0,0,39000000,-4000000
065350,2025-07-17,-86000000,10000000,0,17000000,0,0,0,80000000,28000000
065350,2025-07-18,231000000,25000000,180000000,-26000000,0,0,0,-4000000,3000000
065350,2025-07-21,397000000,0,308000000,0,0,0,0,116000000,22000000
065350,2025-07-22,-377000000,0,0,-19000000,0,0,0,-23000000,-16000000
065350,2025-07-23,-113000000,158000000,0,-34000000,0,0,0,14000000,6000000
065350,2025-07-24,-34000000,0,0,23000000,0,0,0,67000000,21000000
065350,2025-07-25,-36000000,-1000000,0,196000000,0,0,0,1000000,10000000
065350,2025-07-28,-36000000,-30000000,0,-4000000,0,0,0,0,-48000000
065350,2025-07-29,-164000000,9000000,0,-53000000,0,-13000000,0,104000000,21000000
065350,2025-07-30,-218000000,-16000000,0,-58000000,0,0,0,28000000,-4000000
065350,2025-07-31,-387000000,-37000000,0,-10000000,0,0,0,-71000000,23000000
065350,2025-08-01,-46000000,0,0,0,0,0,0,19000000,97000000
065350,2025-08-04,236000000,13000000,0,26000000,0,0,0,-17000000,-49000000
065350,2025-08-05,-234000000,-5000000,0,-45000000,0,0,0,8000000,-1000000
065350,2025-08-06,183000000,0,0,-42000000,0,32000000,0,0,-2000000
065350,2025-08-07,-86000000,-151000000,0,-134000000,0,30000000,0,-34000000,3000000
065350,2025-08-08,-227000000,-1000000,0,-20000000,0,25000000,0,0,41000000
065350,2025-08-11,-138000000,-39000000,0,-6000000,0,0,0,-24000000,-12000000
065350,2025-08-12,-286000000,0,0,-39000000,0,0,0,80000000,0
065350,2025-08-13,-610000000,0,0,-64000000,0,-1000000,0,33000000,51000000
065350,2025-08-14,-375000000,-23000000,0,-8000000,0,0,0,-20000000,70000000
065350,2025-08-18,-243000000,0,-74000000,-2000000,0,0,0,-48000000,-15000000
065350,2025-08-19,-130000000,-10000000,0,5000000,0,0,0,0,-197000000
065350,2025-08-20,476000000,0,-438000000,-10000000,0,-18000000,0,144000000,-22000000
065350,2025-08-21,-159000000,0,0,-149000000,0,1000000,0,-31000000,30000000
065350,2025-08-22,44000000,0,0,-14000000,0,0,0,10000000,3000000
065350,2025-08-25,-113000000,-3000000,-125000000,-115000000,0,19000000,0,4000000,-1000000
065350,2025-08-26,-685000000,-20000000,0,78000000,0,0,0,8000000,6000000
065350,2025-08-27,-136000000,0,-237000000,0,0,0,0,-33000000,0
065350,2025-08-28,262000000,-5000000,0,-76000000,0,0,0,16000000,1000000
065350,2025-08-29,-150000000,27000000,0,-21000000,0,-3000000,0,-10000000,5000000
065350,2025-09-01,-115000000,-55000000,-135000000,-29000000,0,0,0,93000000,168000000
065350,2025-09-02,27000000,0,29000000,16000000,0,0,0,4000000,-9000000
065350,2025-09-03,-90000000,42000000,0,-138000000,0,0,0,-3000000,7000000
065350,2025-09-04,-119000000,0,0,0,0,0,0,11000000,2000000
065350,2025-09-05,-162000000,-16000000,-139000000,-11000000,0,0,0,12000000,-2000000
065350,2025-09-08,39000000,-33000000,-288000000,-32000000,0,0,0,3000000,52000000
065350,2025-09-09,209000000,26000000,-198000000,-31000000,0,0,0,-51000000,-62000000
065350,2025-09-10,419000000,0,0,-354000000,0,0,0,-14000000,-3000000
065350,2025-09-11,292000000,0,97000000,13000000,0,0,0,2000000,-21000000
065350,2025-09-12,-65000000,-102000000,0,35000000,0,-3000000,0,-6000000,32000000
065350,2025-09-15,-214000000,0,0,-19000000,0,-1000000,0,7000000,26000000
065350,2025-09-16,175000000,21000000,-219000000,-7000000,0,0,0,-33000000,-1000000
065350,2025-09-17,-278000000,1000000,0,52000000,0,0,0,1000000,3000000
065350,2025-09-18,225000000,0,0,129000000,0,0,0,1000000,-219000000
065350,2025-09-19,-164000000,0,0,134000000,0,0,0,152000000,-52000000
065350,2025-09-22,-101000000,0,0,-12000000,0,-75000000,0,-184000000,21000000
065350,2025-09-23,-175000000,0,-2000000,-115000000,0,0,0,19000000,2000000
065350,2025-09-24,-23000000,-1000000,-2000000,-10000000,0,0,0,-50000000,3000000
065350,2025-09-25,46000000,28000000,0,-15000000,0,0,0,0,-15000000
065350,2025-09-26,108000000,0,0,-35000000,0,0,0,40000000,-2000000
065350,2025-09-29,162000000,0,0,-1000000,0,0,0,11000000,2000000
065350,2025-09-30,-126000000,0,0,10000000,0,0,0,67000000,3000000
065350,2025-10-01,-26000000,0,-1000000,-1000000,0,0,0,9000000,-3000000
065350,2025-10-02,-224000000,0,0,19000000,0,-1000000,0,-3000000,-10000000
065350,2025-10-10,-374000000,0,0,67000000,0,0,0,3000000,-5000000
065350,2025-10-13,-264000000,25000000,0,-15000000,0,0,0,-2000000,12000000
065350,2025-10-14,-541000000,1000000,-1000000,-14000000,0,-1000000,0,81000000,-10000000
065350,2025-10-15,5360000000,0,0,-5000000,0,0,0,-8154000000,44000000
065350,2025-10-16,-656000000,50000000,0,12000000,0,10000000,0,74000000,0
065350,2025-10-17,-1595000000,0,0,-24000000,0,0,0,-25000000,-1000000
065350,2025-10-20,-308000000,-2000000,0,-24000000,0,0,0,0,7000000
065350,2025-10-21,-1362000000,-4000000,0,207000000,0,0,0,102000000,42000000
065350,2025-10-22,7568000000,-30000000,0,-4000000,0,0,0,-8131000000,-17000000
065350,2025-10-23,-331000000,0,0,-15000000,0,0,0,-50000000,0
065350,2025-10-24,-1433000000,0,0,-10000000,0,0,0,100000000,1000000
065350,2025-10-27,-2583000000,1000000,0,0,0,0,0,-51000000,8000000
065350,2025-10-28,-495000000,-2000000,0,0,0,0,0,9000000,4000000
065350,2025-10-29,-103000000,0,-76000000,0,0,0,0,5000000,6000000
065350,2025-10-30,-1042000000,0,0,12000000,0,0,0,-5000000,-7000000
065350,2025-10-31,630000000,0,0,13000000,0,0,0,39000000,38000000
065350,2025-11-03,-780000000,314000000,0,22000000,0,0,0,289000000,-4000000
065350,2025-11-04,5000000,0,0,16000000,0,0,0,6000000,5000000
065350,2025-11-05,143000000,-15000000,0,-4000000,0,-1000000,0,140000000,22000000
065350,2025-11-06,-100000000,-20000000,0,-4000000,0,0,0,155000000,-1000000
065350,2025-11-07,260000000,0,0,34000000,0,0,0,-30000000,3000000
065350,2025-11-10,495000000,-1000000,24000000,29000000,0,0,0,-111000000,0
065350,2025-11-11,-43000000,0,0,25000000,0,0,0,6000000,8000000
065350,2025-11-12,-273000000,-22000000,0,-51000000,0,0,0,0,21000000
065350,2025-11-13,-91000000,0,0,10000000,0,0,0,-8000000,-12000000
065350,2025-11-14,-242000000,-24000000,0,13000000,0,0,0,2000000,-5000000
065350,2025-11-17,-64000000,-1000000,0,-13000000,0,0,0,-20000000,12000000
065350,2025-11-18,-187000000,0,0,6000000,0,0,0,0,2000000
065350,2025-11-19,24000000,0,0,0,0,0,0,11000000,10000000
065350,2025-11-20,-415000000,0,0,-85000000,0,0,0,125000000,5000000
065350,2025-11-21,24000000,0,0,-161000000,0,0,0,36000000,0
065350,2025-11-24,303000000,0,23000000,0,0,0,0,-12000000,0
065350,2025-11-25,16000000,-1000000,0,-13000000,0,0,0,33000000,-21000000
065350,2025-11-26,79000000,4000000,0,15000000,0,0,0,2000000,-1000000
065350,2025-11-27,-213000000,-1000000,0,-18000000,0,0,0,0,1000000
065350,2025-11-28,1110000000,0,0,72000000,0,0,0,-5000000,-8000000
065350,2025-12-01,1103000000,0,4000000,231000000,0,0,0,106000000,5000000
065350,2025-12-02,803000000,-1000000,85000000,40000000,0,0,0,19000000,16000000
065350,2025-12-03,182000000,0,70000000,31000000,0,0,0,950000000,-32000000
065350,2025-12-04,657000000,-5000000,18000000,-51000000,0,0,0,191000000,0
065350,2025-12-05,826000000,21000000,-5000000,16000000,0,0,0,-209000000,-44000000
065350,2025-12-08,-192000000,6000000,597000000,-218000000,0,134000000,0,63000000,-7000000
065350,2025-12-09,-308000000,0,0,-27000000,0,0,0,-335000000,21000000
065350,2025-12-10,-158000000,0,-11000000,-122000000,0,0,0,-35000000,-47000000
065350,2025-12-11,-139000000,-1886000000,152000000,41000000,0,0,0,15000000,-6000000
065350,2025-12-12,443000000,-55000000,0,30000000,0,30000000,0,-16000000,4000000
065350,2025-12-15,-282000000,-11000000,0,-51000000,0,0,0,24000000,11000000
065350,2025-12-16,245000000,27000000,-51000000,-144000000,0,0,0,12000000,51000000
065350,2025-12-17,408000000,0,0,7000000,0,0,0,4000000,18000000
065350,2025-12-18,228000000,0,0,-28000000,0,0,0,1000000,-6000000
065350,2025-12-19,714000000,-28000000,23000000,-12000000,0,-24000000,0,0,0
065350,2025-12-22,113000000,2000000,0,243000000,0,-1000000,0,-39000000,-30000000
065350,2025-12-23,194000000,0,-85000000,0,0,-41000000,0,55000000,6000000
065350,2025-12-24,536000000,0,0,0,0,-61000000,0,-137000000,4000000
065350,2025-12-26,1156000000,-10000000,0,-10000000,0,0,0,-55000000,-3000000
065350,2025-12-29,-21000000,0,0,-3000000,0,0,0,-11000000,-11000000
065350,2025-12-30,-301000000,0,0,0,0,0,0,1000000,-2000000
