ticker,trade_date,eps,bps,per,pbr
010950,2020-01-02,2216,55480,41.47,1.66
010950,2020-01-03,2216,55480,42.19,1.69
010950,2020-01-06,2216,55480,42.15,1.68
010950,2020-01-07,2216,55480,41.47,1.66
010950,2020-01-08,2216,55480,39.76,1.59
010950,2020-01-09,2216,55480,39.44,1.58
010950,2020-01-10,2216,55480,39.35,1.57
010950,2020-01-13,2216,55480,38.67,1.54
010950,2020-01-14,2216,55480,38.49,1.54
010950,2020-01-15,2216,55480,38.58,1.54
010950,2020-01-16,2216,55480,37.86,1.51
010950,2020-01-17,2216,55480,37.95,1.52
010950,2020-01-20,2216,55480,37.77,1.51
010950,2020-01-21,2216,55480,37.59,1.5
010950,2020-01-22,2216,55480,37.41,1.49
010950,2020-01-23,2216,55480,36.51,1.46
010950,2020-01-28,2216,55480,34.48,1.38
010950,2020-01-29,2216,55480,34.84,1.39
010950,2020-01-30,2216,55480,34.21,1.37
010950,2020-01-31,2216,55480,34.39,1.37
010950,2020-02-03,2216,55480,33.17,1.32
010950,2020-02-04,2216,55480,33.12,1.32
010950,2020-02-05,2216,55480,33.94,1.36
010950,2020-02-06,2216,55480,35.11,1.4
010950,2020-02-07,2216,55480,34.61,1.38
010950,2020-02-10,2216,55480,35.02,1.4
010950,2020-02-11,2216,55480,35.74,1.43
010950,2020-02-12,2216,55480,35.02,1.4
010950,2020-02-13,2216,55480,35.02,1.4
010950,2020-02-14,2216,55480,34.39,1.37
010950,2020-02-17,2216,55480,35.11,1.4
010950,2020-02-18,2216,55480,35.15,1.4
010950,2020-02-19,2216,55480,34.66,1.38
010950,2020-02-20,2216,55480,34.34,1.37
010950,2020-02-21,2216,55480,33.48,1.34
010950,2020-02-24,2216,55480,32.31,1.29
010950,2020-02-25,2216,55480,32.13,1.28
010950,2020-02-26,2216,55480,31.81,1.27
010950,2020-02-27,2216,55480,31.05,1.24
010950,2020-02-28,2216,55480,30.05,1.2
010950,2020-03-02,2216,55480,30.1,1.2
010950,2020-03-03,2216,55480,30.73,1.23
010950,2020-03-04,2216,55480,30.46,1.22
010950,2020-03-05,2216,55480,30.6,1.22
010950,2020-03-06,2216,55480,29.02,1.16
010950,2020-03-09,2216,55480,26.17,1.05
010950,2020-03-10,2216,55480,27.66,1.1
010950,2020-03-11,2216,55480,28.2,1.13
010950,2020-03-12,2216,55480,26.62,1.06
010950,2020-03-13,2216,55480,25.68,1.03
010950,2020-03-16,2216,55480,25.27,1.01
010950,2020-03-17,2216,55480,26.08,1.04
010950,2020-03-18,2216,55480,26.04,1.04
010950,2020-03-19,2216,55480,22.52,0.9
010950,2020-03-20,2216,55480,23.78,0.95
010950,2020-03-23,2216,55480,21.89,0.87
010950,2020-03-24,2216,55480,23.19,0.93
010950,2020-03-25,2216,55480,26.26,1.05
010950,2020-03-26,2216,55480,25.23,1.01
010950,2020-03-27,2216,55480,25.5,1.02
010950,2020-03-30,2216,55480,25.09,1.0
010950,2020-03-31,2216,55480,25.77,1.03
010950,2020-04-01,2216,55480,24.82,0.99
010950,2020-04-02,2216,55480,29.78,1.19
010950,2020-04-03,2216,55480,28.34,1.13
010950,2020-04-06,2216,55480,30.64,1.22
010950,2020-04-07,2216,55480,30.87,1.23
010950,2020-04-08,2216,55480,30.55,1.22
010950,2020-04-09,2216,55480,31.54,1.26
010950,2020-04-10,2216,55480,31.0,1.24
010950,2020-04-13,2216,55480,29.74,1.19
010950,2020-04-14,2216,55480,30.42,1.21
010950,2020-04-16,2216,55480,29.83,1.19
010950,2020-04-17,2216,55480,30.32,1.21
010950,2020-04-20,2216,55480,30.14,1.2
010950,2020-04-21,2216,55480,30.82,1.23
010950,2020-04-22,2216,55480,30.64,1.22
010950,2020-04-23,2216,55480,32.4,1.29
010950,2020-04-24,2216,55480,31.72,1.27
010950,2020-04-27,2216,55480,32.27,1.29
010950,2020-04-28,2216,55480,31.0,1.24
010950,2020-04-29,2216,55480,31.59,1.26
010950,2020-05-04,561,55715,121.57,1.22
010950,2020-05-06,561,55715,124.42,1.25
010950,2020-05-07,561,55715,122.82,1.24
010950,2020-05-08,561,55715,122.99,1.24
010950,2020-05-11,561,55715,121.75,1.23
010950,2020-05-12,561,55715,118.18,1.19
010950,2020-05-13,561,55715,118.54,1.19
010950,2020-05-14,561,55715,114.26,1.15
010950,2020-05-15,561,55715,118.0,1.19
010950,2020-05-18,561,55715,119.07,1.2
010950,2020-05-19,561,55715,129.06,1.3
010950,2020-05-20,561,55715,126.38,1.27
010950,2020-05-21,561,55715,126.56,1.27
010950,2020-05-22,561,55715,122.99,1.24
010950,2020-05-25,561,55715,122.64,1.23
010950,2020-05-26,561,55715,129.23,1.3
010950,2020-05-27,561,55715,127.81,1.29
010950,2020-05-28,561,55715,126.38,1.27
010950,2020-05-29,561,55715,126.02,1.27
010950,2020-06-01,561,55715,129.77,1.31
010950,2020-06-02,561,55715,131.73,1.33
010950,2020-06-03,561,55715,136.9,1.38
010950,2020-06-04,561,55715,135.47,1.36
010950,2020-06-05,561,55715,136.01,1.37
010950,2020-06-08,561,55715,136.9,1.38
010950,2020-06-09,561,55715,133.87,1.35
010950,2020-06-10,561,55715,131.91,1.33
010950,2020-06-11,561,55715,127.09,1.28
010950,2020-06-12,561,55715,123.17,1.24
010950,2020-06-15,561,55715,117.65,1.18
010950,2020-06-16,561,55715,121.57,1.22
010950,2020-06-17,561,55715,121.21,1.22
010950,2020-06-18,561,55715,120.68,1.22
010950,2020-06-19,561,55715,121.03,1.22
010950,2020-06-22,561,55715,119.25,1.2
010950,2020-06-23,561,55715,118.72,1.2
010950,2020-06-24,561,55715,119.07,1.2
010950,2020-06-25,561,55715,116.22,1.17
010950,2020-06-26,561,55715,115.15,1.16
010950,2020-06-29,561,55715,111.59,1.12
010950,2020-06-30,561,55715,113.19,1.14
010950,2020-07-01,561,55715,111.41,1.12
010950,2020-07-02,561,55715,114.08,1.15
010950,2020-07-03,561,55715,114.08,1.15
010950,2020-07-06,561,55715,114.08,1.15
010950,2020-07-07,561,55715,114.08,1.15
010950,2020-07-08,561,55715,112.83,1.14
010950,2020-07-09,561,55715,113.19,1.14
010950,2020-07-10,561,55715,109.98,1.11
010950,2020-07-13,561,55715,112.48,1.13
010950,2020-07-14,561,55715,110.7,1.11
010950,2020-07-15,561,55715,113.19,1.14
010950,2020-07-16,561,55715,113.9,1.15
010950,2020-07-17,561,55715,112.83,1.14
010950,2020-07-20,561,55715,111.41,1.12
010950,2020-07-21,561,55715,112.3,1.13
010950,2020-07-22,561,55715,112.3,1.13
010950,2020-07-23,561,55715,110.87,1.12
010950,2020-07-24,561,55715,109.98,1.11
010950,2020-07-27,561,55715,109.09,1.1
010950,2020-07-28,561,55715,109.8,1.11
010950,2020-07-29,561,55715,109.98,1.11
010950,2020-07-30,561,55715,109.63,1.1
010950,2020-07-31,561,55715,108.73,1.09
010950,2020-08-03,561,55715,106.77,1.08
010950,2020-08-04,561,55715,106.95,1.08
010950,2020-08-05,561,55715,108.91,1.1
010950,2020-08-06,561,55715,110.16,1.11
010950,2020-08-07,561,55715,111.05,1.12
010950,2020-08-10,561,55715,109.45,1.1
010950,2020-08-11,561,55715,114.08,1.15
010950,2020-08-12,561,55715,114.62,1.15
010950,2020-08-13,561,55715,113.37,1.14
010950,2020-08-14,561,55715,113.37,1.14
010950,2020-08-18,561,55715,108.91,1.1
010950,2020-08-19,561,55715,107.84,1.09
010950,2020-08-20,561,55715,103.57,1.04
010950,2020-08-21,561,55715,104.28,1.05
010950,2020-08-24,561,55715,103.21,1.04
010950,2020-08-25,561,55715,106.42,1.07
010950,2020-08-26,561,55715,104.46,1.05
010950,2020-08-27,561,55715,102.32,1.03
010950,2020-08-28,561,55715,102.32,1.03
010950,2020-08-31,561,55715,100.71,1.01
010950,2020-09-01,561,55715,101.43,1.02
010950,2020-09-02,561,55715,102.14,1.03
010950,2020-09-03,561,55715,102.32,1.03
010950,2020-09-04,561,55715,101.43,1.02
010950,2020-09-07,561,55715,101.25,1.02
010950,2020-09-08,561,55715,101.96,1.03
010950,2020-09-09,561,55715,99.82,1.01
010950,2020-09-10,561,55715,99.64,1.0
010950,2020-09-11,561,55715,98.93,1.0
010950,2020-09-14,561,55715,99.64,1.0
010950,2020-09-15,561,55715,98.75,0.99
010950,2020-09-16,561,55715,99.11,1.0
010950,2020-09-17,561,55715,98.04,0.99
010950,2020-09-18,561,55715,97.33,0.98
010950,2020-09-21,561,55715,95.9,0.97
010950,2020-09-22,561,55715,92.34,0.93
010950,2020-09-23,561,55715,91.8,0.92
010950,2020-09-24,561,55715,89.66,0.9
010950,2020-09-25,561,55715,90.73,0.91
010950,2020-09-28,561,55715,90.91,0.92
010950,2020-09-29,561,55715,91.98,0.93
010950,2020-10-05,561,55715,96.43,0.97
010950,2020-10-06,561,55715,95.37,0.96
010950,2020-10-07,561,55715,99.64,1.0
010950,2020-10-08,561,55715,100.89,1.02
010950,2020-10-12,561,55715,102.85,1.04
010950,2020-10-13,561,55715,103.39,1.04
010950,2020-10-14,561,55715,101.07,1.02
010950,2020-10-15,561,55715,100.89,1.02
010950,2020-10-16,561,55715,101.07,1.02
010950,2020-10-19,561,55715,103.21,1.04
010950,2020-10-20,561,55715,101.43,1.02
010950,2020-10-21,561,55715,103.74,1.04
010950,2020-10-22,561,55715,103.21,1.04
010950,2020-10-23,561,55715,103.92,1.05
010950,2020-10-26,561,55715,103.57,1.04
010950,2020-10-27,561,55715,101.6,1.02
010950,2020-10-28,561,55715,101.43,1.02
010950,2020-10-29,561,55715,99.11,1.0
010950,2020-10-30,561,55715,96.79,0.97
010950,2020-11-02,561,55715,98.04,0.99
010950,2020-11-03,561,55715,101.25,1.02
010950,2020-11-04,561,55715,100.53,1.01
010950,2020-11-05,561,55715,101.96,1.03
010950,2020-11-06,561,55715,101.78,1.02
010950,2020-11-09,561,55715,103.21,1.04
010950,2020-11-10,561,55715,118.36,1.19
010950,2020-11-11,561,55715,118.89,1.2
010950,2020-11-12,561,55715,115.33,1.16
010950,2020-11-13,561,55715,113.73,1.15
010950,2020-11-16,561,55715,119.07,1.2
010950,2020-11-17,561,55715,118.72,1.2
010950,2020-11-18,561,55715,119.79,1.21
010950,2020-11-19,561,55715,116.04,1.17
010950,2020-11-20,561,55715,117.11,1.18
010950,2020-11-23,561,55715,118.54,1.19
010950,2020-11-24,561,55715,126.56,1.27
010950,2020-11-25,561,55715,126.92,1.28
010950,2020-11-26,561,55715,127.27,1.28
010950,2020-11-27,561,55715,125.67,1.27
010950,2020-11-30,561,55715,124.06,1.25
010950,2020-12-01,561,55715,124.78,1.26
010950,2020-12-02,561,55715,126.2,1.27
010950,2020-12-03,561,55715,126.92,1.28
010950,2020-12-04,561,55715,125.13,1.26
010950,2020-12-07,561,55715,126.02,1.27
010950,2020-12-08,561,55715,124.6,1.25
010950,2020-12-09,561,55715,127.81,1.29
010950,2020-12-10,561,55715,128.34,1.29
010950,2020-12-11,561,55715,130.66,1.32
010950,2020-12-14,561,55715,127.45,1.28
010950,2020-12-15,561,55715,128.34,1.29
010950,2020-12-16,561,55715,126.74,1.28
010950,2020-12-17,561,55715,126.92,1.28
010950,2020-12-18,561,55715,125.85,1.27
010950,2020-12-21,561,55715,125.13,1.26
010950,2020-12-22,561,55715,123.53,1.24
010950,2020-12-23,561,55715,120.68,1.22
010950,2020-12-24,561,55715,122.99,1.24
010950,2020-12-28,561,55715,121.39,1.22
010950,2020-12-29,561,55715,121.21,1.22
010950,2020-12-30,561,55715,123.35,1.24
010950,2021-01-04,561,55715,125.31,1.26
010950,2021-01-05,561,55715,126.2,1.27
010950,2021-01-06,561,55715,131.37,1.32
010950,2021-01-07,561,55715,133.69,1.35
010950,2021-01-08,561,55715,134.05,1.35
010950,2021-01-11,561,55715,130.12,1.31
010950,2021-01-12,561,55715,133.87,1.35
010950,2021-01-13,561,55715,139.57,1.41
010950,2021-01-14,561,55715,138.5,1.39
010950,2021-01-15,561,55715,134.22,1.35
010950,2021-01-18,561,55715,128.88,1.3
010950,2021-01-19,561,55715,131.19,1.32
010950,2021-01-20,561,55715,129.77,1.31
010950,2021-01-21,561,55715,131.73,1.33
010950,2021-01-22,561,55715,130.12,1.31
010950,2021-01-25,561,55715,129.41,1.3
010950,2021-01-26,561,55715,126.02,1.27
010950,2021-01-27,561,55715,126.2,1.27
010950,2021-01-28,561,55715,125.13,1.26
010950,2021-01-29,561,55715,121.57,1.22
010950,2021-02-01,561,55715,123.35,1.24
010950,2021-02-02,561,55715,128.16,1.29
010950,2021-02-03,561,55715,127.81,1.29
010950,2021-02-04,561,55715,131.19,1.32
010950,2021-02-05,561,55715,132.98,1.34
010950,2021-02-08,561,55715,142.96,1.44
010950,2021-02-09,561,55715,144.74,1.46
010950,2021-02-10,561,55715,147.42,1.48
010950,2021-02-15,561,55715,158.11,1.59
010950,2021-02-16,561,55715,157.22,1.58
010950,2021-02-17,561,55715,160.43,1.62
010950,2021-02-18,561,55715,152.05,1.53
010950,2021-02-19,561,55715,150.8,1.52
010950,2021-02-22,561,55715,154.37,1.55
010950,2021-02-23,561,55715,160.78,1.62
010950,2021-02-24,561,55715,149.2,1.5
010950,2021-02-25,561,55715,156.86,1.58
010950,2021-02-26,561,55715,151.52,1.53
010950,2021-03-02,561,55715,150.8,1.52
010950,2021-03-03,561,55715,152.41,1.53
010950,2021-03-04,561,55715,154.37,1.55
010950,2021-03-05,561,55715,154.72,1.56
010950,2021-03-08,561,55715,157.04,1.58
010950,2021-03-09,561,55715,156.86,1.58
010950,2021-03-10,561,55715,149.91,1.51
010950,2021-03-11,561,55715,151.34,1.52
010950,2021-03-12,561,55715,152.41,1.53
010950,2021-03-15,561,55715,150.45,1.51
010950,2021-03-16,561,55715,148.31,1.49
010950,2021-03-17,561,55715,145.81,1.47
010950,2021-03-18,561,55715,145.99,1.47
010950,2021-03-19,561,55715,141.18,1.42
010950,2021-03-22,561,55715,145.28,1.46
010950,2021-03-23,561,55715,142.96,1.44
010950,2021-03-24,561,55715,140.29,1.41
010950,2021-03-25,561,55715,141.18,1.42
010950,2021-03-26,561,55715,144.92,1.46
010950,2021-03-29,561,55715,143.49,1.44
010950,2021-03-30,561,55715,147.24,1.48
010950,2021-03-31,561,55715,144.74,1.46
010950,2021-04-01,561,55715,143.14,1.44
010950,2021-04-02,561,55715,144.74,1.46
010950,2021-04-05,561,55715,143.32,1.44
010950,2021-04-06,561,55715,141.89,1.43
010950,2021-04-07,561,55715,142.78,1.44
010950,2021-04-08,561,55715,142.07,1.43
010950,2021-04-09,561,55715,140.64,1.42
010950,2021-04-12,561,55715,139.39,1.4
010950,2021-04-13,561,55715,138.68,1.4
010950,2021-04-14,561,55715,142.42,1.43
010950,2021-04-15,561,55715,140.64,1.42
010950,2021-04-16,561,55715,141.18,1.42
010950,2021-04-19,561,55715,139.39,1.4
010950,2021-04-20,561,55715,140.82,1.42
010950,2021-04-21,561,55715,137.97,1.39
010950,2021-04-22,561,55715,140.29,1.41
010950,2021-04-23,561,55715,139.04,1.4
010950,2021-04-26,561,55715,150.27,1.51
010950,2021-04-27,561,55715,150.8,1.52
010950,2021-04-28,561,55715,157.75,1.59
010950,2021-04-29,561,55715,156.86,1.58
010950,2021-04-30,561,55715,155.26,1.56
010950,2021-05-03,0,48733,0.0,1.84
010950,2021-05-04,0,48733,0.0,1.88
010950,2021-05-06,0,48733,0.0,1.96
010950,2021-05-07,0,48733,0.0,1.94
010950,2021-05-10,0,48733,0.0,1.98
010950,2021-05-11,0,48733,0.0,2.01
010950,2021-05-12,0,48733,0.0,1.98
010950,2021-05-13,0,48733,0.0,1.96
010950,2021-05-14,0,48733,0.0,1.97
010950,2021-05-17,0,48733,0.0,2.0
010950,2021-05-18,0,48733,0.0,2.05
010950,2021-05-20,0,48733,0.0,1.98
010950,2021-05-21,0,48733,0.0,1.93
010950,2021-05-24,0,48733,0.0,1.94
010950,2021-05-25,0,48733,0.0,1.97
010950,2021-05-26,0,48733,0.0,2.0
010950,2021-05-27,0,48733,0.0,1.95
010950,2021-05-28,0,48733,0.0,1.95
010950,2021-05-31,0,48733,0.0,1.92
010950,2021-06-01,0,48733,0.0,2.05
010950,2021-06-02,0,48733,0.0,2.1
010950,2021-06-03,0,48733,0.0,2.12
010950,2021-06-04,0,48733,0.0,2.15
010950,2021-06-07,0,48733,0.0,2.1
010950,2021-06-08,0,48733,0.0,2.07
010950,2021-06-09,0,48733,0.0,2.12
010950,2021-06-10,0,48733,0.0,2.12
010950,2021-06-11,0,48733,0.0,2.07
010950,2021-06-14,0,48733,0.0,2.1
010950,2021-06-15,0,48733,0.0,2.16
010950,2021-06-16,0,48733,0.0,2.14
010950,2021-06-17,0,48733,0.0,2.13
010950,2021-06-18,0,48733,0.0,2.05
010950,2021-06-21,0,48733,0.0,2.06
010950,2021-06-22,0,48733,0.0,2.14
010950,2021-06-23,0,48733,0.0,2.08
010950,2021-06-24,0,48733,0.0,2.07
010950,2021-06-25,0,48733,0.0,2.13
010950,2021-06-28,0,48733,0.0,2.18
010950,2021-06-29,0,48733,0.0,2.1
010950,2021-06-30,0,48733,0.0,2.1
010950,2021-07-01,0,48733,0.0,2.07
010950,2021-07-02,0,48733,0.0,2.16
010950,2021-07-05,0,48733,0.0,2.16
010950,2021-07-06,0,48733,0.0,2.26
010950,2021-07-07,0,48733,0.0,2.16
010950,2021-07-08,0,48733,0.0,2.07
010950,2021-07-09,0,48733,0.0,2.09
010950,2021-07-12,0,48733,0.0,2.15
010950,2021-07-13,0,48733,0.0,2.12
010950,2021-07-14,0,48733,0.0,2.09
010950,2021-07-15,0,48733,0.0,2.08
010950,2021-07-16,0,48733,0.0,2.03
010950,2021-07-19,0,48733,0.0,2.0
010950,2021-07-20,0,48733,0.0,1.97
010950,2021-07-21,0,48733,0.0,1.94
010950,2021-07-22,0,48733,0.0,1.98
010950,2021-07-23,0,48733,0.0,1.98
010950,2021-07-26,0,48733,0.0,1.98
010950,2021-07-27,0,48733,0.0,2.02
010950,2021-07-28,0,48733,0.0,2.07
010950,2021-07-29,0,48733,0.0,2.07
010950,2021-07-30,0,48733,0.0,2.02
010950,2021-08-02,0,48733,0.0,2.02
010950,2021-08-03,0,48733,0.0,2.0
010950,2021-08-04,0,48733,0.0,2.03
010950,2021-08-05,0,48733,0.0,2.03
010950,2021-08-06,0,48733,0.0,1.99
010950,2021-08-09,0,48733,0.0,1.94
010950,2021-08-10,0,48733,0.0,1.92
010950,2021-08-11,0,48733,0.0,1.96
010950,2021-08-12,0,48733,0.0,1.95
010950,2021-08-13,0,48733,0.0,1.92
010950,2021-08-17,0,48733,0.0,1.89
010950,2021-08-18,0,48733,0.0,1.9
010950,2021-08-19,0,48733,0.0,1.8
010950,2021-08-20,0,48733,0.0,1.79
010950,2021-08-23,0,48733,0.0,1.82
010950,2021-08-24,0,48733,0.0,1.86
010950,2021-08-25,0,48733,0.0,1.88
010950,2021-08-26,0,48733,0.0,1.87
010950,2021-08-27,0,48733,0.0,1.86
010950,2021-08-30,0,48733,0.0,1.94
010950,2021-08-31,0,48733,0.0,1.95
010950,2021-09-01,0,48733,0.0,1.9
010950,2021-09-02,0,48733,0.0,1.88
010950,2021-09-03,0,48733,0.0,1.9
010950,2021-09-06,0,48733,0.0,1.89
010950,2021-09-07,0,48733,0.0,1.95
010950,2021-09-08,0,48733,0.0,2.03
010950,2021-09-09,0,48733,0.0,1.98
010950,2021-09-10,0,48733,0.0,1.98
010950,2021-09-13,0,48733,0.0,2.03
010950,2021-09-14,0,48733,0.0,2.06
010950,2021-09-15,0,48733,0.0,2.07
010950,2021-09-16,0,48733,0.0,2.08
010950,2021-09-17,0,48733,0.0,2.08
010950,2021-09-23,0,48733,0.0,2.13
010950,2021-09-24,0,48733,0.0,2.15
010950,2021-09-27,0,48733,0.0,2.25
010950,2021-09-28,0,48733,0.0,2.36
010950,2021-09-29,0,48733,0.0,2.3
010950,2021-09-30,0,48733,0.0,2.26
010950,2021-10-01,0,48733,0.0,2.27
010950,2021-10-05,0,48733,0.0,2.31
010950,2021-10-06,0,48733,0.0,2.29
010950,2021-10-07,0,48733,0.0,2.22
010950,2021-10-08,0,48733,0.0,2.18
010950,2021-10-12,0,48733,0.0,2.31
010950,2021-10-13,0,48733,0.0,2.27
010950,2021-10-14,0,48733,0.0,2.23
010950,2021-10-15,0,48733,0.0,2.22
010950,2021-10-18,0,48733,0.0,2.23
010950,2021-10-19,0,48733,0.0,2.18
010950,2021-10-20,0,48733,0.0,2.13
010950,2021-10-21,0,48733,0.0,2.16
010950,2021-10-22,0,48733,0.0,2.09
010950,2021-10-25,0,48733,0.0,2.2
010950,2021-10-26,0,48733,0.0,2.16
010950,2021-10-27,0,48733,0.0,2.19
010950,2021-10-28,0,48733,0.0,2.08
010950,2021-10-29,0,48733,0.0,2.1
010950,2021-11-01,0,48733,0.0,2.08
010950,2021-11-02,0,48733,0.0,2.1
010950,2021-11-03,0,48733,0.0,2.05
010950,2021-11-04,0,48733,0.0,2.04
010950,2021-11-05,0,48733,0.0,2.06
010950,2021-11-08,0,48733,0.0,2.07
010950,2021-11-09,0,48733,0.0,2.05
010950,2021-11-10,0,48733,0.0,2.0
010950,2021-11-11,0,48733,0.0,1.97
010950,2021-11-12,0,48733,0.0,1.98
010950,2021-11-15,0,48733,0.0,1.98
010950,2021-11-16,0,48733,0.0,1.94
010950,2021-11-17,0,48733,0.0,1.86
010950,2021-11-18,0,48733,0.0,1.81
010950,2021-11-19,0,48733,0.0,1.82
010950,2021-11-22,0,48733,0.0,1.78
010950,2021-11-23,0,48733,0.0,1.8
010950,2021-11-24,0,48733,0.0,1.83
010950,2021-11-25,0,48733,0.0,1.8
010950,2021-11-26,0,48733,0.0,1.74
010950,2021-11-29,0,48733,0.0,1.71
010950,2021-11-30,0,48733,0.0,1.64
010950,2021-12-01,0,48733,0.0,1.71
010950,2021-12-02,0,48733,0.0,1.74
010950,2021-12-03,0,48733,0.0,1.78
010950,2021-12-06,0,48733,0.0,1.84
010950,2021-12-07,0,48733,0.0,1.86
010950,2021-12-08,0,48733,0.0,1.81
010950,2021-12-09,0,48733,0.0,1.84
010950,2021-12-10,0,48733,0.0,1.81
010950,2021-12-13,0,48733,0.0,1.81
010950,2021-12-14,0,48733,0.0,1.81
010950,2021-12-15,0,48733,0.0,1.82
010950,2021-12-16,0,48733,0.0,1.83
010950,2021-12-17,0,48733,0.0,1.82
010950,2021-12-20,0,48733,0.0,1.78
010950,2021-12-21,0,48733,0.0,1.79
010950,2021-12-22,0,48733,0.0,1.79
010950,2021-12-23,0,48733,0.0,1.82
010950,2021-12-24,0,48733,0.0,1.82
010950,2021-12-27,0,48733,0.0,1.79
010950,2021-12-28,0,48733,0.0,1.83
010950,2021-12-29,0,48733,0.0,1.8
010950,2021-12-30,0,48733,0.0,1.76
010950,2022-01-03,0,48733,0.0,1.76
010950,2022-01-04,0,48733,0.0,1.85
010950,2022-01-05,0,48733,0.0,1.85
010950,2022-01-06,0,48733,0.0,1.9
010950,2022-01-07,0,48733,0.0,2.0
010950,2022-01-10,0,48733,0.0,1.99
010950,2022-01-11,0,48733,0.0,1.94
010950,2022-01-12,0,48733,0.0,1.98
010950,2022-01-13,0,48733,0.0,1.96
010950,2022-01-14,0,48733,0.0,1.94
010950,2022-01-17,0,48733,0.0,1.92
010950,2022-01-18,0,48733,0.0,1.88
010950,2022-01-19,0,48733,0.0,1.95
010950,2022-01-20,0,48733,0.0,1.87
010950,2022-01-21,0,48733,0.0,1.83
010950,2022-01-24,0,48733,0.0,1.84
010950,2022-01-25,0,48733,0.0,1.77
010950,2022-01-26,0,48733,0.0,1.83
010950,2022-01-27,0,48733,0.0,1.75
010950,2022-01-28,0,48733,0.0,1.85
010950,2022-02-03,0,48733,0.0,1.85
010950,2022-02-04,0,48733,0.0,1.9
010950,2022-02-07,0,48733,0.0,1.87
010950,2022-02-08,0,48733,0.0,1.83
010950,2022-02-09,0,48733,0.0,1.81
010950,2022-02-10,0,48733,0.0,1.82
010950,2022-02-11,0,48733,0.0,1.79
010950,2022-02-14,0,48733,0.0,1.85
010950,2022-02-15,0,48733,0.0,1.76
010950,2022-02-16,0,48733,0.0,1.74
010950,2022-02-17,0,48733,0.0,1.75
010950,2022-02-18,0,48733,0.0,1.7
010950,2022-02-21,0,48733,0.0,1.69
010950,2022-02-22,0,48733,0.0,1.67
010950,2022-02-23,0,48733,0.0,1.67
010950,2022-02-24,0,48733,0.0,1.72
010950,2022-02-25,0,48733,0.0,1.71
010950,2022-02-28,0,48733,0.0,1.73
010950,2022-03-02,0,48733,0.0,1.84
010950,2022-03-03,0,48733,0.0,1.83
010950,2022-03-04,0,48733,0.0,1.84
010950,2022-03-07,0,48733,0.0,1.92
010950,2022-03-08,0,48733,0.0,1.89
010950,2022-03-10,0,48733,0.0,1.81
010950,2022-03-11,0,48733,0.0,1.73
010950,2022-03-14,0,48733,0.0,1.75
010950,2022-03-15,0,48733,0.0,1.69
010950,2022-03-16,0,48733,0.0,1.74
010950,2022-03-17,0,48733,0.0,1.74
010950,2022-03-18,0,48733,0.0,1.75
010950,2022-03-21,0,48733,0.0,1.8
010950,2022-03-22,0,48733,0.0,1.83
010950,2022-03-23,0,48733,0.0,1.83
010950,2022-03-24,0,48733,0.0,1.86
010950,2022-03-25,0,48733,0.0,1.89
010950,2022-03-28,0,48733,0.0,2.01
010950,2022-03-29,0,48733,0.0,2.01
010950,2022-03-30,0,48733,0.0,1.99
010950,2022-03-31,0,48733,0.0,1.98
010950,2022-04-01,0,48733,0.0,2.02
010950,2022-04-04,0,48733,0.0,2.07
010950,2022-04-05,0,48733,0.0,2.05
010950,2022-04-06,0,48733,0.0,2.05
010950,2022-04-07,0,48733,0.0,2.0
010950,2022-04-08,0,48733,0.0,2.03
010950,2022-04-11,0,48733,0.0,2.12
010950,2022-04-12,0,48733,0.0,2.05
010950,2022-04-13,0,48733,0.0,2.14
010950,2022-04-14,0,48733,0.0,2.18
010950,2022-04-15,0,48733,0.0,2.21
010950,2022-04-18,0,48733,0.0,2.21
010950,2022-04-19,0,48733,0.0,2.15
010950,2022-04-20,0,48733,0.0,2.14
010950,2022-04-21,0,48733,0.0,2.14
010950,2022-04-22,0,48733,0.0,2.16
010950,2022-04-25,0,48733,0.0,2.13
010950,2022-04-26,0,48733,0.0,2.1
010950,2022-04-27,0,48733,0.0,2.15
010950,2022-04-28,0,48733,0.0,2.14
010950,2022-04-29,0,48733,0.0,2.12
010950,2022-05-02,11840,60024,8.95,1.77
010950,2022-05-03,11840,60024,8.95,1.77
010950,2022-05-04,11840,60024,9.08,1.79
010950,2022-05-06,11840,60024,9.38,1.85
010950,2022-05-09,11840,60024,9.42,1.86
010950,2022-05-10,11840,60024,9.04,1.78
010950,2022-05-11,11840,60024,8.95,1.77
010950,2022-05-12,11840,60024,9.21,1.82
010950,2022-05-13,11840,60024,9.33,1.84
010950,2022-05-16,11840,60024,9.25,1.82
010950,2022-05-17,11840,60024,9.54,1.88
010950,2022-05-18,11840,60024,9.29,1.83
010950,2022-05-19,11840,60024,9.04,1.78
010950,2022-05-20,11840,60024,8.95,1.77
010950,2022-05-23,11840,60024,8.87,1.75
010950,2022-05-24,11840,60024,8.7,1.72
010950,2022-05-25,11840,60024,8.91,1.76
010950,2022-05-26,11840,60024,8.99,1.77
010950,2022-05-27,11840,60024,9.29,1.83
010950,2022-05-30,11840,60024,9.5,1.87
010950,2022-05-31,11840,60024,9.8,1.93
010950,2022-06-02,11840,60024,9.71,1.92
010950,2022-06-03,11840,60024,9.8,1.93
010950,2022-06-07,11840,60024,10.14,2.0
010950,2022-06-08,11840,60024,10.09,1.99
010950,2022-06-09,11840,60024,10.22,2.02
010950,2022-06-10,11840,60024,10.26,2.02
010950,2022-06-13,11840,60024,10.05,1.98
010950,2022-06-14,11840,60024,10.01,1.97
010950,2022-06-15,11840,60024,10.01,1.97
010950,2022-06-16,11840,60024,9.67,1.91
010950,2022-06-17,11840,60024,9.76,1.92
010950,2022-06-20,11840,60024,9.54,1.88
010950,2022-06-21,11840,60024,9.25,1.82
010950,2022-06-22,11840,60024,8.87,1.75
010950,2022-06-23,11840,60024,8.57,1.69
010950,2022-06-24,11840,60024,8.74,1.72
010950,2022-06-27,11840,60024,8.78,1.73
010950,2022-06-28,11840,60024,9.12,1.8
010950,2022-06-29,11840,60024,9.12,1.8
010950,2022-06-30,11840,60024,8.78,1.73
010950,2022-07-01,11840,60024,8.44,1.66
010950,2022-07-04,11840,60024,8.57,1.69
010950,2022-07-05,11840,60024,8.61,1.7
010950,2022-07-06,11840,60024,7.81,1.54
010950,2022-07-07,11840,60024,7.86,1.55
010950,2022-07-08,11840,60024,7.85,1.55
010950,2022-07-11,11840,60024,7.8,1.54
010950,2022-07-12,11840,60024,7.7,1.52
010950,2022-07-13,11840,60024,7.59,1.5
010950,2022-07-14,11840,60024,7.65,1.51
010950,2022-07-15,11840,60024,7.51,1.48
010950,2022-07-18,11840,60024,7.8,1.54
010950,2022-07-19,11840,60024,7.87,1.55
010950,2022-07-20,11840,60024,7.91,1.56
010950,2022-07-21,11840,60024,7.91,1.56
010950,2022-07-22,11840,60024,7.63,1.5
010950,2022-07-25,11840,60024,7.65,1.51
010950,2022-07-26,11840,60024,7.76,1.53
010950,2022-07-27,11840,60024,7.85,1.55
010950,2022-07-28,11840,60024,7.71,1.52
010950,2022-07-29,11840,60024,7.75,1.53
010950,2022-08-01,11840,60024,7.76,1.53
010950,2022-08-02,11840,60024,7.48,1.48
010950,2022-08-03,11840,60024,7.45,1.47
010950,2022-08-04,11840,60024,7.25,1.43
010950,2022-08-05,11840,60024,7.2,1.42
010950,2022-08-08,11840,60024,7.31,1.44
010950,2022-08-09,11840,60024,7.42,1.46
010950,2022-08-10,11840,60024,7.33,1.45
010950,2022-08-11,11840,60024,7.36,1.45
010950,2022-08-12,11840,60024,7.61,1.5
010950,2022-08-16,11840,60024,7.57,1.49
010950,2022-08-17,11840,60024,7.71,1.52
010950,2022-08-18,11840,60024,7.8,1.54
010950,2022-08-19,11840,60024,7.94,1.57
010950,2022-08-22,11840,60024,8.23,1.62
010950,2022-08-23,11840,60024,8.37,1.65
010950,2022-08-24,11840,60024,8.74,1.72
010950,2022-08-25,11840,60024,8.91,1.76
010950,2022-08-26,11840,60024,8.99,1.77
010950,2022-08-29,11840,60024,8.91,1.76
010950,2022-08-30,11840,60024,8.87,1.75
010950,2022-08-31,11840,60024,8.57,1.69
010950,2022-09-01,11840,60024,8.37,1.65
010950,2022-09-02,11840,60024,8.31,1.64
010950,2022-09-05,11840,60024,8.57,1.69
010950,2022-09-06,11840,60024,8.57,1.69
010950,2022-09-07,11840,60024,8.22,1.62
010950,2022-09-08,11840,60024,8.2,1.62
010950,2022-09-13,11840,60024,8.13,1.6
010950,2022-09-14,11840,60024,8.02,1.58
010950,2022-09-15,11840,60024,7.96,1.57
010950,2022-09-16,11840,60024,7.49,1.48
010950,2022-09-19,11840,60024,7.53,1.49
010950,2022-09-20,11840,60024,7.51,1.48
010950,2022-09-21,11840,60024,7.51,1.48
010950,2022-09-22,11840,60024,7.6,1.5
010950,2022-09-23,11840,60024,7.34,1.45
010950,2022-09-26,11840,60024,6.88,1.36
010950,2022-09-27,11840,60024,6.88,1.36
010950,2022-09-28,11840,60024,6.58,1.3
010950,2022-09-29,11840,60024,6.82,1.34
010950,2022-09-30,11840,60024,6.84,1.35
010950,2022-10-04,11840,60024,7.06,1.39
010950,2022-10-05,11840,60024,7.23,1.43
010950,2022-10-06,11840,60024,7.17,1.41
010950,2022-10-07,11840,60024,7.11,1.4
010950,2022-10-11,11840,60024,7.14,1.41
010950,2022-10-12,11840,60024,7.17,1.41
010950,2022-10-13,11840,60024,6.93,1.37
010950,2022-10-14,11840,60024,7.2,1.42
010950,2022-10-17,11840,60024,6.99,1.38
010950,2022-10-18,11840,60024,6.97,1.37
010950,2022-10-19,11840,60024,7.17,1.41
010950,2022-10-20,11840,60024,7.35,1.45
010950,2022-10-21,11840,60024,7.24,1.43
010950,2022-10-24,11840,60024,7.06,1.39
010950,2022-10-25,11840,60024,6.94,1.37
010950,2022-10-26,11840,60024,6.99,1.38
010950,2022-10-27,11840,60024,7.22,1.42
010950,2022-10-28,11840,60024,7.45,1.47
010950,2022-10-31,11840,60024,7.3,1.44
010950,2022-11-01,11840,60024,7.37,1.45
010950,2022-11-02,11840,60024,7.76,1.53
010950,2022-11-03,11840,60024,7.58,1.49
010950,2022-11-04,11840,60024,7.75,1.53
010950,2022-11-07,11840,60024,8.02,1.58
010950,2022-11-08,11840,60024,7.93,1.56
010950,2022-11-09,11840,60024,7.77,1.53
010950,2022-11-10,11840,60024,7.52,1.48
010950,2022-11-11,11840,60024,7.57,1.49
010950,2022-11-14,11840,60024,7.58,1.5
010950,2022-11-15,11840,60024,7.39,1.46
010950,2022-11-16,11840,60024,7.5,1.48
010950,2022-11-17,11840,60024,7.33,1.45
010950,2022-11-18,11840,60024,7.45,1.47
010950,2022-11-21,11840,60024,7.47,1.47
010950,2022-11-22,11840,60024,7.34,1.45
010950,2022-11-23,11840,60024,7.48,1.48
010950,2022-11-24,11840,60024,7.36,1.45
010950,2022-11-25,11840,60024,7.41,1.46
010950,2022-11-28,11840,60024,7.12,1.4
010950,2022-11-29,11840,60024,7.33,1.45
010950,2022-11-30,11840,60024,7.36,1.45
010950,2022-12-01,11840,60024,7.4,1.46
010950,2022-12-02,11840,60024,7.27,1.43
010950,2022-12-05,11840,60024,7.36,1.45
010950,2022-12-06,11840,60024,7.24,1.43
010950,2022-12-07,11840,60024,7.05,1.39
010950,2022-12-08,11840,60024,6.98,1.38
010950,2022-12-09,11840,60024,7.13,1.41
010950,2022-12-12,11840,60024,7.3,1.44
010950,2022-12-13,11840,60024,7.47,1.47
010950,2022-12-14,11840,60024,7.43,1.47
010950,2022-12-15,11840,60024,7.44,1.47
010950,2022-12-16,11840,60024,7.46,1.47
010950,2022-12-19,11840,60024,7.38,1.46
010950,2022-12-20,11840,60024,7.33,1.45
010950,2022-12-21,11840,60024,7.38,1.46
010950,2022-12-22,11840,60024,7.45,1.47
010950,2022-12-23,11840,60024,7.43,1.47
010950,2022-12-26,11840,60024,7.56,1.49
010950,2022-12-27,11840,60024,7.53,1.48
010950,2022-12-28,11840,60024,7.29,1.44
010950,2022-12-29,11840,60024,7.04,1.39
010950,2023-01-02,11840,60024,6.99,1.38
010950,2023-01-03,11840,60024,6.85,1.35
010950,2023-01-04,11840,60024,6.66,1.31
010950,2023-01-05,11840,60024,6.55,1.29
010950,2023-01-06,11840,60024,6.61,1.3
010950,2023-01-09,11840,60024,6.7,1.32
010950,2023-01-10,11840,60024,6.89,1.36
010950,2023-01-11,11840,60024,6.93,1.37
010950,2023-01-12,11840,60024,6.91,1.36
010950,2023-01-13,11840,60024,7.2,1.42
010950,2023-01-16,11840,60024,7.21,1.42
010950,2023-01-17,11840,60024,7.17,1.41
010950,2023-01-18,11840,60024,7.11,1.4
010950,2023-01-19,11840,60024,7.43,1.47
010950,2023-01-20,11840,60024,7.45,1.47
010950,2023-01-25,11840,60024,7.52,1.48
010950,2023-01-26,11840,60024,7.46,1.47
010950,2023-01-27,11840,60024,7.69,1.52
010950,2023-01-30,11840,60024,7.58,1.49
010950,2023-01-31,11840,60024,7.45,1.47
010950,2023-02-01,11840,60024,7.44,1.47
010950,2023-02-02,11840,60024,7.46,1.47
010950,2023-02-03,11840,60024,7.34,1.45
010950,2023-02-06,11840,60024,7.25,1.43
010950,2023-02-07,11840,60024,7.09,1.4
010950,2023-02-08,11840,60024,7.2,1.42
010950,2023-02-09,11840,60024,7.15,1.41
010950,2023-02-10,11840,60024,7.27,1.43
010950,2023-02-13,11840,60024,7.36,1.45
010950,2023-02-14,11840,60024,7.24,1.43
010950,2023-02-15,11840,60024,7.04,1.39
010950,2023-02-16,11840,60024,7.12,1.4
010950,2023-02-17,11840,60024,7.15,1.41
010950,2023-02-20,11840,60024,7.01,1.38
010950,2023-02-21,11840,60024,7.06,1.39
010950,2023-02-22,11840,60024,6.94,1.37
010950,2023-02-23,11840,60024,6.88,1.36
010950,2023-02-24,11840,60024,6.93,1.37
010950,2023-02-27,11840,60024,6.87,1.35
010950,2023-02-28,11840,60024,6.82,1.34
010950,2023-03-02,11840,60024,7.04,1.39
010950,2023-03-03,11840,60024,6.95,1.37
010950,2023-03-06,11840,60024,7.03,1.39
010950,2023-03-07,11840,60024,7.09,1.4
010950,2023-03-08,11840,60024,6.85,1.35
010950,2023-03-09,11840,60024,6.84,1.35
010950,2023-03-10,11840,60024,6.87,1.35
010950,2023-03-13,11840,60024,6.88,1.36
010950,2023-03-14,11840,60024,6.69,1.32
010950,2023-03-15,11840,60024,6.71,1.32
010950,2023-03-16,11840,60024,6.44,1.27
010950,2023-03-17,11840,60024,6.45,1.27
010950,2023-03-20,11840,60024,6.47,1.28
010950,2023-03-21,11840,60024,6.43,1.27
010950,2023-03-22,11840,60024,6.46,1.27
010950,2023-03-23,11840,60024,6.46,1.27
010950,2023-03-24,11840,60024,6.44,1.27
010950,2023-03-27,11840,60024,6.44,1.27
010950,2023-03-28,11840,60024,6.58,1.3
010950,2023-03-29,11840,60024,6.67,1.32
010950,2023-03-30,11840,60024,6.73,1.33
010950,2023-03-31,11840,60024,6.77,1.33
010950,2023-04-03,11840,60024,6.94,1.37
010950,2023-04-04,11840,60024,6.97,1.37
010950,2023-04-05,11840,60024,6.89,1.36
010950,2023-04-06,11840,60024,6.79,1.34
010950,2023-04-07,11840,60024,6.72,1.33
010950,2023-04-10,11840,60024,6.78,1.34
010950,2023-04-11,11840,60024,6.78,1.34
010950,2023-04-12,11840,60024,6.82,1.35
010950,2023-04-13,11840,60024,6.99,1.38
010950,2023-04-14,11840,60024,6.93,1.37
010950,2023-04-17,11840,60024,6.88,1.36
010950,2023-04-18,11840,60024,6.8,1.34
010950,2023-04-19,11840,60024,6.76,1.33
010950,2023-04-20,11840,60024,6.65,1.31
010950,2023-04-21,11840,60024,6.6,1.3
010950,2023-04-24,11840,60024,6.55,1.29
010950,2023-04-25,11840,60024,6.5,1.28
010950,2023-04-26,11840,60024,6.4,1.26
010950,2023-04-27,11840,60024,6.16,1.21
010950,2023-04-28,11840,60024,6.3,1.24
010950,2023-05-02,18075,72869,4.1,1.02
010950,2023-05-03,18075,72869,4.02,1.0
010950,2023-05-04,18075,72869,4.01,0.99
010950,2023-05-08,18075,72869,4.06,1.01
010950,2023-05-09,18075,72869,4.03,1.0
010950,2023-05-10,18075,72869,3.99,0.99
010950,2023-05-11,18075,72869,4.01,0.99
010950,2023-05-12,18075,72869,3.95,0.98
010950,2023-05-15,18075,72869,3.98,0.99
010950,2023-05-16,18075,72869,3.99,0.99
010950,2023-05-17,18075,72869,4.05,1.0
010950,2023-05-18,18075,72869,4.11,1.02
010950,2023-05-19,18075,72869,4.13,1.02
010950,2023-05-22,18075,72869,4.14,1.03
010950,2023-05-23,18075,72869,4.18,1.04
010950,2023-05-24,18075,72869,4.18,1.04
010950,2023-05-25,18075,72869,4.14,1.03
010950,2023-05-26,18075,72869,4.12,1.02
010950,2023-05-30,18075,72869,4.07,1.01
010950,2023-05-31,18075,72869,3.99,0.99
010950,2023-06-01,18075,72869,3.99,0.99
010950,2023-06-02,18075,72869,4.04,1.0
010950,2023-06-05,18075,72869,4.12,1.02
010950,2023-06-07,18075,72869,4.17,1.03
010950,2023-06-08,18075,72869,4.18,1.04
010950,2023-06-09,18075,72869,4.16,1.03
010950,2023-06-12,18075,72869,4.13,1.03
010950,2023-06-13,18075,72869,4.03,1.0
010950,2023-06-14,18075,72869,4.08,1.01
010950,2023-06-15,18075,72869,4.03,1.0
010950,2023-06-16,18075,72869,4.02,1.0
010950,2023-06-19,18075,72869,4.05,1.0
010950,2023-06-20,18075,72869,3.98,0.99
010950,2023-06-21,18075,72869,3.92,0.97
010950,2023-06-22,18075,72869,3.93,0.97
010950,2023-06-23,18075,72869,3.87,0.96
010950,2023-06-26,18075,72869,3.93,0.97
010950,2023-06-27,18075,72869,3.85,0.95
010950,2023-06-28,18075,72869,3.77,0.93
010950,2023-06-29,18075,72869,3.66,0.91
010950,2023-06-30,18075,72869,3.69,0.92
010950,2023-07-03,18075,72869,3.67,0.91
010950,2023-07-04,18075,72869,3.61,0.89
010950,2023-07-05,18075,72869,3.57,0.89
010950,2023-07-06,18075,72869,3.54,0.88
010950,2023-07-07,18075,72869,3.51,0.87
010950,2023-07-10,18075,72869,3.61,0.9
010950,2023-07-11,18075,72869,3.57,0.89
010950,2023-07-12,18075,72869,3.68,0.91
010950,2023-07-13,18075,72869,3.68,0.91
010950,2023-07-14,18075,72869,3.76,0.93
010950,2023-07-17,18075,72869,3.78,0.94
010950,2023-07-18,18075,72869,3.82,0.95
010950,2023-07-19,18075,72869,3.86,0.96
010950,2023-07-20,18075,72869,3.88,0.96
010950,2023-07-21,18075,72869,3.92,0.97
010950,2023-07-24,18075,72869,4.01,0.99
010950,2023-07-25,18075,72869,4.08,1.01
010950,2023-07-26,18075,72869,4.0,0.99
010950,2023-07-27,18075,72869,4.07,1.01
010950,2023-07-28,18075,72869,4.03,1.0
010950,2023-07-31,18075,72869,4.14,1.03
010950,2023-08-01,18075,72869,4.16,1.03
010950,2023-08-02,18075,72869,4.18,1.04
010950,2023-08-03,18075,72869,4.27,1.06
010950,2023-08-04,18075,72869,4.25,1.05
010950,2023-08-07,18075,72869,4.38,1.09
010950,2023-08-08,18075,72869,4.3,1.07
010950,2023-08-09,18075,72869,4.29,1.06
010950,2023-08-10,18075,72869,4.35,1.08
010950,2023-08-11,18075,72869,4.3,1.07
010950,2023-08-14,18075,72869,4.25,1.06
010950,2023-08-16,18075,72869,4.08,1.01
010950,2023-08-17,18075,72869,4.02,1.0
010950,2023-08-18,18075,72869,4.04,1.0
010950,2023-08-21,18075,72869,4.07,1.01
010950,2023-08-22,18075,72869,4.03,1.0
010950,2023-08-23,18075,72869,4.03,1.0
010950,2023-08-24,18075,72869,3.93,0.97
010950,2023-08-25,18075,72869,3.93,0.97
010950,2023-08-28,18075,72869,4.15,1.03
010950,2023-08-29,18075,72869,4.11,1.02
010950,2023-08-30,18075,72869,4.09,1.01
010950,2023-08-31,18075,72869,4.04,1.0
010950,2023-09-01,18075,72869,4.05,1.0
010950,2023-09-04,18075,72869,4.27,1.06
010950,2023-09-05,18075,72869,4.25,1.06
010950,2023-09-06,18075,72869,4.29,1.06
010950,2023-09-07,18075,72869,4.31,1.07
010950,2023-09-08,18075,72869,4.32,1.07
010950,2023-09-11,18075,72869,4.35,1.08
010950,2023-09-12,18075,72869,4.3,1.07
010950,2023-09-13,18075,72869,4.4,1.09
010950,2023-09-14,18075,72869,4.38,1.09
010950,2023-09-15,18075,72869,4.46,1.11
010950,2023-09-18,18075,72869,4.44,1.1
010950,2023-09-19,18075,72869,4.42,1.1
010950,2023-09-20,18075,72869,4.37,1.08
010950,2023-09-21,18075,72869,4.27,1.06
010950,2023-09-22,18075,72869,4.28,1.06
010950,2023-09-25,18075,72869,4.32,1.07
010950,2023-09-26,18075,72869,4.3,1.07
010950,2023-09-27,18075,72869,4.38,1.09
010950,2023-10-04,18075,72869,4.12,1.02
010950,2023-10-05,18075,72869,4.01,0.99
010950,2023-10-06,18075,72869,4.03,1.0
010950,2023-10-10,18075,72869,4.19,1.04
010950,2023-10-11,18075,72869,4.13,1.03
010950,2023-10-12,18075,72869,4.07,1.01
010950,2023-10-13,18075,72869,4.09,1.01
010950,2023-10-16,18075,72869,4.07,1.01
010950,2023-10-17,18075,72869,3.97,0.98
010950,2023-10-18,18075,72869,4.03,1.0
010950,2023-10-19,18075,72869,3.96,0.98
010950,2023-10-20,18075,72869,3.91,0.97
010950,2023-10-23,18075,72869,3.86,0.96
010950,2023-10-24,18075,72869,3.86,0.96
010950,2023-10-25,18075,72869,3.86,0.96
010950,2023-10-26,18075,72869,3.8,0.94
010950,2023-10-27,18075,72869,3.78,0.94
010950,2023-10-30,18075,72869,3.86,0.96
010950,2023-10-31,18075,72869,3.67,0.91
010950,2023-11-01,18075,72869,3.68,0.91
010950,2023-11-02,18075,72869,3.72,0.92
010950,2023-11-03,18075,72869,3.75,0.93
010950,2023-11-06,18075,72869,3.86,0.96
010950,2023-11-07,18075,72869,3.81,0.94
010950,2023-11-08,18075,72869,3.73,0.92
010950,2023-11-09,18075,72869,3.71,0.92
010950,2023-11-10,18075,72869,3.7,0.92
010950,2023-11-13,18075,72869,3.73,0.92
010950,2023-11-14,18075,72869,3.8,0.94
010950,2023-11-15,18075,72869,3.84,0.95
010950,2023-11-16,18075,72869,3.82,0.95
010950,2023-11-17,18075,72869,3.75,0.93
010950,2023-11-20,18075,72869,3.83,0.95
010950,2023-11-21,18075,72869,3.88,0.96
010950,2023-11-22,18075,72869,3.88,0.96
010950,2023-11-23,18075,72869,3.87,0.96
010950,2023-11-24,18075,72869,3.88,0.96
010950,2023-11-27,18075,72869,3.88,0.96
010950,2023-11-28,18075,72869,3.87,0.96
010950,2023-11-29,18075,72869,3.82,0.95
010950,2023-11-30,18075,72869,3.77,0.94
010950,2023-12-01,18075,72869,3.8,0.94
010950,2023-12-04,18075,72869,3.82,0.95
010950,2023-12-05,18075,72869,3.78,0.94
010950,2023-12-06,18075,72869,3.72,0.92
010950,2023-12-07,18075,72869,3.66,0.91
010950,2023-12-08,18075,72869,3.69,0.92
010950,2023-12-11,18075,72869,3.71,0.92
010950,2023-12-12,18075,72869,3.71,0.92
010950,2023-12-13,18075,72869,3.68,0.91
010950,2023-12-14,18075,72869,3.71,0.92
010950,2023-12-15,18075,72869,3.76,0.93
010950,2023-12-18,18075,72869,3.77,0.93
010950,2023-12-19,18075,72869,3.83,0.95
010950,2023-12-20,18075,72869,3.86,0.96
010950,2023-12-21,18075,72869,3.85,0.96
010950,2023-12-22,18075,72869,3.87,0.96
010950,2023-12-26,18075,72869,3.91,0.97
010950,2023-12-27,18075,72869,3.81,0.95
010950,2023-12-28,18075,72869,3.85,0.96
010950,2024-01-02,18075,72869,3.8,0.94
010950,2024-01-03,18075,72869,3.72,0.92
010950,2024-01-04,18075,72869,3.85,0.96
010950,2024-01-05,18075,72869,3.79,0.94
010950,2024-01-08,18075,72869,3.75,0.93
010950,2024-01-09,18075,72869,3.73,0.93
010950,2024-01-10,18075,72869,3.71,0.92
010950,2024-01-11,18075,72869,3.65,0.91
010950,2024-01-12,18075,72869,3.66,0.91
010950,2024-01-15,18075,72869,3.68,0.91
010950,2024-01-16,18075,72869,3.63,0.9
010950,2024-01-17,18075,72869,3.58,0.89
010950,2024-01-18,18075,72869,3.59,0.89
010950,2024-01-19,18075,72869,3.68,0.91
010950,2024-01-22,18075,72869,3.61,0.9
010950,2024-01-23,18075,72869,3.68,0.91
010950,2024-01-24,18075,72869,3.65,0.91
010950,2024-01-25,18075,72869,3.71,0.92
010950,2024-01-26,18075,72869,3.76,0.93
010950,2024-01-29,18075,72869,3.82,0.95
010950,2024-01-30,18075,72869,3.71,0.92
010950,2024-01-31,18075,72869,3.78,0.94
010950,2024-02-01,18075,72869,3.75,0.93
010950,2024-02-02,18075,72869,3.81,0.94
010950,2024-02-05,18075,72869,3.86,0.96
010950,2024-02-06,18075,72869,3.83,0.95
010950,2024-02-07,18075,72869,3.86,0.96
010950,2024-02-08,18075,72869,3.84,0.95
010950,2024-02-13,18075,72869,3.96,0.98
010950,2024-02-14,18075,72869,3.95,0.98
010950,2024-02-15,18075,72869,3.98,0.99
010950,2024-02-16,18075,72869,4.01,0.99
010950,2024-02-19,18075,72869,4.14,1.03
010950,2024-02-20,18075,72869,4.19,1.04
010950,2024-02-21,18075,72869,4.11,1.02
010950,2024-02-22,18075,72869,4.11,1.02
010950,2024-02-23,18075,72869,4.15,1.03
010950,2024-02-26,18075,72869,3.99,0.99
010950,2024-02-27,18075,72869,4.03,1.0
010950,2024-02-28,18075,72869,4.19,1.04
010950,2024-02-29,18075,72869,4.23,1.05
010950,2024-03-04,18075,72869,4.15,1.03
010950,2024-03-05,18075,72869,4.1,1.02
010950,2024-03-06,18075,72869,4.09,1.01
010950,2024-03-07,18075,72869,4.05,1.0
010950,2024-03-08,18075,72869,4.12,1.02
010950,2024-03-11,18075,72869,4.16,1.03
010950,2024-03-12,18075,72869,4.16,1.03
010950,2024-03-13,18075,72869,4.08,1.01
010950,2024-03-14,18075,72869,4.31,1.07
010950,2024-03-15,18075,72869,4.39,1.09
010950,2024-03-18,18075,72869,4.33,1.07
010950,2024-03-19,18075,72869,4.34,1.08
010950,2024-03-20,18075,72869,4.32,1.07
010950,2024-03-21,18075,72869,4.33,1.07
010950,2024-03-22,18075,72869,4.3,1.07
010950,2024-03-25,18075,72869,4.25,1.05
010950,2024-03-26,18075,72869,4.39,1.09
010950,2024-03-27,18075,72869,4.32,1.07
010950,2024-03-28,18075,72869,4.31,1.07
010950,2024-03-29,18075,72869,4.34,1.08
010950,2024-04-01,18075,72869,4.32,1.07
010950,2024-04-02,18075,72869,4.45,1.1
010950,2024-04-03,18075,72869,4.44,1.1
010950,2024-04-04,18075,72869,4.41,1.09
010950,2024-04-05,18075,72869,4.62,1.15
010950,2024-04-08,18075,72869,4.59,1.14
010950,2024-04-09,18075,72869,4.53,1.12
010950,2024-04-11,18075,72869,4.58,1.13
010950,2024-04-12,18075,72869,4.35,1.08
010950,2024-04-15,18075,72869,4.42,1.1
010950,2024-04-16,18075,72869,4.34,1.08
010950,2024-04-17,18075,72869,4.17,1.03
010950,2024-04-18,18075,72869,4.17,1.03
010950,2024-04-19,18075,72869,4.25,1.05
010950,2024-04-22,18075,72869,4.21,1.04
010950,2024-04-23,18075,72869,4.28,1.06
010950,2024-04-24,18075,72869,4.25,1.06
010950,2024-04-25,18075,72869,4.2,1.04
010950,2024-04-26,18075,72869,4.09,1.02
010950,2024-04-29,18075,72869,4.05,1.0
010950,2024-04-30,18075,72869,4.02,1.0
010950,2024-05-02,8149,77629,8.6,0.9
010950,2024-05-03,8149,77629,8.63,0.91
010950,2024-05-07,8149,77629,8.63,0.91
010950,2024-05-08,8149,77629,8.64,0.91
010950,2024-05-09,8149,77629,8.63,0.91
010950,2024-05-10,8149,77629,8.64,0.91
010950,2024-05-13,8149,77629,8.57,0.9
010950,2024-05-14,8149,77629,8.54,0.9
010950,2024-05-16,8149,77629,8.53,0.9
010950,2024-05-17,8149,77629,8.44,0.89
010950,2024-05-20,8149,77629,8.69,0.91
010950,2024-05-21,8149,77629,8.5,0.89
010950,2024-05-22,8149,77629,8.43,0.88
010950,2024-05-23,8149,77629,8.32,0.87
010950,2024-05-24,8149,77629,8.33,0.87
010950,2024-05-27,8149,77629,8.32,0.87
010950,2024-05-28,8149,77629,8.42,0.88
010950,2024-05-29,8149,77629,8.39,0.88
010950,2024-05-30,8149,77629,8.27,0.87
010950,2024-05-31,8149,77629,8.37,0.88
010950,2024-06-03,8149,77629,8.59,0.9
010950,2024-06-04,8149,77629,8.33,0.87
010950,2024-06-05,8149,77629,8.27,0.87
010950,2024-06-07,8149,77629,8.26,0.87
010950,2024-06-10,8149,77629,8.21,0.86
010950,2024-06-11,8149,77629,8.15,0.86
010950,2024-06-12,8149,77629,8.22,0.86
010950,2024-06-13,8149,77629,8.17,0.86
010950,2024-06-14,8149,77629,8.32,0.87
010950,2024-06-17,8149,77629,8.21,0.86
010950,2024-06-18,8149,77629,8.16,0.86
010950,2024-06-19,8149,77629,8.33,0.87
010950,2024-06-20,8149,77629,8.37,0.88
010950,2024-06-21,8149,77629,8.33,0.87
010950,2024-06-24,8149,77629,8.19,0.86
010950,2024-06-25,8149,77629,8.22,0.86
010950,2024-06-26,8149,77629,8.19,0.86
010950,2024-06-27,8149,77629,8.14,0.85
010950,2024-06-28,8149,77629,8.16,0.86
010950,2024-07-01,8149,77629,8.37,0.88
010950,2024-07-02,8149,77629,8.3,0.87
010950,2024-07-03,8149,77629,8.25,0.87
010950,2024-07-04,8149,77629,8.36,0.88
010950,2024-07-05,8149,77629,8.27,0.87
010950,2024-07-08,8149,77629,8.21,0.86
010950,2024-07-09,8149,77629,8.17,0.86
010950,2024-07-10,8149,77629,8.17,0.86
010950,2024-07-11,8149,77629,8.22,0.86
010950,2024-07-12,8149,77629,8.23,0.86
010950,2024-07-15,8149,77629,8.32,0.87
010950,2024-07-16,8149,77629,8.28,0.87
010950,2024-07-17,8149,77629,8.36,0.88
010950,2024-07-18,8149,77629,8.41,0.88
010950,2024-07-19,8149,77629,8.36,0.88
010950,2024-07-22,8149,77629,8.44,0.89
010950,2024-07-23,8149,77629,8.28,0.87
010950,2024-07-24,8149,77629,8.1,0.85
010950,2024-07-25,8149,77629,8.12,0.85
010950,2024-07-26,8149,77629,8.15,0.86
010950,2024-07-29,8149,77629,8.41,0.88
010950,2024-07-30,8149,77629,8.19,0.86
010950,2024-07-31,8149,77629,8.33,0.87
010950,2024-08-01,8149,77629,8.34,0.88
010950,2024-08-02,8149,77629,8.41,0.88
010950,2024-08-05,8149,77629,7.95,0.83
010950,2024-08-06,8149,77629,7.96,0.84
010950,2024-08-07,8149,77629,8.01,0.84
010950,2024-08-08,8149,77629,8.05,0.85
010950,2024-08-09,8149,77629,8.06,0.85
010950,2024-08-12,8149,77629,8.01,0.84
010950,2024-08-13,8149,77629,8.14,0.85
010950,2024-08-14,8149,77629,8.14,0.85
010950,2024-08-16,8149,77629,8.0,0.84
010950,2024-08-19,8149,77629,7.72,0.81
010950,2024-08-20,8149,77629,7.65,0.8
010950,2024-08-21,8149,77629,7.63,0.8
010950,2024-08-22,8149,77629,7.66,0.8
010950,2024-08-23,8149,77629,7.68,0.81
010950,2024-08-26,8149,77629,7.79,0.82
010950,2024-08-27,8149,77629,7.83,0.82
010950,2024-08-28,8149,77629,7.72,0.81
010950,2024-08-29,8149,77629,7.66,0.8
010950,2024-08-30,8149,77629,7.66,0.8
010950,2024-09-02,8149,77629,7.63,0.8
010950,2024-09-03,8149,77629,7.63,0.8
010950,2024-09-04,8149,77629,7.35,0.77
010950,2024-09-05,8149,77629,7.24,0.76
010950,2024-09-06,8149,77629,7.24,0.76
010950,2024-09-09,8149,77629,7.19,0.75
010950,2024-09-10,8149,77629,7.18,0.75
010950,2024-09-11,8149,77629,7.04,0.74
010950,2024-09-12,8149,77629,7.23,0.76
010950,2024-09-13,8149,77629,7.33,0.77
010950,2024-09-19,8149,77629,7.5,0.79
010950,2024-09-20,8149,77629,7.46,0.78
010950,2024-09-23,8149,77629,7.53,0.79
010950,2024-09-24,8149,77629,7.61,0.8
010950,2024-09-25,8149,77629,7.66,0.8
010950,2024-09-26,8149,77629,7.63,0.8
010950,2024-09-27,8149,77629,7.5,0.79
010950,2024-09-30,8149,77629,7.51,0.79
010950,2024-10-02,8149,77629,7.4,0.78
010950,2024-10-04,8149,77629,7.66,0.8
010950,2024-10-07,8149,77629,7.74,0.81
010950,2024-10-08,8149,77629,7.76,0.81
010950,2024-10-10,8149,77629,7.61,0.8
010950,2024-10-11,8149,77629,7.56,0.79
010950,2024-10-14,8149,77629,7.56,0.79
010950,2024-10-15,8149,77629,7.3,0.77
010950,2024-10-16,8149,77629,7.2,0.76
010950,2024-10-17,8149,77629,7.22,0.76
010950,2024-10-18,8149,77629,7.22,0.76
010950,2024-10-21,8149,77629,7.19,0.75
010950,2024-10-22,8149,77629,7.2,0.76
010950,2024-10-23,8149,77629,7.2,0.76
010950,2024-10-24,8149,77629,7.17,0.75
010950,2024-10-25,8149,77629,7.08,0.74
010950,2024-10-28,8149,77629,7.17,0.75
010950,2024-10-29,8149,77629,7.15,0.75
010950,2024-10-30,8149,77629,7.11,0.75
010950,2024-10-31,8149,77629,7.03,0.74
010950,2024-11-01,8149,77629,7.13,0.75
010950,2024-11-04,8149,77629,7.22,0.76
010950,2024-11-05,8149,77629,7.35,0.77
010950,2024-11-06,8149,77629,7.28,0.76
010950,2024-11-07,8149,77629,7.25,0.76
010950,2024-11-08,8149,77629,7.28,0.76
010950,2024-11-11,8149,77629,7.09,0.74
010950,2024-11-12,8149,77629,6.76,0.71
010950,2024-11-13,8149,77629,6.74,0.71
010950,2024-11-14,8149,77629,6.76,0.71
010950,2024-11-15,8149,77629,6.66,0.7
010950,2024-11-18,8149,77629,6.93,0.73
010950,2024-11-19,8149,77629,7.34,0.77
010950,2024-11-20,8149,77629,7.19,0.75
010950,2024-11-21,8149,77629,7.33,0.77
010950,2024-11-22,8149,77629,7.26,0.76
010950,2024-11-25,8149,77629,7.18,0.75
010950,2024-11-26,8149,77629,7.18,0.75
010950,2024-11-27,8149,77629,7.03,0.74
010950,2024-11-28,8149,77629,7.13,0.75
010950,2024-11-29,8149,77629,7.03,0.74
010950,2024-12-02,8149,77629,7.03,0.74
010950,2024-12-03,8149,77629,7.07,0.74
010950,2024-12-04,8149,77629,6.98,0.73
010950,2024-12-05,8149,77629,6.81,0.71
010950,2024-12-06,8149,77629,6.8,0.71
010950,2024-12-09,8149,77629,6.58,0.69
010950,2024-12-10,8149,77629,6.95,0.73
010950,2024-12-11,8149,77629,6.99,0.73
010950,2024-12-12,8149,77629,7.04,0.74
010950,2024-12-13,8149,77629,7.12,0.75
010950,2024-12-16,8149,77629,7.13,0.75
010950,2024-12-17,8149,77629,6.96,0.73
010950,2024-12-18,8149,77629,6.93,0.73
010950,2024-12-19,8149,77629,6.81,0.71
010950,2024-12-20,8149,77629,6.85,0.72
010950,2024-12-23,8149,77629,6.87,0.72
010950,2024-12-24,8149,77629,6.88,0.72
010950,2024-12-26,8149,77629,6.86,0.72
010950,2024-12-27,8149,77629,6.75,0.71
010950,2024-12-30,8149,77629,6.72,0.71
010950,2025-01-02,8149,77629,6.72,0.71
010950,2025-01-03,8149,77629,7.17,0.75
010950,2025-01-06,8149,77629,7.17,0.75
010950,2025-01-07,8149,77629,7.22,0.76
010950,2025-01-08,8149,77629,7.26,0.76
010950,2025-01-09,8149,77629,7.73,0.81
010950,2025-01-10,8149,77629,7.77,0.82
010950,2025-01-13,8149,77629,7.85,0.82
010950,2025-01-14,8149,77629,7.78,0.82
010950,2025-01-15,8149,77629,7.8,0.82
010950,2025-01-16,8149,77629,7.84,0.82
010950,2025-01-17,8149,77629,8.01,0.84
010950,2025-01-20,8149,77629,7.67,0.81
010950,2025-01-21,8149,77629,7.52,0.79
010950,2025-01-22,8149,77629,7.52,0.79
010950,2025-01-23,8149,77629,7.52,0.79
010950,2025-01-24,8149,77629,7.45,0.78
010950,2025-01-31,8149,77629,7.49,0.79
010950,2025-02-03,8149,77629,7.4,0.78
010950,2025-02-04,8149,77629,7.28,0.76
010950,2025-02-05,8149,77629,7.25,0.76
010950,2025-02-06,8149,77629,7.28,0.76
010950,2025-02-07,8149,77629,7.17,0.75
010950,2025-02-10,8149,77629,7.17,0.75
010950,2025-02-11,8149,77629,7.22,0.76
010950,2025-02-12,8149,77629,7.24,0.76
010950,2025-02-13,8149,77629,7.24,0.76
010950,2025-02-14,8149,77629,7.3,0.77
010950,2025-02-17,8149,77629,7.47,0.78
010950,2025-02-18,8149,77629,7.42,0.78
010950,2025-02-19,8149,77629,7.46,0.78
010950,2025-02-20,8149,77629,7.55,0.79
010950,2025-02-21,8149,77629,7.34,0.77
010950,2025-02-24,8149,77629,7.28,0.76
010950,2025-02-25,8149,77629,7.17,0.75
010950,2025-02-26,8149,77629,7.04,0.74
010950,2025-02-27,8149,77629,7.07,0.74
010950,2025-02-28,8149,77629,6.98,0.73
010950,2025-03-04,8149,77629,6.84,0.72
010950,2025-03-05,8149,77629,6.98,0.73
010950,2025-03-06,8149,77629,7.01,0.74
010950,2025-03-07,8149,77629,7.02,0.74
010950,2025-03-10,8149,77629,7.63,0.8
010950,2025-03-11,8149,77629,7.39,0.78
010950,2025-03-12,8149,77629,7.42,0.78
010950,2025-03-13,8149,77629,7.39,0.78
010950,2025-03-14,8149,77629,7.24,0.76
010950,2025-03-17,8149,77629,7.18,0.75
010950,2025-03-18,8149,77629,7.15,0.75
010950,2025-03-19,8149,77629,7.15,0.75
010950,2025-03-20,8149,77629,7.15,0.75
010950,2025-03-21,8149,77629,7.12,0.75
010950,2025-03-24,8149,77629,7.08,0.74
010950,2025-03-25,8149,77629,7.09,0.74
010950,2025-03-26,8149,77629,7.09,0.74
010950,2025-03-27,8149,77629,7.11,0.75
010950,2025-03-28,8149,77629,7.03,0.74
010950,2025-03-31,8149,77629,6.88,0.72
010950,2025-04-01,8149,77629,6.96,0.73
010950,2025-04-02,8149,77629,6.87,0.72
010950,2025-04-03,8149,77629,6.72,0.71
010950,2025-04-04,8149,77629,6.68,0.7
010950,2025-04-07,8149,77629,6.27,0.66
010950,2025-04-08,8149,77629,6.28,0.66
010950,2025-04-09,8149,77629,6.18,0.65
010950,2025-04-10,8149,77629,6.41,0.67
010950,2025-04-11,8149,77629,6.37,0.67
010950,2025-04-14,8149,77629,6.36,0.67
010950,2025-04-15,8149,77629,6.36,0.67
010950,2025-04-16,8149,77629,6.25,0.66
010950,2025-04-17,8149,77629,6.31,0.66
010950,2025-04-18,8149,77629,6.42,0.67
010950,2025-04-21,8149,77629,6.43,0.68
010950,2025-04-22,8149,77629,6.41,0.67
010950,2025-04-23,8149,77629,6.48,0.68
010950,2025-04-24,8149,77629,6.41,0.67
010950,2025-04-25,8149,77629,6.43,0.68
010950,2025-04-28,8149,77629,6.39,0.67
010950,2025-04-29,8149,77629,6.37,0.67
010950,2025-04-30,8149,77629,6.38,0.67
010950,2025-05-02,0,74692,0.0,0.7
010950,2025-05-07,0,74692,0.0,0.7
010950,2025-05-08,0,74692,0.0,0.7
010950,2025-05-09,0,74692,0.0,0.7
010950,2025-05-12,0,74692,0.0,0.7
010950,2025-05-13,0,74692,0.0,0.7
010950,2025-05-14,0,74692,0.0,0.71
010950,2025-05-15,0,74692,0.0,0.69
010950,2025-05-16,0,74692,0.0,0.69
010950,2025-05-19,0,74692,0.0,0.69
010950,2025-05-20,0,74692,0.0,0.68
010950,2025-05-21,0,74692,0.0,0.68
010950,2025-05-22,0,74692,0.0,0.68
010950,2025-05-23,0,74692,0.0,0.68
010950,2025-05-26,0,74692,0.0,0.72
010950,2025-05-27,0,74692,0.0,0.76
010950,2025-05-28,0,74692,0.0,0.76
010950,2025-05-29,0,74692,0.0,0.75
010950,2025-05-30,0,74692,0.0,0.73
010950,2025-06-02,0,74692,0.0,0.74
010950,2025-06-04,0,74692,0.0,0.75
010950,2025-06-05,0,74692,0.0,0.75
010950,2025-06-09,0,74692,0.0,0.79
010950,2025-06-10,0,74692,0.0,0.79
010950,2025-06-11,0,74692,0.0,0.78
010950,2025-06-12,0,74692,0.0,0.79
010950,2025-06-13,0,74692,0.0,0.85
010950,2025-06-16,0,74692,0.0,0.85
010950,2025-06-17,0,74692,0.0,0.82
010950,2025-06-18,0,74692,0.0,0.83
010950,2025-06-19,0,74692,0.0,0.82
010950,2025-06-20,0,74692,0.0,0.82
010950,2025-06-23,0,74692,0.0,0.84
010950,2025-06-24,0,74692,0.0,0.78
010950,2025-06-25,0,74692,0.0,0.78
010950,2025-06-26,0,74692,0.0,0.78
010950,2025-06-27,0,74692,0.0,0.78
010950,2025-06-30,0,74692,0.0,0.8
010950,2025-07-01,0,74692,0.0,0.83
010950,2025-07-02,0,74692,0.0,0.83
010950,2025-07-03,0,74692,0.0,0.84
010950,2025-07-04,0,74692,0.0,0.83
010950,2025-07-07,0,74692,0.0,0.83
010950,2025-07-08,0,74692,0.0,0.83
010950,2025-07-09,0,74692,0.0,0.85
010950,2025-07-10,0,74692,0.0,0.86
010950,2025-07-11,0,74692,0.0,0.85
010950,2025-07-14,0,74692,0.0,0.85
010950,2025-07-15,0,74692,0.0,0.85
010950,2025-07-16,0,74692,0.0,0.85
010950,2025-07-17,0,74692,0.0,0.84
010950,2025-07-18,0,74692,0.0,0.83
010950,2025-07-21,0,74692,0.0,0.84
010950,2025-07-22,0,74692,0.0,0.84
010950,2025-07-23,0,74692,0.0,0.84
010950,2025-07-24,0,74692,0.0,0.83
010950,2025-07-25,0,74692,0.0,0.83
010950,2025-07-28,0,74692,0.0,0.83
010950,2025-07-29,0,74692,0.0,0.82
010950,2025-07-30,0,74692,0.0,0.85
010950,2025-07-31,0,74692,0.0,0.84
010950,2025-08-01,0,74692,0.0,0.81
010950,2025-08-04,0,74692,0.0,0.8
010950,2025-08-05,0,74692,0.0,0.81
010950,2025-08-06,0,74692,0.0,0.84
010950,2025-08-07,0,74692,0.0,0.83
010950,2025-08-08,0,74692,0.0,0.82
010950,2025-08-11,0,74692,0.0,0.81
010950,2025-08-12,0,74692,0.0,0.82
010950,2025-08-13,0,74692,0.0,0.82
010950,2025-08-14,0,74692,0.0,0.82
010950,2025-08-18,0,74692,0.0,0.81
010950,2025-08-19,0,74692,0.0,0.82
010950,2025-08-20,0,74692,0.0,0.82
010950,2025-08-21,0,74692,0.0,0.82
010950,2025-08-22,0,74692,0.0,0.8
010950,2025-08-25,0,74692,0.0,0.81
010950,2025-08-26,0,74692,0.0,0.82
010950,2025-08-27,0,74692,0.0,0.81
010950,2025-08-28,0,74692,0.0,0.81
010950,2025-08-29,0,74692,0.0,0.81
010950,2025-09-01,0,74692,0.0,0.8
010950,2025-09-02,0,74692,0.0,0.79
010950,2025-09-03,0,74692,0.0,0.8
010950,2025-09-04,0,74692,0.0,0.81
010950,2025-09-05,0,74692,0.0,0.81
010950,2025-09-08,0,74692,0.0,0.8
010950,2025-09-09,0,74692,0.0,0.8
010950,2025-09-10,0,74692,0.0,0.8
010950,2025-09-11,0,74692,0.0,0.82
010950,2025-09-12,0,74692,0.0,0.79
010950,2025-09-15,0,74692,0.0,0.79
010950,2025-09-16,0,74692,0.0,0.78
010950,2025-09-17,0,74692,0.0,0.79
010950,2025-09-18,0,74692,0.0,0.79
010950,2025-09-19,0,74692,0.0,0.77
010950,2025-09-22,0,74692,0.0,0.78
010950,2025-09-23,0,74692,0.0,0.78
010950,2025-09-24,0,74692,0.0,0.8
010950,2025-09-25,0,74692,0.0,0.82
010950,2025-09-26,0,74692,0.0,0.82
010950,2025-09-29,0,74692,0.0,0.87
010950,2025-09-30,0,74692,0.0,0.84
010950,2025-10-01,0,74692,0.0,0.84
010950,2025-10-02,0,74692,0.0,0.83
010950,2025-10-10,0,74692,0.0,0.89
010950,2025-10-13,0,74692,0.0,0.89
010950,2025-10-14,0,74692,0.0,0.89
010950,2025-10-15,0,74692,0.0,0.88
010950,2025-10-16,0,74692,0.0,0.91
010950,2025-10-17,0,74692,0.0,0.87
010950,2025-10-20,0,74692,0.0,0.9
010950,2025-10-21,0,74692,0.0,0.91
010950,2025-10-22,0,74692,0.0,0.97
010950,2025-10-23,0,74692,0.0,0.98
010950,2025-10-24,0,74692,0.0,1.0
010950,2025-10-27,0,74692,0.0,0.99
010950,2025-10-28,0,74692,0.0,0.99
010950,2025-10-29,0,74692,0.0,0.99
010950,2025-10-30,0,74692,0.0,0.98
010950,2025-10-31,0,74692,0.0,0.96
010950,2025-11-03,0,74692,0.0,0.97
010950,2025-11-04,0,74692,0.0,1.03
010950,2025-11-05,0,74692,0.0,1.0
010950,2025-11-06,0,74692,0.0,1.02
010950,2025-11-07,0,74692,0.0,1.0
010950,2025-11-10,0,74692,0.0,1.06
010950,2025-11-11,0,74692,0.0,1.1
010950,2025-11-12,0,74692,0.0,1.17
010950,2025-11-13,0,74692,0.0,1.16
010950,2025-11-14,0,74692,0.0,1.15
010950,2025-11-17,0,74692,0.0,1.18
010950,2025-11-18,0,74692,0.0,1.15
010950,2025-11-19,0,74692,0.0,1.2
010950,2025-11-20,0,74692,0.0,1.2
010950,2025-11-21,0,74692,0.0,1.2
010950,2025-11-24,0,74692,0.0,1.09
010950,2025-11-25,0,74692,0.0,1.08
010950,2025-11-26,0,74692,0.0,1.08
010950,2025-11-27,0,74692,0.0,1.04
010950,2025-11-28,0,74692,0.0,1.03
010950,2025-12-01,0,74692,0.0,1.04
010950,2025-12-02,0,74692,0.0,1.08
010950,2025-12-03,0,74692,0.0,1.08
010950,2025-12-04,0,74692,0.0,1.09
010950,2025-12-05,0,74692,0.0,1.08
010950,2025-12-08,0,74692,0.0,1.07
010950,2025-12-09,0,74692,0.0,1.08
010950,2025-12-10,0,74692,0.0,1.09
010950,2025-12-11,0,74692,0.0,1.08
010950,2025-12-12,0,74692,0.0,1.09
010950,2025-12-15,0,74692,0.0,1.16
010950,2025-12-16,0,74692,0.0,1.12
010950,2025-12-17,0,74692,0.0,1.14
010950,2025-12-18,0,74692,0.0,1.08
010950,2025-12-19,0,74692,0.0,1.09
010950,2025-12-22,0,74692,0.0,1.12
010950,2025-12-23,0,74692,0.0,1.12
010950,2025-12-24,0,74692,0.0,1.11
010950,2025-12-26,0,74692,0.0,1.1
010950,2025-12-29,0,74692,0.0,1.09
010950,2025-12-30,0,74692,0.0,1.11
