ticker,trade_date,individual_net_amt,foreign_net_amt,inst_net_amt,market_cap
073240,2020-01-02,-100301760,256418240,-156116480,1195001000000
073240,2020-01-03,381009360,25552240,-406561600,1183511000000
073240,2020-01-06,124480390,-84631905,-39848485,1164839000000
073240,2020-01-07,26693550,-61977150,35283600,1163403000000
073240,2020-01-08,248589000,122629950,-371218950,1163403000000
073240,2020-01-09,35552490,137059605,-172612095,1167711000000
073240,2020-01-10,156174675,261996585,-418171260,1159094000000
073240,2020-01-13,-215392600,331789040,-116396440,1160530000000
073240,2020-01-14,-262078960,579135180,-317056220,1157657000000
073240,2020-01-15,22745035,80188080,-102933115,1161966000000
073240,2020-01-16,-112362010,180350370,-67988360,1161966000000
073240,2020-01-17,617628220,-198190240,-419437980,1151912000000
073240,2020-01-20,247112240,-152913330,-94198910,1151912000000
073240,2020-01-21,-39301065,79503255,-40202190,1150476000000
073240,2020-01-22,-249851040,134521260,115329780,1154785000000
073240,2020-01-23,241082660,-30777110,-210305550,1157657000000
073240,2020-01-28,-120969090,-14487550,135456640,1121750000000
073240,2020-01-29,775638770,-273194700,-502444070,1117441000000
073240,2020-01-30,683444085,-483928920,-199515165,1110259000000
073240,2020-01-31,314088040,-237672760,-76415280,1097333000000
073240,2020-02-03,392169020,-367124650,-25044370,1100205000000
073240,2020-02-04,742314800,-176867200,-565447600,1091588000000
073240,2020-02-05,868468510,-336050260,-532418250,1082970000000
073240,2020-02-06,-533405680,422766500,110639180,1108823000000
073240,2020-02-07,486119355,-191331360,-294787995,1107387000000
073240,2020-02-10,121713520,-28834200,-92879320,1108823000000
073240,2020-02-11,-221404440,185479520,35924920,1114568000000
073240,2020-02-12,-221365305,92384845,128980460,1136113000000
073240,2020-02-13,197072550,-95582850,-101489700,1141858000000
073240,2020-02-14,-21933780,41829800,-19896020,1143294000000
073240,2020-02-17,144768520,87492340,-232260860,1143294000000
073240,2020-02-18,-59984575,109693325,-49708750,1156221000000
073240,2020-02-19,137451840,-163646160,26194320,1154785000000
073240,2020-02-20,310349940,-64773530,-245576410,1151912000000
073240,2020-02-21,6391880,170968860,-177360740,1143294000000
073240,2020-02-24,262638540,-307707030,45068490,1094460000000
073240,2020-02-25,-17514590,147995030,-130480440,1100205000000
073240,2020-02-26,1340040960,-1159607040,-180433920,1103078000000
073240,2020-02-27,401501230,-344615700,-56885530,1082970000000
073240,2020-02-28,-180343655,-97719895,278063550,1052807000000
073240,2020-03-02,101560140,-122893650,21333510,1042753000000
073240,2020-03-03,976298960,-594513920,-381785040,1045626000000
073240,2020-03-04,-69139280,165089800,-95950520,1071479000000
073240,2020-03-05,157125160,67604040,-224729200,1108823000000
073240,2020-03-06,707517315,-45906885,-661610430,1072916000000
073240,2020-03-09,101311315,-6391665,-94919650,1035572000000
073240,2020-03-10,-323639285,-3823130,327462415,1049935000000
073240,2020-03-11,263457750,-70187250,-193270500,1041317000000
073240,2020-03-12,379855980,-625196520,245340540,982429000000
073240,2020-03-13,-733941480,611542115,122399365,946521000000
073240,2020-03-16,72516240,-2107720,-70408520,958012000000
073240,2020-03-17,-113441050,26635850,86805200,962321000000
073240,2020-03-18,394375615,-98276065,-296099550,929286000000
073240,2020-03-19,-1294046820,1176731820,117315000,853162000000
073240,2020-03-20,2833231800,8796090,-2842027890,870397000000
073240,2020-03-23,546963690,-117922350,-429041340,784219000000
073240,2020-03-24,278435125,-321784375,43349250,825872000000
073240,2020-03-25,71284785,37581150,-108865935,857471000000
073240,2020-03-26,-100375440,224509080,-124133640,848853000000
073240,2020-03-27,158843750,-314201160,155357410,858907000000
073240,2020-03-30,-75446670,31054140,44392530,858907000000
073240,2020-03-31,-25321500,-420600060,445921560,879015000000
073240,2020-04-01,-163612080,348564600,-184952520,879015000000
073240,2020-04-02,307574500,-599566665,291992165,886197000000
073240,2020-04-03,175689960,-155452520,-20237440,881888000000
073240,2020-04-06,-743786210,218077445,525708765,903432000000
073240,2020-04-07,318859905,-433895735,115035830,914923000000
073240,2020-04-08,29183715,257700135,-286883850,900560000000
073240,2020-04-09,-45276345,91498410,-46222065,917795000000
073240,2020-04-10,387247330,-179056940,-208190390,920668000000
073240,2020-04-13,62308880,120964800,-183273680,907741000000
073240,2020-04-14,-352042960,113731560,238311400,907741000000
073240,2020-04-16,133251540,-9256980,-123994560,913486000000
073240,2020-04-17,-749144610,339345460,409799150,946521000000
073240,2020-04-20,824548650,-619932075,-204616575,926413000000
073240,2020-04-21,643793750,-486853125,-156940625,897687000000
073240,2020-04-22,594879360,-396482880,-198396480,873270000000
073240,2020-04-23,-196218825,131649975,64568850,883324000000
073240,2020-04-24,211063325,-37779225,-173284100,868961000000
073240,2020-04-27,-166317525,-39246225,205563750,883324000000
073240,2020-04-28,77671440,-51691640,-25979800,884760000000
073240,2020-04-29,-305449200,259711380,45737820,879015000000
073240,2020-05-04,1075700500,-676470375,-399230125,854598000000
073240,2020-05-06,256866175,-314906280,58040105,860343000000
073240,2020-05-07,-30213950,-58998680,89212630,858907000000
073240,2020-05-08,-355842850,193672600,162170250,868961000000
073240,2020-05-11,-999750705,443115825,556634880,909177000000
073240,2020-05-12,1193755750,-955122575,-238633175,868961000000
073240,2020-05-13,173103900,-274996740,101892840,870397000000
073240,2020-05-14,490464450,-371125300,-119339150,854598000000
073240,2020-05-15,64422540,-213408260,148985720,858907000000
073240,2020-05-18,241782660,-248785740,7003080,844544000000
073240,2020-05-19,-332020845,138041775,193979070,866088000000
073240,2020-05-20,44795535,-39774180,-5021355,863216000000
073240,2020-05-21,-89343000,166815000,-77472000,861780000000
073240,2020-05-22,316209000,-150528000,-165681000,861780000000
073240,2020-05-25,145269250,-156371950,11102700,854598000000
073240,2020-05-26,-706711140,465492840,241218300,870397000000
073240,2020-05-27,-1420785250,1064897990,355887260,899123000000
073240,2020-05-28,82662820,-239997250,157334430,881888000000
073240,2020-05-29,707992725,-812275175,104282450,845980000000
073240,2020-06-01,-169818180,121685270,48132910,864652000000
073240,2020-06-02,-777505800,702112890,75392910,887633000000
073240,2020-06-03,-2005041150,994603190,1010437960,945085000000
073240,2020-06-04,-119279715,-238511205,357790920,923540000000
073240,2020-06-05,-522788020,-10671440,533459460,950830000000
073240,2020-06-08,-63443160,-213696090,277139250,956575000000
073240,2020-06-09,-23019280,-328732820,351752100,959448000000
073240,2020-06-10,-547008330,-50866970,597875300,979556000000
073240,2020-06-11,-162921500,-437629500,600551000,1005410000000
073240,2020-06-12,428410710,-423739875,-4670835,952266000000
073240,2020-06-15,3763820,-155766365,152002545,880451000000
073240,2020-06-16,-339262875,26703790,312559085,923540000000
073240,2020-06-17,196383600,-137910150,-58473450,904869000000
073240,2020-06-18,-72061980,6601680,65460300,913486000000
073240,2020-06-19,105796845,13590225,-119387070,900560000000
073240,2020-06-22,-8927010,90348510,-81421500,887633000000
073240,2020-06-23,-73326240,206241360,-132915120,896251000000
073240,2020-06-24,5072705,-9486175,4413470,889069000000
073240,2020-06-25,476918730,-17456850,-459461880,866088000000
073240,2020-06-26,363957540,-194238150,-169719390,870397000000
073240,2020-06-29,310009455,-210976785,-99032670,860343000000
073240,2020-06-30,-536663970,447465195,89198775,866088000000
073240,2020-07-01,-40167000,-110367000,150534000,861780000000
073240,2020-07-02,-270991080,109643580,161347500,870397000000
073240,2020-07-03,-352116300,293473680,58642620,870397000000
073240,2020-07-06,-425813080,155650880,270162200,884760000000
073240,2020-07-07,191500740,-238004100,46503360,866088000000
073240,2020-07-08,2136640,62062715,-64199355,871834000000
073240,2020-07-09,75426000,24087000,-99513000,861780000000
073240,2020-07-10,555730560,-302937600,-252792960,844544000000
073240,2020-07-13,-27841760,-18822640,46664400,850289000000
073240,2020-07-14,14159560,48286220,-62445780,845980000000
073240,2020-07-15,-272628860,35730350,236898510,860343000000
073240,2020-07-16,-17883145,17400950,482195,860343000000
073240,2020-07-17,32148450,-96081180,63932730,857471000000
073240,2020-07-20,-62849850,126651700,-63801850,854598000000
073240,2020-07-21,-762799125,567075575,195723550,868961000000
073240,2020-07-22,-127339495,-127900970,255240465,871834000000
073240,2020-07-23,348478520,-252236400,-96242120,858907000000
073240,2020-07-24,134990520,1423200,-136413720,851725000000
073240,2020-07-27,-136379040,-41564320,177943360,850289000000
073240,2020-07-28,48710300,151599765,-200310065,845980000000
073240,2020-07-29,-191850300,115291900,76558400,847417000000
073240,2020-07-30,-349515000,218649000,130866000,861780000000
073240,2020-07-31,875210490,-302351800,-572858690,830181000000
073240,2020-08-03,240811990,-38360005,-202451985,808636000000
073240,2020-08-04,-153326875,51087300,102239575,811509000000
073240,2020-08-05,15975125,66293250,-82268375,808636000000
073240,2020-08-06,-609338550,321767850,287570700,818691000000
073240,2020-08-07,4311050,62518790,-66829840,820127000000
073240,2020-08-10,-285783750,346659750,-60876000,818691000000
073240,2020-08-11,-914965750,885229180,29736570,841671000000
073240,2020-08-12,-379874115,325191840,54682275,848853000000
073240,2020-08-13,-1858750700,1155574600,703176100,890506000000
073240,2020-08-14,-50768700,-255759300,306528000,887633000000
073240,2020-08-18,-1221248340,58747080,1162501260,887633000000
073240,2020-08-19,-988286390,751139900,237146490,945085000000
073240,2020-08-20,152526150,-124856550,-27669600,904869000000
073240,2020-08-21,-257960835,251646985,6313850,920668000000
073240,2020-08-24,-156265600,-69708800,225974400,919232000000
073240,2020-08-25,-278502400,429283200,-150780800,919232000000
073240,2020-08-26,-95032290,337733985,-242701695,909177000000
073240,2020-08-27,-102639310,293829700,-191190390,881888000000
073240,2020-08-28,-1185086880,1274791760,-89704880,988174000000
073240,2020-08-31,-533757750,517610150,16147600,1048499000000
073240,2020-09-01,-1077021300,331411630,745609670,1140422000000
073240,2020-09-02,-235025850,-386779425,621805275,1141858000000
073240,2020-09-03,37304190,176143295,-213447485,1104514000000
073240,2020-09-04,305859840,69411840,-375271680,1103078000000
073240,2020-09-07,434461940,-421572900,-12889040,1054244000000
073240,2020-09-08,-175447140,-321864400,497311540,1074352000000
073240,2020-09-09,502966750,-419830125,-83136625,1026954000000
073240,2020-09-10,204710940,-96704160,-108006780,1025518000000
073240,2020-09-11,-4677120,76330320,-71653200,999664000000
073240,2020-09-14,-1232401630,-28817440,1261219070,1110259000000
073240,2020-09-15,-591977320,-134798920,726776240,1108823000000
073240,2020-09-16,-428411685,115675105,312736580,1101642000000
073240,2020-09-17,-1653052060,-258240400,1911292460,1200746000000
073240,2020-09-18,294951670,-619681010,324729340,1157657000000
073240,2020-09-21,-743698610,203002240,540696370,1151912000000
073240,2020-09-22,830001060,-749131740,-80869320,1085842000000
073240,2020-09-23,83634200,-283084800,199450600,1091588000000
073240,2020-09-24,-320108250,78712095,241396155,1090151000000
073240,2020-09-25,379981110,-369070935,-10910175,1049935000000
073240,2020-09-28,-193071360,-155101540,348172900,1054244000000
073240,2020-09-29,-62780025,86031750,-23251725,1055680000000
073240,2020-10-05,-396945650,112919260,284026390,1088715000000
073240,2020-10-06,7361825,-8043125,681300,1087279000000
073240,2020-10-07,-88333075,-102868175,191201250,1093024000000
073240,2020-10-08,143501250,125370000,-268871250,1077225000000
073240,2020-10-12,36367175,2477125,-38844300,1070043000000
073240,2020-10-13,511464780,-293704710,-217760070,1029827000000
073240,2020-10-14,376099500,-229971000,-146128500,1005410000000
073240,2020-10-15,-185115445,208333045,-23217600,992483000000
073240,2020-10-16,-300226140,640525500,-340299360,956575000000
073240,2020-10-19,-91327180,-236766040,328093220,985301000000
073240,2020-10-20,24960440,-336737580,311777140,993919000000
073240,2020-10-21,-93936370,-15694810,109631180,996792000000
073240,2020-10-22,-810019020,263732160,546286860,1037008000000
073240,2020-10-23,579899320,-351813280,-228086040,1045626000000
073240,2020-10-26,-785633470,-7470835,793104305,1104514000000
073240,2020-10-27,677391750,-482043150,-195348600,1059989000000
073240,2020-10-28,227830005,-61529140,-166300865,1061425000000
073240,2020-10-29,459864920,-372226910,-87638010,1061425000000
073240,2020-10-30,623178000,-479980560,-143197440,1022645000000
073240,2020-11-02,21949375,-38693250,16743875,1041317000000
073240,2020-11-03,-531353640,252323880,279029760,1068607000000
073240,2020-11-04,-196381040,-54147760,250528800,1080097000000
073240,2020-11-05,-625452525,395065125,230387400,1098769000000
073240,2020-11-06,-137622240,124112520,13509720,1085842000000
073240,2020-11-09,-175748650,-150789100,326537750,1105951000000
073240,2020-11-10,-373756280,313360020,60396260,1131804000000
073240,2020-11-11,-1361170350,472543140,888627210,1180638000000
073240,2020-11-12,289497560,-188705000,-100792560,1153348000000
073240,2020-11-13,-115439600,-8523900,123963500,1177766000000
073240,2020-11-16,262510930,-217378700,-45132230,1169148000000
073240,2020-11-17,-368932010,449091250,-80159240,1164839000000
073240,2020-11-18,650729570,-77343710,-573385860,1123186000000
073240,2020-11-19,-355080680,506526400,-151445720,1131804000000
073240,2020-11-20,-121399300,132131450,-10732150,1134677000000
073240,2020-11-23,-230573630,281631800,-51058170,1140422000000
073240,2020-11-24,229493790,6451250,-235945040,1140422000000
073240,2020-11-25,160871650,-137582450,-23289200,1134677000000
073240,2020-11-26,727290480,-641243720,-86046760,1114568000000
073240,2020-11-27,119441920,-96328760,-23113160,1114568000000
073240,2020-11-30,207175595,-303479800,96304205,1110259000000
073240,2020-12-01,20525700,-215291700,194766000,1120314000000
073240,2020-12-02,127176450,157449765,-284626215,1107387000000
073240,2020-12-03,79143505,284336815,-363480320,1136113000000
073240,2020-12-04,-40053000,-36845600,76898600,1134677000000
073240,2020-12-07,211219950,-32616750,-178603200,1127495000000
073240,2020-12-08,-505281480,331505440,173776040,1123186000000
073240,2020-12-09,-1092427800,291043900,801383900,1134677000000
073240,2020-12-10,-221057800,-304778050,525835850,1134677000000
073240,2020-12-11,-1626253200,1028724300,597528900,1163403000000
073240,2020-12-14,983353800,-359553550,-623800250,1127495000000
073240,2020-12-15,-174395600,114323475,60072125,1127495000000
073240,2020-12-16,-213414720,84337800,129076920,1128931000000
073240,2020-12-17,5563930,-188548020,182984090,1123186000000
073240,2020-12-18,400499805,-308639010,-91860795,1107387000000
073240,2020-12-21,93934785,-38819850,-55114935,1107387000000
073240,2020-12-22,70429200,-15424200,-55005000,1091588000000
073240,2020-12-23,361037430,83625555,-444662985,1064298000000
073240,2020-12-24,-497110545,295381400,201729145,1087279000000
073240,2020-12-28,-692018400,198416200,493602200,1062862000000
073240,2020-12-29,241657000,477263150,-718920150,1082970000000
073240,2020-12-30,-111384980,141721755,-30336775,1087279000000
073240,2021-01-04,1081580010,184438940,-1266018950,1065734000000
073240,2021-01-05,1727870680,-541620490,-1186250190,1061425000000
073240,2021-01-06,-286879460,552712090,-265832630,1065734000000
073240,2021-01-07,-1407124680,905646320,501478360,1114568000000
073240,2021-01-08,-366392280,643346680,-276954400,1114568000000
073240,2021-01-11,945211080,-239482440,-705728640,1068607000000
073240,2021-01-12,-172182120,493264860,-321082740,1074352000000
073240,2021-01-13,-772386290,534559610,237826680,1082970000000
073240,2021-01-14,-977003750,1026278250,-49274500,1113132000000
073240,2021-01-15,-781999290,694823670,87175620,1111696000000
073240,2021-01-18,841108275,-499773995,-341334280,1075788000000
073240,2021-01-19,-556065010,629757770,-73692760,1088715000000
073240,2021-01-20,-126996025,689789945,-562793920,1101642000000
073240,2021-01-21,-4451498230,4512080195,-60581965,1161966000000
073240,2021-01-22,-2161878635,1696685285,465193350,1190692000000
073240,2021-01-25,-906600500,88585575,818014925,1213673000000
073240,2021-01-26,-25924360,37540580,-11616220,1200746000000
073240,2021-01-27,-322753200,112879200,209874000,1206492000000
073240,2021-01-28,710074485,-876013650,165939165,1150476000000
073240,2021-01-29,524366375,-727385875,203019500,1084406000000
073240,2021-02-01,-530341560,224869770,305471790,1124622000000
073240,2021-02-02,-993663825,801449950,192213875,1156221000000
073240,2021-02-03,159785590,586136680,-745922270,1161966000000
073240,2021-02-04,861438090,-181560735,-679877355,1133240000000
073240,2021-02-05,-524232000,44118815,480113185,1161966000000
073240,2021-02-08,-647831340,-227853180,875684520,1189256000000
073240,2021-02-09,-241658640,-188530065,430188705,1202183000000
073240,2021-02-10,-183631580,117980500,65651080,1200746000000
073240,2021-02-15,291768900,-214032360,-77736540,1180638000000
073240,2021-02-16,5723600,-64915300,59191700,1177766000000
073240,2021-02-17,339641100,-41293800,-298347300,1163403000000
073240,2021-02-18,260280000,-295296000,35016000,1149040000000
073240,2021-02-19,65174530,-71746920,6572390,1151912000000
073240,2021-02-22,121370670,-56003660,-65367010,1151912000000
073240,2021-02-23,-370760590,213532500,157228090,1151912000000
073240,2021-02-24,-183020880,-51456400,234477280,1131804000000
073240,2021-02-25,-631590925,176536500,455054425,1156221000000
073240,2021-02-26,587473200,-246998550,-340474650,1141858000000
073240,2021-03-02,-1294391670,1057810520,236581150,1157657000000
073240,2021-03-03,-159481440,-144973260,304454700,1154785000000
073240,2021-03-04,785451470,-285863975,-499587495,1144731000000
073240,2021-03-05,404551100,-176983700,-227567400,1134677000000
073240,2021-03-08,124041775,-70002375,-54039400,1127495000000
073240,2021-03-09,-334971840,94981600,239990240,1126059000000
073240,2021-03-10,189585230,-188455680,-1129550,1118877000000
073240,2021-03-11,-551576820,447425240,104151580,1130368000000
073240,2021-03-12,93993760,-8624000,-85369760,1126059000000
073240,2021-03-15,300249180,-75218895,-225030285,1124622000000
073240,2021-03-16,-154865580,93015240,61850340,1128931000000
073240,2021-03-17,136233450,-67847520,-68385930,1128931000000
073240,2021-03-18,-87628515,74182620,13445895,1130368000000
073240,2021-03-19,463590220,-88376165,-375214055,1130368000000
073240,2021-03-22,47348010,-50664015,3316005,1124622000000
073240,2021-03-23,741911430,-529045920,-212865510,1101642000000
073240,2021-03-24,204854200,-260938400,56084200,1091588000000
073240,2021-03-25,14596905,-72830160,58233255,1081533000000
073240,2021-03-26,139655380,-128214480,-11440900,1097333000000
073240,2021-03-29,325247400,-125027775,-200219625,1098769000000
073240,2021-03-30,205157780,-331287340,126129560,1100205000000
073240,2021-03-31,786239220,-670236150,-116003070,1094460000000
073240,2021-04-01,97876015,-64962765,-32913250,1093024000000
073240,2021-04-02,-154582630,43527950,111054680,1100205000000
073240,2021-04-05,241108875,-149366250,-91742625,1098769000000
073240,2021-04-06,434755290,-275074380,-159680910,1094460000000
073240,2021-04-07,238352565,-157249620,-81102945,1090151000000
073240,2021-04-08,431809680,-303510960,-128298720,1080097000000
073240,2021-04-09,168134460,57341700,-225476160,1082970000000
073240,2021-04-12,-305394600,313997800,-8603200,1091588000000
073240,2021-04-13,-62752060,2621645,60130415,1093024000000
073240,2021-04-14,-95331920,-182072660,277404580,1097333000000
073240,2021-04-15,-30087570,80897730,-50810160,1094460000000
073240,2021-04-16,466697000,-165288600,-301408400,1091588000000
073240,2021-04-19,78166115,-118818735,40652620,1093024000000
073240,2021-04-20,-173624110,-17732605,191356715,1121750000000
073240,2021-04-21,658750600,-424720985,-234029615,1110259000000
073240,2021-04-22,2269680,74880140,-77149820,1108823000000
073240,2021-04-23,-2302067220,2124667830,177399390,1107387000000
073240,2021-04-26,-652177470,815911110,-163733640,1146167000000
073240,2021-04-27,-400138915,111910095,288228820,1153348000000
073240,2021-04-28,186006080,-156538200,-29467880,1138985000000
073240,2021-04-29,-248761940,73797160,174964780,1143294000000
073240,2021-04-30,-1087143800,1077270040,9873760,1160530000000
073240,2021-05-03,-56717265,17496075,39221190,1133240000000
073240,2021-05-04,-867206635,-84690005,951896640,1147603000000
073240,2021-05-06,-636060070,255490290,380569780,1161966000000
073240,2021-05-07,-1216668750,394424250,822244500,1184947000000
073240,2021-05-10,-1729056000,2037607040,-308551040,1286924000000
073240,2021-05-11,-720138240,-3516062720,4236200960,1470771000000
073240,2021-05-12,-6452292460,1851850120,4600442340,1625891000000
073240,2021-05-13,-182757120,-1103291280,1286048400,1568439000000
073240,2021-05-14,-1557859280,-436013840,1993873120,1631636000000
073240,2021-05-17,8590553650,-2681806040,-5908747610,1375975000000
073240,2021-05-18,332139000,-701684250,369545250,1364485000000
073240,2021-05-20,261292750,-526171750,264879000,1364485000000
073240,2021-05-21,1474709555,224410835,-1699120390,1311341000000
073240,2021-05-24,367986190,-697497845,329511655,1334322000000
073240,2021-05-25,17780250,-619741800,601961550,1352994000000
073240,2021-05-26,871274500,-1264243080,392968580,1373102000000
073240,2021-05-27,337053030,-683656230,346603200,1404701000000
073240,2021-05-28,703977760,-449038720,-254939040,1424809000000
073240,2021-05-31,674703360,-359879680,-314823680,1470771000000
073240,2021-06-01,-1561923480,308190600,1253732880,1505242000000
073240,2021-06-02,684638380,-1301731310,617092930,1502369000000
073240,2021-06-03,60696500,-531946210,471249710,1496624000000
073240,2021-06-04,-3453004800,2047656960,1405347840,1654617000000
073240,2021-06-07,-3440898900,-1661579900,5102478800,1924642000000
073240,2021-06-08,3772165020,-10376984280,6604819260,1904533000000
073240,2021-06-09,-10773114880,1517127040,9255987840,2022310000000
073240,2021-06-10,-8128265580,-1049376960,9177642540,2119978000000
073240,2021-06-11,2918253520,-5255366480,2337112960,2091252000000
073240,2021-06-14,3450935370,-2666977860,-783957510,1933259000000
073240,2021-06-15,-3594484760,1077213500,2517271260,2002202000000
073240,2021-06-16,-5452492080,5010516000,441976080,2033800000000
073240,2021-06-17,-1410718400,-194208560,1604926960,2091252000000
073240,2021-06-18,-4490878560,2021952360,2468926200,2102743000000
073240,2021-06-21,-1465627680,153413920,1312213760,2117106000000
073240,2021-06-22,-8122052790,6746186700,1375866090,2266481000000
073240,2021-06-23,2463633900,-5228502930,2764869030,2232010000000
073240,2021-06-24,-674297440,-575877360,1250174800,2229137000000
073240,2021-06-25,-1592026080,222761040,1369265040,2137214000000
073240,2021-06-28,-511951530,-883782360,1395733890,2174558000000
073240,2021-06-29,-10134099840,7003654560,3130445280,2344041000000
073240,2021-06-30,1764536340,-3040799040,1276262700,2303825000000
073240,2021-07-01,3405452940,-2579076360,-826376580,2223392000000
073240,2021-07-02,1443792920,-1369190560,-74602360,2177430000000
073240,2021-07-05,265999580,-148400000,-117599580,2131469000000
073240,2021-07-06,-1330698140,1159756130,170942010,2134341000000
073240,2021-07-07,1340980580,-728621210,-612359370,2088380000000
073240,2021-07-08,-870283260,3292373700,-2422090440,1990711000000
073240,2021-07-09,49432360,38697120,-88129480,2005074000000
073240,2021-07-12,-186609280,-332703360,519312640,2022310000000
073240,2021-07-13,289788840,-751754200,461965360,1987839000000
073240,2021-07-14,-629505200,2909173500,-2279668300,1924642000000
073240,2021-07-15,-1612913040,604703880,1008209160,1964858000000
073240,2021-07-16,-104227360,-10696380,114923740,1936132000000
073240,2021-07-19,455843220,-613620180,157776960,1921769000000
073240,2021-07-20,579763800,-1054904400,475140600,1895916000000
073240,2021-07-21,-411541650,51723590,359818060,1961985000000
073240,2021-07-22,335733300,-1738275600,1402542300,1982094000000
073240,2021-07-23,101339370,-828604440,727265070,1973476000000
073240,2021-07-26,124609620,-123958740,-650880,1947622000000
073240,2021-07-27,-386228250,131166000,255062250,1939005000000
073240,2021-07-28,662342950,-539833030,-122509920,1944750000000
073240,2021-07-29,427204960,-777481120,350276160,1941877000000
073240,2021-07-30,572876800,-343844000,-229032800,1924642000000
073240,2021-08-02,460149580,-983381140,523231560,1901661000000
073240,2021-08-03,560215440,-74928240,-485287200,1861444000000
073240,2021-08-04,-1807233920,1598891400,208342520,1918896000000
073240,2021-08-05,574463680,-1156112200,581648520,1936132000000
073240,2021-08-06,447289920,-456361920,9072000,1930387000000
073240,2021-08-09,1669221650,-1130300750,-538920900,1881553000000
073240,2021-08-10,209873850,223520000,-433393850,1824101000000
073240,2021-08-11,-1230940080,1080467300,150472780,1855699000000
073240,2021-08-12,-299366900,245154770,54212130,1858572000000
073240,2021-08-13,840379980,-895216080,54836100,1832718000000
073240,2021-08-17,201907760,133066080,-334973840,1763776000000
073240,2021-08-18,-928767840,1832575360,-903807520,1769521000000
073240,2021-08-19,647777130,-520898840,-126878290,1674725000000
073240,2021-08-20,-346651200,641831400,-295180200,1637382000000
073240,2021-08-23,-2165483680,2436868480,-271384800,1677598000000
073240,2021-08-24,-263052900,216233820,46819080,1706324000000
073240,2021-08-25,193210980,-152057520,-41153460,1740795000000
073240,2021-08-26,594052260,-818569440,224517180,1720687000000
073240,2021-08-27,-79264920,-394912110,474177030,1697706000000
073240,2021-08-30,-412704000,611256000,-198552000,1723560000000
073240,2021-08-31,1633547640,-1205799570,-427748070,1697706000000
073240,2021-09-01,-445278630,472323480,-27044850,1720687000000
073240,2021-09-02,646168380,-187625200,-458543180,1703451000000
073240,2021-09-03,-170986770,119937300,51049470,1714942000000
073240,2021-09-06,84273980,-135540300,51266320,1729305000000
073240,2021-09-07,1737960250,-1143816460,-594143790,1686216000000
073240,2021-09-08,-952991360,79952000,873039360,1746540000000
073240,2021-09-09,2683410570,-1095427020,-1587983550,1645999000000
073240,2021-09-10,-637822210,-516376300,1154198510,1691961000000
073240,2021-09-13,118729740,-771042720,652312980,1663235000000
073240,2021-09-14,-1119429820,859713610,259716210,1703451000000
073240,2021-09-15,-211617980,435416180,-223798200,1703451000000
073240,2021-09-16,96031980,-6605280,-89426700,1706324000000
073240,2021-09-17,570342080,-246108280,-324233800,1683343000000
073240,2021-09-23,-21413600,16350200,5063400,1666108000000
073240,2021-09-24,461636580,-444776040,-16860540,1671853000000
073240,2021-09-27,-424644390,293448780,131195610,1663235000000
073240,2021-09-28,146752710,211367070,-358119780,1640254000000
073240,2021-09-29,998668000,-822448000,-176220000,1579930000000
073240,2021-09-30,-107026240,259476920,-152450680,1582802000000
073240,2021-10-01,-21891800,283454920,-261563120,1528223000000
073240,2021-10-05,-967132740,792071520,175061220,1533968000000
073240,2021-10-06,-413720850,406174590,7546260,1490879000000
073240,2021-10-07,-348301210,-79792090,428093300,1554076000000
073240,2021-10-08,-252967760,464106680,-211138920,1574184000000
073240,2021-10-12,413778510,-160895350,-252883160,1519605000000
073240,2021-10-13,-1283016000,546072800,736943200,1608656000000
073240,2021-10-14,-99545160,-641229160,740774320,1643127000000
073240,2021-10-15,-471035270,60632640,410402630,1634509000000
073240,2021-10-18,-111474500,107762450,3712050,1623019000000
073240,2021-10-19,-87032600,-294833950,381866550,1623019000000
073240,2021-10-20,191407480,-286726890,95319410,1600038000000
073240,2021-10-21,331892680,-379890200,47997520,1554076000000
073240,2021-10-22,-166769240,2291880,164477360,1545458000000
073240,2021-10-25,-366135770,46695320,319440450,1588547000000
073240,2021-10-26,-123336510,-209298320,332634830,1600038000000
073240,2021-10-27,-68221200,4698200,63523000,1597165000000
073240,2021-10-28,398050760,-431840440,33789680,1574184000000
073240,2021-10-29,460923900,-246233750,-214690150,1536841000000
073240,2021-11-01,235386000,-774311400,538925400,1551204000000
073240,2021-11-02,-1269465430,626558630,642906800,1582802000000
073240,2021-11-03,791005260,-438846600,-352158660,1545458000000
073240,2021-11-04,172887000,-1052128000,879241000,1579930000000
073240,2021-11-05,-171209500,61649500,109560000,1579930000000
073240,2021-11-08,40459930,-67398320,26938390,1582802000000
073240,2021-11-09,-147343560,-238470960,385814520,1568439000000
073240,2021-11-10,186755940,-265675160,78919220,1545458000000
073240,2021-11-11,430399440,-316003140,-114396300,1499497000000
073240,2021-11-12,-692333250,108265500,584067750,1508115000000
073240,2021-11-15,-271719000,-94403400,366122400,1528223000000
073240,2021-11-16,1340165500,-1252316950,-87848550,1429118000000
073240,2021-11-17,2794456260,-687930840,-2106525420,1318523000000
073240,2021-11-18,1222019930,427038710,-1649058640,1272561000000
073240,2021-11-19,934905140,829134540,-1764039680,1269689000000
073240,2021-11-22,-263948545,597167970,-333219425,1276870000000
073240,2021-11-23,827378125,-87460625,-739917500,1256762000000
073240,2021-11-24,311339700,764967105,-1076306805,1245272000000
073240,2021-11-25,187809930,333900105,-521710035,1236654000000
073240,2021-11-26,902851575,25085040,-927936615,1182074000000
073240,2021-11-29,-318966830,-171600040,490566870,1174893000000
073240,2021-11-30,1141276160,546426780,-1687702940,1131804000000
073240,2021-12-01,-240735250,434893200,-194157950,1156221000000
073240,2021-12-02,-293633250,334602050,-40968800,1192129000000
073240,2021-12-03,-85185200,182333350,-97148150,1242399000000
073240,2021-12-06,80981250,-6628125,-74353125,1256762000000
073240,2021-12-07,113624120,-93764455,-19859665,1259635000000
073240,2021-12-08,-866656655,306241185,560415470,1273998000000
073240,2021-12-09,-779741625,36347265,743394360,1322832000000
073240,2021-12-10,241846900,-245854400,4007500,1315650000000
073240,2021-12-13,107162830,-271357640,164194810,1289797000000
073240,2021-12-14,132211800,16546320,-148758120,1266816000000
073240,2021-12-15,1431483620,-1387551310,-43932310,1272561000000
073240,2021-12-16,204058800,-289357200,85298400,1263944000000
073240,2021-12-17,-102983640,63371505,39612135,1262507000000
073240,2021-12-20,819390,117159900,-117979290,1232345000000
073240,2021-12-21,-986712270,502897350,483814920,1284052000000
073240,2021-12-22,-2693896290,2685519160,8377130,1272561000000
073240,2021-12-23,-286444750,-5656400,292101150,1285488000000
073240,2021-12-24,-679500250,369463710,310036540,1311341000000
073240,2021-12-27,264402600,-397195260,132792660,1327141000000
073240,2021-12-28,-422497680,-173758800,596256480,1309905000000
073240,2021-12-29,576718180,267673520,-844391700,1315650000000
073240,2021-12-30,1089757900,-603278430,-486479470,1324268000000
073240,2022-01-03,455482530,164982110,-620464640,1294106000000
073240,2022-01-04,3099867320,-2405755770,-694111550,1295542000000
073240,2022-01-05,304312250,127123370,-431435620,1295542000000
073240,2022-01-06,-496760430,672389070,-175628640,1291233000000
073240,2022-01-07,-520480800,600066050,-79585250,1289797000000
073240,2022-01-10,205167320,-58714800,-146452520,1298415000000
073240,2022-01-11,-12086655,17590440,-5503785,1296978000000
073240,2022-01-12,-264513800,17406400,247107400,1321396000000
073240,2022-01-13,522520650,-457263120,-65257530,1284052000000
073240,2022-01-14,856303875,-579820410,-276483465,1253889000000
073240,2022-01-17,7167530,-79859990,72692460,1238090000000
073240,2022-01-18,249615250,-240635000,-8980250,1220855000000
073240,2022-01-19,-129580000,-27980920,157560920,1200746000000
073240,2022-01-20,320506200,-499504600,178998400,1226600000000
073240,2022-01-21,109918770,-61113285,-48805485,1210800000000
073240,2022-01-24,66142480,-556035200,489892720,1183511000000
073240,2022-01-25,36564360,33484080,-70048440,1146167000000
073240,2022-01-26,-332992490,157399040,175593450,1161966000000
073240,2022-01-27,692501040,-585636480,-106864560,1137549000000
073240,2022-01-28,147697900,-24010145,-123687755,1179202000000
073240,2022-02-03,-469329120,519602640,-50273520,1180638000000
073240,2022-02-04,232392260,347644240,-580036500,1179202000000
073240,2022-02-07,411513630,116178150,-527691780,1169148000000
073240,2022-02-08,635833800,-479957400,-155876400,1163403000000
073240,2022-02-09,-168281200,291851500,-123570300,1170584000000
073240,2022-02-10,69713820,311661300,-381375120,1180638000000
073240,2022-02-11,802303560,-444218040,-358085520,1154785000000
073240,2022-02-14,274319060,-264866490,-9452570,1140422000000
073240,2022-02-15,49250250,-60678375,11428125,1141858000000
073240,2022-02-16,-290589720,172868040,117721680,1154785000000
073240,2022-02-17,105928550,-26952640,-78975910,1157657000000
073240,2022-02-18,186293100,-33161975,-153131125,1156221000000
073240,2022-02-21,130677510,66767145,-197444655,1159094000000
073240,2022-02-22,296832380,-54362820,-242469560,1143294000000
073240,2022-02-23,-5842570,-35913560,41756130,1151912000000
073240,2022-02-24,1344235080,-1023618660,-320616420,1097333000000
073240,2022-02-25,-280360980,74937015,205423965,1124622000000
073240,2022-02-28,-170610660,66477940,104132720,1143294000000
073240,2022-03-02,116960400,-86778225,-30182175,1141858000000
073240,2022-03-03,61202610,-24570420,-36632190,1146167000000
073240,2022-03-04,-136696320,105847440,30848880,1172020000000
073240,2022-03-07,1149065280,-555829560,-593235720,1137549000000
073240,2022-03-08,557848350,-464820120,-93028230,1124622000000
073240,2022-03-10,-352420870,-18520050,370940920,1140422000000
073240,2022-03-11,103250625,74197350,-177447975,1141858000000
073240,2022-03-14,248896620,-253197575,4300955,1130368000000
073240,2022-03-15,111735000,-112027500,292500,1120314000000
073240,2022-03-16,-195691395,52283200,143408195,1144731000000
073240,2022-03-17,-187262985,66532700,120730285,1138985000000
073240,2022-03-18,290549160,-259867080,-30682080,1137549000000
073240,2022-03-21,3215415,78028195,-81243610,1136113000000
073240,2022-03-22,-613742220,411521760,202220460,1150476000000
073240,2022-03-23,-130788310,-29467120,160255430,1147603000000
073240,2022-03-24,-67855020,206836620,-138981600,1143294000000
073240,2022-03-25,129283980,-98553000,-30730980,1146167000000
073240,2022-03-28,-251439030,159116800,92322230,1151912000000
073240,2022-03-29,143367250,-325269360,181902110,1157657000000
073240,2022-03-30,-1894177340,1483695890,410481450,1187820000000
073240,2022-03-31,-269936520,123498300,146438220,1212237000000
073240,2022-04-01,708691500,-313696590,-394994910,1197874000000
073240,2022-04-04,80591980,-102578210,21986230,1226600000000
073240,2022-04-05,236103225,-89598255,-146504970,1210800000000
073240,2022-04-06,82304200,154818840,-237123040,1200746000000
073240,2022-04-07,471682275,-339488475,-132193800,1167711000000
073240,2022-04-08,233371650,-235115535,1743885,1167711000000
073240,2022-04-11,64837960,-33895600,-30942360,1160530000000
073240,2022-04-12,229857810,-175163385,-54694425,1159094000000
073240,2022-04-13,-250928585,100883340,150045245,1182074000000
073240,2022-04-14,-3132400,-205000,3337400,1177766000000
073240,2022-04-15,-128144100,57933810,70210290,1197874000000
073240,2022-04-18,-99304040,86849085,12454955,1205055000000
073240,2022-04-19,-218518000,91489750,127028250,1220855000000
073240,2022-04-20,606177235,-284094155,-322083080,1190692000000
073240,2022-04-21,-439279610,164140130,275139480,1216546000000
073240,2022-04-22,292187245,114508345,-406695590,1196437000000
073240,2022-04-25,152893200,-128370960,-24522240,1183511000000
073240,2022-04-26,-163574040,199356900,-35782860,1193565000000
073240,2022-04-27,-104277645,110676510,-6398865,1202183000000
073240,2022-04-28,-225187655,144028115,81159540,1216546000000
073240,2022-04-29,-282951500,89932460,193019040,1238090000000
073240,2022-05-02,494095680,-118690320,-375405360,1217982000000
073240,2022-05-03,230185365,60599055,-290784420,1210800000000
073240,2022-05-04,122068410,-4103280,-117965130,1197874000000
073240,2022-05-06,266050125,-43704375,-222345750,1184947000000
073240,2022-05-09,478552000,-362050500,-116501500,1177766000000
073240,2022-05-10,-211345800,254475600,-43129800,1170584000000
073240,2022-05-11,142074330,63853080,-205927410,1174893000000
073240,2022-05-12,-64717380,199750005,-135032625,1176329000000
073240,2022-05-13,-1111237920,817942410,293295510,1215109000000
073240,2022-05-16,-45019680,294723840,-249704160,1223727000000
073240,2022-05-17,-1751719620,862003670,889715950,1289797000000
073240,2022-05-18,573070960,-275937200,-297133760,1246708000000
073240,2022-05-19,1055225810,-501669350,-553556460,1190692000000
073240,2022-05-20,-229858860,-90764520,320623380,1216546000000
073240,2022-05-23,-43554180,-14560710,58114890,1225163000000
073240,2022-05-24,134500550,-10577930,-123922620,1222291000000
073240,2022-05-25,689891090,-968568370,278677280,1226600000000
073240,2022-05-26,7926250,74052000,-81978250,1220855000000
073240,2022-05-27,-680268960,397669860,282599100,1246708000000
073240,2022-05-30,-840573120,787572960,53000160,1252453000000
073240,2022-05-31,338884260,212153370,-551037630,1232345000000
073240,2022-06-02,1681104960,-898653240,-782451720,1189256000000
073240,2022-06-03,249199200,-33785340,-215413860,1197874000000
073240,2022-06-07,896726755,-196890525,-699836230,1164839000000
073240,2022-06-08,400548035,-152658300,-247889735,1161966000000
073240,2022-06-09,244029240,-330830955,86801715,1176329000000
073240,2022-06-10,365551950,99841575,-465393525,1170584000000
073240,2022-06-13,378150640,-116878720,-261271920,1126059000000
073240,2022-06-14,-131714780,247514780,-115800000,1108823000000
073240,2022-06-15,356524000,-387577540,31053540,1075788000000
073240,2022-06-16,365210505,-151854340,-213356165,1067170000000
073240,2022-06-17,-39523440,150372750,-110849310,1042753000000
073240,2022-06-20,74673600,-12968475,-61705125,1012591000000
073240,2022-06-21,-198944340,152166700,46777640,1039881000000
073240,2022-06-22,68351745,102286980,-170638725,1024081000000
073240,2022-06-23,-252202275,-141062230,393264505,1006846000000
073240,2022-06-24,-258930125,379903625,-120973500,1041317000000
073240,2022-06-27,401273000,-6195125,-395077875,1041317000000
073240,2022-06-28,44142640,174879670,-219022310,1031263000000
073240,2022-06-29,372498750,-74236500,-298262250,1008282000000
073240,2022-06-30,78933360,142377240,-221310600,999664000000
073240,2022-07-01,59349990,-27280680,-32069310,992483000000
073240,2022-07-04,-113200500,-3157000,116357500,1005410000000
073240,2022-07-05,397797150,-275709975,-122087175,998228000000
073240,2022-07-06,391373800,17038100,-408411900,962321000000
073240,2022-07-07,-391386060,343857150,47528910,1008282000000
073240,2022-07-08,-25315375,225162625,-199847250,998228000000
073240,2022-07-11,114775600,13102960,-127878560,988174000000
073240,2022-07-12,142179950,35740210,-177920160,979556000000
073240,2022-07-13,-49276350,105093900,-55817550,991047000000
073240,2022-07-14,180913500,280766250,-461679750,969502000000
073240,2022-07-15,250061570,279340655,-529402225,963757000000
073240,2022-07-18,62230350,280413420,-342643770,975247000000
073240,2022-07-19,207322440,61029280,-268351720,970938000000
073240,2022-07-20,381353940,-193233420,-188120520,982429000000
073240,2022-07-21,138318480,109197180,-247515660,982429000000
073240,2022-07-22,87186925,27318685,-114505610,992483000000
073240,2022-07-25,-37410940,14038810,23372130,1014027000000
073240,2022-07-26,-70007400,131858840,-61851440,1022645000000
073240,2022-07-27,228069750,-278682100,50612350,1019773000000
073240,2022-07-28,98996460,-67421215,-31575245,1009718000000
073240,2022-07-29,-445903650,290603475,155300175,1021209000000
073240,2022-08-01,67893750,14160950,-82054700,1019773000000
073240,2022-08-02,-497244950,777315100,-280070150,1019773000000
073240,2022-08-03,10959300,-120496950,109537650,1059989000000
073240,2022-08-04,14025000,125174060,-139199060,1074352000000
073240,2022-08-05,-11824340,-2721415,14545755,1087279000000
073240,2022-08-08,428796450,73405170,-502201620,1059989000000
073240,2022-08-09,-39757640,60802240,-21044600,1087279000000
073240,2022-08-10,266572980,-82076670,-184496310,1059989000000
073240,2022-08-11,583576655,-947798865,364222210,1093024000000
073240,2022-08-12,219020310,-234422870,15402560,1088715000000
073240,2022-08-16,-137802765,47619720,90183045,1081533000000
073240,2022-08-17,-324952500,156813750,168138750,1077225000000
073240,2022-08-18,275114730,30331235,-305445965,1058553000000
073240,2022-08-19,-88505760,257025090,-168519330,1065734000000
073240,2022-08-22,116504350,-17074700,-99429650,1048499000000
073240,2022-08-23,607023360,-481190040,-125833320,999664000000
073240,2022-08-24,382063350,-145531350,-236532000,991047000000
073240,2022-08-25,12852000,64694000,-77546000,1005410000000
073240,2022-08-26,58245440,-21521280,-36724160,1011155000000
073240,2022-08-29,436324305,-171262250,-265062055,980992000000
073240,2022-08-30,253423735,-106226990,-147196745,980992000000
073240,2022-08-31,43187300,103777400,-146964700,998228000000
073240,2022-09-01,367771200,-139825000,-227946200,976684000000
073240,2022-09-02,-631575295,1044499885,-412924590,989610000000
073240,2022-09-05,-1194959920,379247220,815712700,1074352000000
073240,2022-09-06,-836818710,449202180,387616530,1146167000000
073240,2022-09-07,92021850,-40007120,-52014730,1123186000000
073240,2022-09-08,-847629200,-1176811350,2024440550,1192129000000
073240,2022-09-13,-236192760,-394703370,630896130,1167711000000
073240,2022-09-14,69228720,201496680,-270725400,1137549000000
073240,2022-09-15,122165510,137807230,-259972740,1100205000000
073240,2022-09-16,105928335,-55617885,-50310450,1072916000000
073240,2022-09-19,-203340060,306762280,-103422220,1074352000000
073240,2022-09-20,110768745,-207542605,96773860,1078661000000
073240,2022-09-21,147666240,16941960,-164608200,1047062000000
073240,2022-09-22,520892820,42915960,-563808780,1021209000000
073240,2022-09-23,180705480,-127186545,-53518935,1003973000000
073240,2022-09-26,-174855890,80036880,94819010,963757000000
073240,2022-09-27,51006750,-88837050,37830300,1012591000000
073240,2022-09-28,205025580,40386780,-245412360,982429000000
073240,2022-09-29,212536695,-16602780,-195933915,978120000000
073240,2022-09-30,130018310,-134924095,4905785,958012000000
073240,2022-10-04,33509350,126586075,-160095425,955139000000
073240,2022-10-05,676925960,-218296120,-458629840,936467000000
073240,2022-10-06,263378880,-86681160,-176697720,939340000000
073240,2022-10-07,20405140,197196020,-217601160,924977000000
073240,2022-10-11,400516960,-254703360,-145813600,873270000000
073240,2022-10-12,-205670000,139827340,65842660,901996000000
073240,2022-10-13,77413035,160538490,-237951525,874706000000
073240,2022-10-14,52521500,-21263345,-31258155,903432000000
073240,2022-10-17,579913440,-87056480,-492856960,873270000000
073240,2022-10-18,-11132100,47011500,-35879400,890506000000
073240,2022-10-19,41569740,3890565,-45460305,891942000000
073240,2022-10-20,105487380,65468700,-170956080,879015000000
073240,2022-10-21,-73498900,-2394250,75893150,876143000000
073240,2022-10-24,-33365800,-13512210,46878010,899123000000
073240,2022-10-25,776874450,-610106200,-166768250,868961000000
073240,2022-10-26,546009790,20533260,-566543050,843108000000
073240,2022-10-27,-598630890,488243080,110387810,858907000000
073240,2022-10-28,-211216440,140682820,70533620,856034000000
073240,2022-10-31,-206704255,74089360,132614895,886197000000
073240,2022-11-01,-50222130,160039100,-109816970,881888000000
073240,2022-11-02,143364060,123804540,-267168600,879015000000
073240,2022-11-03,108180090,312699030,-420879120,870397000000
073240,2022-11-04,20172165,85885215,-106057380,877579000000
073240,2022-11-07,-195681340,107261970,88419370,899123000000
073240,2022-11-08,305671905,-476394600,170722695,900560000000
073240,2022-11-09,281712090,153901550,-435613640,916359000000
073240,2022-11-10,300393100,-41930600,-258462500,890506000000
073240,2022-11-11,-623144520,199588160,423556360,927849000000
073240,2022-11-14,-84016730,122476830,-38460100,945085000000
073240,2022-11-15,-550276740,428523420,121753320,952266000000
073240,2022-11-16,223691640,-152517480,-71174160,953703000000
073240,2022-11-17,15654640,-5207680,-10446960,907741000000
073240,2022-11-18,155499960,17793160,-173293120,884760000000
073240,2022-11-21,685452240,476515710,-1161967950,853162000000
073240,2022-11-22,219444210,-129423090,-90021120,848853000000
073240,2022-11-23,-163379300,265769200,-102389900,890506000000
073240,2022-11-24,-160689990,283317120,-122627130,870397000000
073240,2022-11-25,94185155,66029460,-160214615,871834000000
073240,2022-11-28,261968880,-191784320,-70184560,850289000000
073240,2022-11-29,-148772260,42230300,106541960,864652000000
073240,2022-11-30,-238139160,403938990,-165799830,864652000000
073240,2022-12-01,-36051360,61660320,-25608960,873270000000
073240,2022-12-02,178462900,83705090,-262167990,864652000000
073240,2022-12-05,199723365,-209767890,10044525,857471000000
073240,2022-12-06,164158650,-112657550,-51501100,847417000000
073240,2022-12-07,94986540,-123498540,28512000,853162000000
073240,2022-12-08,277783800,-94220050,-183563750,847417000000
073240,2022-12-09,-201111000,-12885000,213996000,861780000000
073240,2022-12-12,-216896320,201850300,15046020,856034000000
073240,2022-12-13,38783290,-72815470,34032180,858907000000
073240,2022-12-14,-942439960,687366680,255073280,884760000000
073240,2022-12-15,5345895,-110620060,105274165,863216000000
073240,2022-12-16,529768640,-520520960,-9247680,873270000000
073240,2022-12-19,46733700,-93685670,46951970,858907000000
073240,2022-12-20,-9452560,-112611220,122063780,856034000000
073240,2022-12-21,154248195,-225698765,71450570,851725000000
073240,2022-12-22,-199905880,39450260,160455620,867525000000
073240,2022-12-23,-586666760,479467185,107199575,851725000000
073240,2022-12-26,-162054000,-51672000,213726000,861780000000
073240,2022-12-27,579586340,-228675625,-350910715,851725000000
073240,2022-12-28,549602970,-289088130,-260514840,835926000000
073240,2022-12-29,636486560,-347366560,-289120000,798582000000
073240,2023-01-02,163089525,-73706775,-89382750,797146000000
073240,2023-01-03,553167910,-237024730,-316143180,778474000000
073240,2023-01-04,123950750,18034500,-141985250,789965000000
073240,2023-01-05,154157040,30136440,-184293480,792837000000
073240,2023-01-06,175633495,-103344710,-72288785,785656000000
073240,2023-01-09,-1193953980,1199072880,-5118900,867525000000
073240,2023-01-10,-710546620,539349860,171196760,864652000000
073240,2023-01-11,256692000,-329196000,72504000,861780000000
073240,2023-01-12,382207175,-243646550,-138560625,854598000000
073240,2023-01-13,-268928450,155361150,113567300,864652000000
073240,2023-01-16,13752000,-80115000,66363000,861780000000
073240,2023-01-17,58825200,5283540,-64108740,856034000000
073240,2023-01-18,203661900,-150663825,-52998075,840235000000
073240,2023-01-19,168487000,-103329060,-65157940,830181000000
073240,2023-01-20,8463930,26451990,-34915920,845980000000
073240,2023-01-25,13615465,0,-13615465,843108000000
073240,2023-01-26,-670650160,647266160,23384000,850289000000
073240,2023-01-27,-212095650,104216450,107879200,858907000000
073240,2023-01-30,51258980,16756540,-68015520,856034000000
073240,2023-01-31,-1812439225,1372749350,439689875,912050000000
073240,2023-02-01,286270700,-255050925,-31219775,912050000000
073240,2023-02-02,-897796790,852805030,44991760,916359000000
073240,2023-02-03,-796842555,593690670,203151885,960884000000
073240,2023-02-06,742053740,-471444340,-270609400,927849000000
073240,2023-02-07,129057600,-79099300,-49958300,924977000000
073240,2023-02-08,114553140,-41382440,-73170700,936467000000
073240,2023-02-09,220541775,-26910675,-193631100,940776000000
073240,2023-02-10,64798320,120286950,-185085270,939340000000
073240,2023-02-13,78068435,18596980,-96665415,946521000000
073240,2023-02-14,-59152500,-49193100,108345600,947958000000
073240,2023-02-15,238827110,34918590,-273745700,929286000000
073240,2023-02-16,-831757665,473217150,358540515,960884000000
073240,2023-02-17,73018600,117680430,-190699030,950830000000
073240,2023-02-20,-163503450,75318050,88185400,962321000000
073240,2023-02-21,134524320,53252640,-187776960,965193000000
073240,2023-02-22,236978700,73179470,-310158170,945085000000
073240,2023-02-23,-435808595,317939510,117869085,972375000000
073240,2023-02-24,392496965,-308590690,-83906275,966629000000
073240,2023-02-27,397805310,-138278490,-259526820,939340000000
073240,2023-02-28,-80881840,-56632560,137514400,953703000000
073240,2023-03-02,474020300,-331678920,-142341380,936467000000
073240,2023-03-03,315470870,-214549520,-100921350,927849000000
073240,2023-03-06,-12872655,-188632800,201505455,917795000000
073240,2023-03-07,-60496655,142241245,-81744590,923540000000
073240,2023-03-08,426805400,-17351560,-409453840,907741000000
073240,2023-03-09,-66037680,-197490960,263528640,930722000000
073240,2023-03-10,397788570,-212874430,-184914140,899123000000
073240,2023-03-13,1194483610,-1100476630,-94006980,958012000000
073240,2023-03-14,330491700,-573708800,243217100,955139000000
073240,2023-03-15,482933220,-595267530,112334310,939340000000
073240,2023-03-16,260319015,-154382400,-105936615,917795000000
073240,2023-03-17,-188101450,202373315,-14271865,920668000000
073240,2023-03-20,94207770,-76820580,-17387190,917795000000
073240,2023-03-21,-110761560,70901285,39860275,914923000000
073240,2023-03-22,-128018880,234115920,-106097040,930722000000
073240,2023-03-23,-152658600,232241925,-79583325,926413000000
073240,2023-03-24,-56385720,203352120,-146966400,930722000000
073240,2023-03-27,-130660725,73450455,57210270,952266000000
073240,2023-03-28,-98346850,197554875,-99208025,955139000000
073240,2023-03-29,-391303450,321194650,70108800,962321000000
073240,2023-03-30,-1204367430,942409790,261957640,1015464000000
073240,2023-03-31,-277186360,28756860,248429500,1074352000000
073240,2023-04-03,963644625,-776098000,-187546625,1041317000000
073240,2023-04-04,268064610,-150815610,-117249000,1042753000000
073240,2023-04-05,81364920,-168051520,86686600,1045626000000
073240,2023-04-06,433575660,38787780,-472363440,1016900000000
073240,2023-04-07,-512421360,15296435,497124925,1058553000000
073240,2023-04-10,26553750,-239699150,213145400,1048499000000
073240,2023-04-11,-636085310,405698270,230387040,1140422000000
073240,2023-04-12,-106212375,-503282925,609495300,1228036000000
073240,2023-04-13,273477960,-449226000,175748040,1215109000000
073240,2023-04-14,-794041960,340469000,453572960,1298415000000
073240,2023-04-17,-425617900,551714200,-126096300,1350122000000
073240,2023-04-18,1604166080,-748819360,-855346720,1298415000000
073240,2023-04-19,117458845,-163289865,45831020,1291233000000
073240,2023-04-20,299268515,-186658885,-112609630,1276870000000
073240,2023-04-21,-453330360,349122620,104207740,1246708000000
073240,2023-04-24,-369390580,191454420,177936160,1281179000000
073240,2023-04-25,16858680,86011680,-102870360,1275434000000
073240,2023-04-26,-95615400,-35573280,131188680,1275434000000
073240,2023-04-27,671112105,-165968385,-505143720,1262507000000
073240,2023-04-28,-468261000,160654500,307606500,1292670000000
073240,2023-05-02,-1275072270,565911570,709160700,1365921000000
073240,2023-05-03,828504480,-679820320,-148684160,1332886000000
073240,2023-05-04,-22952025,292793400,-269841375,1319959000000
073240,2023-05-08,-1519695800,737797900,781897900,1407574000000
073240,2023-05-09,1390083920,-1399218425,9134505,1368793000000
073240,2023-05-10,236684470,-139066730,-97617740,1358739000000
073240,2023-05-11,245278800,-244520640,-758160,1344376000000
073240,2023-05-12,-306138700,413458500,-107319800,1338631000000
073240,2023-05-15,-4373922220,4211002490,162919730,1502369000000
073240,2023-05-16,3685655375,-3153180800,-532474575,1371666000000
073240,2023-05-17,-1083501520,782508000,300993520,1401828000000
073240,2023-05-18,-71330960,-421939440,493270400,1401828000000
073240,2023-05-19,-508290195,2546460,505743735,1417628000000
073240,2023-05-22,-156478080,34362880,122115200,1424809000000
073240,2023-05-23,53386580,-272579320,219192740,1419064000000
073240,2023-05-24,-73568600,162425200,-88856600,1407574000000
073240,2023-05-25,100553090,439590580,-540143670,1406137000000
073240,2023-05-26,209349360,460033020,-669382380,1396083000000
073240,2023-05-30,663476240,-612594640,-50881600,1355867000000
073240,2023-05-31,-431608470,701717815,-270109345,1351558000000
073240,2023-06-01,-60999060,314546400,-253547340,1361612000000
073240,2023-06-02,30668595,83127660,-113796255,1360176000000
073240,2023-06-05,-402353245,236954515,165398730,1377411000000
073240,2023-06-07,16776090,-324526950,307750860,1370230000000
073240,2023-06-08,-683479560,597799320,85680240,1361612000000
073240,2023-06-09,-156034690,64823060,91211630,1368793000000
073240,2023-06-12,-427559050,377724705,49834345,1388902000000
073240,2023-06-13,-207983700,-1423980,209407680,1396083000000
073240,2023-06-14,-539133350,557093910,-17960560,1398956000000
073240,2023-06-15,-134260170,149563130,-15302960,1394647000000
073240,2023-06-16,659520730,-506192830,-153327900,1375975000000
073240,2023-06-19,-348668595,58521510,290147085,1383156000000
073240,2023-06-20,165021480,-220216230,55194750,1381720000000
073240,2023-06-21,-1399084770,1056491695,342593075,1394647000000
073240,2023-06-22,-136842750,190609850,-53767100,1393211000000
073240,2023-06-23,485608060,-182888710,-302719350,1388902000000
073240,2023-06-26,-1080981000,752706900,328274100,1421937000000
073240,2023-06-27,-418165250,538223950,-120058700,1450663000000
073240,2023-06-28,-71560100,200383340,-128823240,1442045000000
073240,2023-06-29,2878825200,-2739611200,-139214000,1350122000000
073240,2023-06-30,59185000,-189976250,130791250,1364485000000
073240,2023-07-03,-133061410,-381432490,514493900,1375975000000
073240,2023-07-04,142765560,38461440,-181227000,1348685000000
073240,2023-07-05,-416965620,392457460,24508160,1341504000000
073240,2023-07-06,20337585,418885850,-439223435,1345813000000
073240,2023-07-07,208338600,-117497800,-90840800,1321396000000
073240,2023-07-10,-4689920,224387940,-219698020,1315650000000
073240,2023-07-11,1252722240,-1314237540,61515300,1327141000000
073240,2023-07-12,174045600,-97929400,-76116200,1321396000000
073240,2023-07-13,58057920,-313609440,255551520,1309905000000
073240,2023-07-14,-821843190,361930530,459912660,1352994000000
073240,2023-07-17,1061341370,-756508660,-304832710,1312778000000
073240,2023-07-18,411198690,-414530270,3331580,1289797000000
073240,2023-07-19,83764640,20669960,-104434600,1298415000000
073240,2023-07-20,-12827100,187513365,-174686265,1288361000000
073240,2023-07-21,-318566570,280521845,38044725,1294106000000
073240,2023-07-24,-101096160,58314300,42781860,1295542000000
073240,2023-07-25,85259175,-59817605,-25441570,1282615000000
073240,2023-07-26,-942193020,0,942193020,1315650000000
073240,2023-07-27,1496899980,-1947156030,450256050,1318523000000
073240,2023-07-28,797353875,-741827100,-55526775,1314214000000
073240,2023-07-31,372686300,-444234995,71548695,1302724000000
073240,2023-08-01,-6134269155,3800468175,2333800980,1417628000000
073240,2023-08-02,555675925,-445000035,-110675890,1360176000000
073240,2023-08-03,1225309680,-876115580,-349194100,1304160000000
073240,2023-08-04,864427500,-733342500,-131085000,1292670000000
073240,2023-08-07,1374855520,-1281345760,-93509760,1238090000000
073240,2023-08-08,-17394720,40431440,-23036720,1246708000000
073240,2023-08-09,297605250,-151771500,-145833750,1249581000000
073240,2023-08-10,438870060,-216086160,-222783900,1238090000000
073240,2023-08-11,-102889460,122738180,-19848720,1243835000000
073240,2023-08-14,73884160,138784520,-212668680,1246708000000
073240,2023-08-16,276664035,-103324725,-173339310,1245272000000
073240,2023-08-17,-163809450,294177870,-130368420,1266816000000
073240,2023-08-18,-562640120,763126020,-200485900,1312778000000
073240,2023-08-21,-1641624010,1136719690,504904320,1375975000000
073240,2023-08-22,-436177400,482961330,-46783930,1375975000000
073240,2023-08-23,522953225,-503533300,-19419925,1371666000000
073240,2023-08-24,-360306450,219458070,140848380,1383156000000
073240,2023-08-25,-243533430,376793130,-133259700,1387465000000
073240,2023-08-28,-297134160,100931040,196203120,1391774000000
073240,2023-08-29,-22403280,61274715,-38871435,1391774000000
073240,2023-08-30,-83998425,-5519800,89518225,1386029000000
073240,2023-08-31,-1418295230,1201902030,216393200,1420500000000
073240,2023-09-01,1208486620,-1091111670,-117374950,1358739000000
073240,2023-09-04,-377745630,383010525,-5264895,1351558000000
073240,2023-09-05,-148011160,189375010,-41363850,1358739000000
073240,2023-09-06,410044545,-208653795,-201390750,1331450000000
073240,2023-09-07,28018935,38949575,-66968510,1317087000000
073240,2023-09-08,-201465000,138745375,62719625,1328577000000
073240,2023-09-11,240216885,-187399440,-52817445,1305596000000
073240,2023-09-12,-209463600,184543200,24920400,1309905000000
073240,2023-09-13,-401907345,198392950,203514395,1317087000000
073240,2023-09-14,416518370,485595005,-902113375,1319959000000
073240,2023-09-15,-871931565,203949270,667982295,1331450000000
073240,2023-09-18,96800780,-21593240,-75207540,1324268000000
073240,2023-09-19,117650380,146649425,-264299805,1319959000000
073240,2023-09-20,-141778560,43991640,97786920,1327141000000
073240,2023-09-21,168259000,190904350,-359163350,1307033000000
073240,2023-09-22,-728044350,324725050,403319300,1330013000000
073240,2023-09-25,-343295980,43559040,299736940,1330013000000
073240,2023-09-26,-29122700,233838150,-204715450,1330013000000
073240,2023-09-27,340171350,-152181435,-187989915,1322832000000
073240,2023-10-04,404822110,-937471150,532649040,1295542000000
073240,2023-10-05,-79714250,-175542730,255256980,1295542000000
073240,2023-10-06,273678750,-480458250,206779500,1294106000000
073240,2023-10-10,905728890,-1152069600,246340710,1245272000000
073240,2023-10-11,194822240,-700582240,505760000,1252453000000
073240,2023-10-12,66981250,-250061875,183080625,1256762000000
073240,2023-10-13,126173225,-96425875,-29747350,1242399000000
073240,2023-10-16,-126999360,-175016160,302015520,1240963000000
073240,2023-10-17,-472292940,181081215,291211725,1236654000000
073240,2023-10-18,-293883100,247258480,46624620,1246708000000
073240,2023-10-19,464806580,-299096420,-165710160,1226600000000
073240,2023-10-20,339747200,-280966400,-58780800,1195001000000
073240,2023-10-23,-562133475,248781945,313351530,1210800000000
073240,2023-10-24,98299010,-105804830,7505820,1222291000000
073240,2023-10-25,-179785925,160980825,18805100,1242399000000
073240,2023-10-26,941550855,-700884135,-240666720,1236654000000
073240,2023-10-27,-1857385600,1742648320,114737280,1286924000000
073240,2023-10-30,911013280,-680443400,-230569880,1252453000000
073240,2023-10-31,945351280,-849313285,-96037995,1207928000000
073240,2023-11-01,-138336275,-128532250,266868525,1216546000000
073240,2023-11-02,-441169915,188854605,252315310,1239526000000
073240,2023-11-03,-364398240,271320930,93077310,1262507000000
073240,2023-11-06,-1117376800,817673000,299703800,1321396000000
073240,2023-11-07,-409464400,622968800,-213504400,1321396000000
073240,2023-11-08,-320426850,189329400,131097450,1335759000000
073240,2023-11-09,-606606180,722947740,-116341560,1338631000000
073240,2023-11-10,52171560,-25452630,-26718930,1347249000000
073240,2023-11-13,-1107892110,927680650,180211460,1381720000000
073240,2023-11-14,-591339000,164968045,426370955,1394647000000
073240,2023-11-15,-1552575360,809389335,743186025,1426245000000
073240,2023-11-16,-1974626820,1942727400,31899420,1499497000000
073240,2023-11-17,-1145418120,1278524170,-133106050,1548331000000
073240,2023-11-20,-755944300,130623800,625320500,1522478000000
073240,2023-11-21,-1984623290,2121114320,-136491030,1605783000000
073240,2023-11-22,-946568500,1025830990,-79262490,1657490000000
073240,2023-11-23,-250873840,381489660,-130615820,1625891000000
073240,2023-11-24,-1507857780,1407360760,100497020,1605783000000
073240,2023-11-27,-980633610,807806340,172827270,1611528000000
073240,2023-11-28,-537424560,176136800,361287760,1631636000000
073240,2023-11-29,-436341000,661199250,-224858250,1594293000000
073240,2023-11-30,-376995800,211491280,165504520,1597165000000
073240,2023-12-01,602378700,343842600,-946221300,1533968000000
073240,2023-12-04,-231482320,185407760,46074560,1539713000000
073240,2023-12-05,-932612400,1105444800,-172832400,1551204000000
073240,2023-12-06,-51823800,-125290800,177114600,1551204000000
073240,2023-12-07,222713280,123449340,-346162620,1490879000000
073240,2023-12-08,-291480780,75192720,216288060,1490879000000
073240,2023-12-11,-212447830,119536880,92910950,1502369000000
073240,2023-12-12,-179429120,-390765400,570194520,1510987000000
073240,2023-12-13,-785095200,1017207180,-232111980,1473643000000
073240,2023-12-14,-1209705000,-948339000,2158044000,1508115000000
073240,2023-12-15,-510606560,326331480,184275080,1505242000000
073240,2023-12-18,-1240223940,-224919810,1465143750,1577057000000
073240,2023-12-19,699729460,-700533540,804080,1519605000000
073240,2023-12-20,-1849901040,171484320,1678416720,1585675000000
073240,2023-12-21,109115560,-195525150,86409590,1571312000000
073240,2023-12-22,-87537520,-166115240,253652760,1574184000000
073240,2023-12-26,-26264670,-452363430,478628100,1542586000000
073240,2023-12-27,56664240,-48330,-56615910,1542586000000
073240,2023-12-28,-418803000,-221388860,640191860,1548331000000
073240,2024-01-02,52704880,-211907600,159202720,1539713000000
073240,2024-01-03,-619944920,1458946160,-839001240,1528223000000
073240,2024-01-04,301451970,232813450,-534265420,1502369000000
073240,2024-01-05,-36273530,64151830,-27878300,1519605000000
073240,2024-01-08,-156924720,393488320,-236563600,1539713000000
073240,2024-01-09,-278167120,291755310,-13588190,1548331000000
073240,2024-01-10,-704962440,660872940,44089500,1568439000000
073240,2024-01-11,362555550,-96391500,-266164050,1542586000000
073240,2024-01-12,207561240,58028220,-265589460,1542586000000
073240,2024-01-15,-248889560,183813080,65076480,1545458000000
073240,2024-01-16,266187200,9497600,-275684800,1522478000000
073240,2024-01-17,-37430280,28602090,8828190,1490879000000
073240,2024-01-18,-53013080,145189920,-92176840,1505242000000
073240,2024-01-19,419135600,-419640000,504400,1493752000000
073240,2024-01-22,217417650,-176563150,-40854500,1450663000000
073240,2024-01-23,-233842560,99928680,133913880,1459280000000
073240,2024-01-24,61412720,-144598480,83185760,1476516000000
073240,2024-01-25,-3112421100,2896976700,215444400,1694834000000
073240,2024-01-26,-174028020,214055540,-40027520,1625891000000
073240,2024-01-29,-945362530,548068920,397293610,1668980000000
073240,2024-01-30,-1829413430,310565190,1518848240,1755158000000
073240,2024-01-31,208270400,-155230950,-53039450,1691961000000
073240,2024-02-01,-1235989900,1411577200,-175587300,1703451000000
073240,2024-02-02,-3266913330,2979322020,287591310,1783884000000
073240,2024-02-05,625617000,425523600,-1051140600,1758031000000
073240,2024-02-06,-721935060,570006900,151928160,1763776000000
073240,2024-02-07,-2200698720,871696080,1329002640,1861444000000
073240,2024-02-08,-1247530280,974081480,273448800,1872935000000
073240,2024-02-13,-1608096600,385275000,1222821600,1895916000000
073240,2024-02-14,342576470,22103840,-364680310,1898788000000
073240,2024-02-15,278589740,790955770,-1069545510,1864317000000
073240,2024-02-16,-2222022960,1934225520,287797440,1947622000000
073240,2024-02-19,229301540,-541909480,312607940,1936132000000
073240,2024-02-20,144315540,-152161020,7845480,1913151000000
073240,2024-02-21,-438709300,425429900,13279400,1924642000000
073240,2024-02-22,-65986800,17430600,48556200,1895916000000
073240,2024-02-23,-131435840,140088090,-8652250,1875807000000
073240,2024-02-26,-172816450,161774220,11042230,1875807000000
073240,2024-02-27,335954280,-162835080,-173119200,1826973000000
073240,2024-02-28,-264766800,116496120,148270680,1826973000000
073240,2024-02-29,94176750,238694680,-332871430,1812610000000
073240,2024-03-04,-126252800,218572800,-92320000,1838464000000
073240,2024-03-05,-38796060,380320800,-341524740,1844209000000
073240,2024-03-06,-27770940,205764390,-177993450,1835591000000
073240,2024-03-07,-150504200,297486640,-146982440,1832718000000
073240,2024-03-08,-258763050,-140017680,398780730,1835591000000
073240,2024-03-11,252075370,117418110,-369493480,1778139000000
073240,2024-03-12,265518400,-335099200,69580800,1735050000000
073240,2024-03-13,747024000,1135429200,-1882453200,1697706000000
073240,2024-03-14,-574834680,849601200,-274766520,1689088000000
073240,2024-03-15,160646500,-82013960,-78632540,1668980000000
073240,2024-03-18,256893880,-403867480,146973600,1712069000000
073240,2024-03-19,510686250,-111946750,-398739500,1651745000000
073240,2024-03-20,-373956200,189457180,184499020,1625891000000
073240,2024-03-21,-514279350,-162747000,677026350,1680471000000
073240,2024-03-22,16020800,-3068690,-12952110,1691961000000
073240,2024-03-25,-82548350,72028810,10519540,1691961000000
073240,2024-03-26,-499731840,-22076580,521808420,1740795000000
073240,2024-03-27,-751440,-292346520,293097960,1740795000000
073240,2024-03-28,235970220,-200574090,-35396130,1714942000000
073240,2024-03-29,1051205970,-816454130,-234751840,1691961000000
073240,2024-04-01,-75804300,332859150,-257054850,1680471000000
073240,2024-04-02,-8447280,314257280,-305810000,1657490000000
073240,2024-04-03,107197450,586334400,-693531850,1623019000000
073240,2024-04-04,-71888900,166372270,-94483370,1640254000000
073240,2024-04-05,-2572100,337488420,-334916320,1660362000000
073240,2024-04-08,-132485900,410530190,-278044290,1686216000000
073240,2024-04-09,-821614860,790370460,31244400,1706324000000
073240,2024-04-11,-3339656650,1591808790,1747847860,1864317000000
073240,2024-04-12,-107482200,1083526200,-976044000,1872935000000
073240,2024-04-15,-199059200,299577600,-100518400,1838464000000
073240,2024-04-16,-11336090,274953230,-263617140,1847081000000
073240,2024-04-17,-100269420,-72562550,172831970,1847081000000
073240,2024-04-18,-182865600,247341600,-64476000,1861444000000
073240,2024-04-19,1430660400,-608008760,-822651640,1798247000000
073240,2024-04-22,-742779990,461102400,281677590,1835591000000
073240,2024-04-23,-373457820,352708380,20749440,1844209000000
073240,2024-04-24,-942711440,921547550,21163890,1864317000000
073240,2024-04-25,-879110170,1118207090,-239096920,1898788000000
073240,2024-04-26,1194375000,-1289424500,95049500,1867190000000
073240,2024-04-29,-2080051620,2187116520,-107064900,1936132000000
073240,2024-04-30,-4395121280,3340106880,1055014400,2022310000000
073240,2024-05-02,-15145294950,13271458500,1873836450,2249245000000
073240,2024-05-03,-7744308390,6732450270,1011858120,2352659000000
073240,2024-05-07,-2891702520,2123315040,768387480,2332551000000
073240,2024-05-08,-2714964640,3365908160,-650943520,2367022000000
073240,2024-05-09,149605040,788741920,-938346960,2229137000000
073240,2024-05-10,-224070000,198780160,25289840,2229137000000
073240,2024-05-13,-425717600,804603800,-378886200,2211902000000
073240,2024-05-14,1120685880,-925038180,-195647700,2108488000000
073240,2024-05-16,43688960,-719204480,675515520,2114233000000
073240,2024-05-17,488568960,-341590260,-146978700,2085507000000
073240,2024-05-20,-36177500,134212000,-98034500,2082635000000
073240,2024-05-21,154283840,93397440,-247681280,2062526000000
073240,2024-05-22,413786560,-598220800,184434240,2114233000000
073240,2024-05-23,239598240,32215320,-271813560,2102743000000
073240,2024-05-24,140161860,451136550,-591298410,2065399000000
073240,2024-05-27,-110424030,-91420250,201844280,2088380000000
073240,2024-05-28,253074360,-318251640,65177280,2102743000000
073240,2024-05-29,121579680,122917230,-244496910,2076889000000
073240,2024-05-30,-50779620,772608150,-721828530,2042418000000
073240,2024-05-31,-481810720,180582360,301228360,2056781000000
073240,2024-06-03,36938440,-187284120,150345680,2056781000000
073240,2024-06-04,22074480,-235033320,212958840,2048163000000
073240,2024-06-05,511850240,-91991680,-419858560,2022310000000
073240,2024-06-07,-433218120,374680680,58537440,2033800000000
073240,2024-06-10,584456280,-53076400,-531379880,1987839000000
073240,2024-06-11,399682010,-440677510,40995500,1979221000000
073240,2024-06-12,101581800,41958900,-143540700,1982094000000
073240,2024-06-13,626050360,-430524120,-195526240,1941877000000
073240,2024-06-14,764128440,-32041260,-732087180,1913151000000
073240,2024-06-17,91765830,-100351680,8585850,1904533000000
073240,2024-06-18,1349972000,-457041000,-892931000,1867190000000
073240,2024-06-19,249936000,-76220640,-173715360,1884425000000
073240,2024-06-20,11922960,-317741620,305818660,1890170000000
073240,2024-06-21,231987900,-90416200,-141571700,1881553000000
073240,2024-06-24,367923240,328371960,-696295200,1921769000000
073240,2024-06-25,-176192640,106091440,70101200,1941877000000
073240,2024-06-26,259376600,34574400,-293951000,1970603000000
073240,2024-06-27,2762139240,-1531547640,-1230591600,1890170000000
073240,2024-06-28,149079300,-297190680,148111380,1878680000000
073240,2024-07-01,-181048700,185299380,-4250680,1890170000000
073240,2024-07-02,545559030,-504528840,-41030190,1835591000000
073240,2024-07-03,43462640,-67421760,23959120,1815483000000
073240,2024-07-04,-97856000,-416844800,514700800,1838464000000
073240,2024-07-05,-219587080,-812965760,1032552840,1872935000000
073240,2024-07-08,1311012120,-977013120,-333999000,1806865000000
073240,2024-07-09,194137020,96000390,-290137410,1783884000000
073240,2024-07-10,293654980,-73478530,-220176450,1772394000000
073240,2024-07-11,79807670,-168095640,88287970,1778139000000
073240,2024-07-12,-66681250,247768750,-181087500,1795375000000
073240,2024-07-15,429936420,170654520,-600590940,1775266000000
073240,2024-07-16,232121570,165393020,-397514590,1772394000000
073240,2024-07-17,397589890,-415014740,17424850,1778139000000
073240,2024-07-18,16835263500,23160274500,-39995538000,1579930000000
073240,2024-07-19,1216564440,-1312147200,95582760,1568439000000
073240,2024-07-22,712713400,-439892510,-272820890,1554076000000
073240,2024-07-23,621493450,-72706500,-548786950,1536841000000
073240,2024-07-24,1076315040,210960990,-1287276030,1473643000000
073240,2024-07-25,-465449580,834437820,-368988240,1490879000000
073240,2024-07-26,441994800,-256526400,-185468400,1493752000000
073240,2024-07-29,471026700,201867840,-672894540,1499497000000
073240,2024-07-30,1056818940,-944927730,-111891210,1490879000000
073240,2024-07-31,1101976610,-289195340,-812781270,1467898000000
073240,2024-08-01,1699491130,-493739770,-1205751360,1444917000000
073240,2024-08-02,2160891250,-972358775,-1188532475,1429118000000
073240,2024-08-05,1918789100,369715395,-2288504495,1282615000000
073240,2024-08-06,957899775,-262623300,-695276475,1314214000000
073240,2024-08-07,554260860,442659600,-996920460,1318523000000
073240,2024-08-08,316650180,309114960,-625765140,1327141000000
073240,2024-08-09,2410864040,-868278440,-1542585600,1298415000000
073240,2024-08-12,39725140,290664465,-330389605,1363048000000
073240,2024-08-13,257187760,-353947065,96759305,1345813000000
073240,2024-08-14,177453960,-236060490,58606530,1352994000000
073240,2024-08-16,-63509775,-66779965,130289740,1377411000000
073240,2024-08-19,47628600,-769674280,722045680,1398956000000
073240,2024-08-20,879912360,-765756720,-114155640,1370230000000
073240,2024-08-21,-167543780,142654320,24889460,1373102000000
073240,2024-08-22,80291395,-230693935,150402540,1360176000000
073240,2024-08-23,-267091380,119493270,147598110,1370230000000
073240,2024-08-26,150356500,-564789250,414432750,1364485000000
073240,2024-08-27,5160570,-417703455,412542885,1380284000000
073240,2024-08-28,-90438500,69032175,21406325,1371666000000
073240,2024-08-29,224596350,5974650,-230571000,1342940000000
073240,2024-08-30,391424830,-502160540,110735710,1330013000000
073240,2024-09-02,195726770,44938280,-240665050,1324268000000
073240,2024-09-03,1307386470,-770908710,-536477760,1288361000000
073240,2024-09-04,1462069700,-897111150,-564958550,1213673000000
073240,2024-09-05,-553709310,537951870,15757440,1219418000000
073240,2024-09-06,199985450,-196800030,-3185420,1226600000000
073240,2024-09-09,410766150,-229436400,-181329750,1249581000000
073240,2024-09-10,194426400,-79018740,-115407660,1223727000000
073240,2024-09-11,179826780,-150854830,-28971950,1226600000000
073240,2024-09-12,-484779290,-808037105,1292816395,1259635000000
073240,2024-09-13,-3554140,-254420165,257974305,1282615000000
073240,2024-09-19,269377920,-744419200,475041280,1286924000000
073240,2024-09-20,2701440,-56228480,53527040,1286924000000
073240,2024-09-23,290062305,-356973150,66910845,1273998000000
073240,2024-09-24,44096520,-334782825,290686305,1288361000000
073240,2024-09-25,-137397150,-591143740,728540890,1295542000000
073240,2024-09-26,-64284880,-294878720,359163600,1315650000000
073240,2024-09-27,262581450,-98269290,-164312160,1301287000000
073240,2024-09-30,321086400,-396189270,75102870,1301287000000
073240,2024-10-02,627585200,-207710800,-419874400,1263944000000
073240,2024-10-04,254910240,-176937020,-77973220,1269689000000
073240,2024-10-07,86840625,-146348025,59507400,1271125000000
073240,2024-10-08,1032236500,-752246300,-279990200,1235218000000
073240,2024-10-10,-122596320,323698900,-201102580,1246708000000
073240,2024-10-11,207460095,-281237460,73777365,1245272000000
073240,2024-10-14,-213972000,78328800,135643200,1263944000000
073240,2024-10-15,587403960,-568412130,-18991830,1232345000000
073240,2024-10-16,495689590,-434534880,-61154710,1205055000000
073240,2024-10-17,206364635,-254229585,47864950,1205055000000
073240,2024-10-18,209022340,-287287350,78265010,1203619000000
073240,2024-10-21,91197900,-101614560,10416660,1197874000000
073240,2024-10-22,38880300,172917500,-211797800,1177766000000
073240,2024-10-23,-290011760,382155440,-92143680,1217982000000
073240,2024-10-24,203267400,-159852000,-43415400,1206492000000
073240,2024-10-25,433260000,-388427550,-44832450,1192129000000
073240,2024-10-28,-671779680,539995170,131784510,1232345000000
073240,2024-10-29,-280919590,362910030,-81990440,1272561000000
073240,2024-10-30,1745254680,-1728966980,-16287700,1269689000000
073240,2024-10-31,-247801190,338993660,-91192470,1273998000000
073240,2024-11-01,-380429230,489986325,-109557095,1294106000000
073240,2024-11-04,625782480,-437757360,-188025120,1275434000000
073240,2024-11-05,-1679670785,1465008675,214662110,1325704000000
073240,2024-11-06,537471000,-216279000,-321192000,1292670000000
073240,2024-11-07,19289040,84676910,-103965950,1289797000000
073240,2024-11-08,838240020,-906519840,68279820,1258198000000
073240,2024-11-11,-124801235,96201950,28599285,1251017000000
073240,2024-11-12,-410742500,428325625,-17583125,1256762000000
073240,2024-11-13,500838945,-418132215,-82706730,1210800000000
073240,2024-11-14,-251955040,390699800,-138744760,1229472000000
073240,2024-11-15,387026745,-289676275,-97350470,1233781000000
073240,2024-11-18,-713472480,673161720,40310760,1275434000000
073240,2024-11-19,-1072586600,1137212000,-64625400,1321396000000
073240,2024-11-20,-304483950,631495590,-327011640,1301287000000
073240,2024-11-21,1013767500,-1124087175,110319675,1271125000000
073240,2024-11-22,41602130,-6326040,-35276090,1272561000000
073240,2024-11-25,-309689020,-36183980,345873000,1281179000000
073240,2024-11-26,-1269079030,1088490720,180588310,1334322000000
073240,2024-11-27,656153700,-612648280,-43505420,1315650000000
073240,2024-11-28,-1524027540,1033642890,490384650,1398956000000
073240,2024-11-29,799756800,-838233600,38476800,1378848000000
073240,2024-12-02,284771450,-305557025,20785575,1371666000000
073240,2024-12-03,-225557360,64483720,161073640,1367357000000
073240,2024-12-04,-563494980,528490260,35004720,1352994000000
073240,2024-12-05,-136797240,160031670,-23234430,1352994000000
073240,2024-12-06,-156398790,-74052210,230451000,1340067000000
073240,2024-12-09,-96153200,-265315600,361468800,1263944000000
073240,2024-12-10,-1661683670,1284286210,377397460,1351558000000
073240,2024-12-11,-274288385,150673285,123615100,1377411000000
073240,2024-12-12,684726000,540236200,-1224962200,1367357000000
073240,2024-12-13,-25745080,130059020,-104313940,1373102000000
073240,2024-12-16,434818125,-411802650,-23015475,1357303000000
073240,2024-12-17,-261262115,672203880,-410941765,1394647000000
073240,2024-12-18,279690510,430985170,-710675680,1406137000000
073240,2024-12-19,-239355200,515393970,-276038770,1427682000000
073240,2024-12-20,601064130,-303096870,-297967260,1404701000000
073240,2024-12-23,-205930310,95293280,110637030,1410446000000
073240,2024-12-24,413455835,-311830085,-101625750,1380284000000
073240,2024-12-26,-70965200,47369950,23595250,1393211000000
073240,2024-12-27,648088410,-186288210,-461800200,1348685000000
073240,2024-12-30,-574198525,636402450,-62203925,1371666000000
073240,2025-01-02,541369840,-139693120,-401676720,1355867000000
073240,2025-01-03,315536460,55741230,-371277690,1375975000000
073240,2025-01-06,-16315520,-28148120,44463640,1381720000000
073240,2025-01-07,-225254500,158764000,66490500,1364485000000
073240,2025-01-08,229930030,-23962180,-205967850,1358739000000
073240,2025-01-09,5043390,-168733455,163690065,1374539000000
073240,2025-01-10,678078560,-50108740,-627969820,1368793000000
073240,2025-01-13,281786570,-359077875,77291305,1363048000000
073240,2025-01-14,-1423308255,1582065870,-158757615,1403265000000
073240,2025-01-15,-134769600,270847500,-136077900,1407574000000
073240,2025-01-16,-281511540,203259825,78251715,1411882000000
073240,2025-01-17,-139267665,219994155,-80726490,1409010000000
073240,2025-01-20,81086115,-98716080,17629965,1403265000000
073240,2025-01-21,73870750,-21659425,-52211325,1386029000000
073240,2025-01-22,-612835960,554881800,57954160,1390338000000
073240,2025-01-23,271554250,-104524750,-167029500,1371666000000
073240,2025-01-24,-64915760,-38198500,103114260,1384593000000
073240,2025-01-31,-16500750,1245993000,-1229492250,1508115000000
073240,2025-02-03,1625745000,-1036754370,-588990630,1439172000000
073240,2025-02-04,-11736760,-13890340,25627100,1442045000000
073240,2025-02-05,209854800,-57635100,-152219700,1465026000000
073240,2025-02-06,566227500,-816193800,249966300,1465026000000
073240,2025-02-07,4130122290,-3306881310,-823240980,1416191000000
073240,2025-02-10,-105863150,-63453250,169316400,1450663000000
073240,2025-02-11,-111469680,-16934400,128404080,1447790000000
073240,2025-02-12,-493649230,532400350,-38751120,1444917000000
073240,2025-02-13,84566760,-14945360,-69621400,1459280000000
073240,2025-02-14,7625420,-42949280,35323860,1453535000000
073240,2025-02-17,291986370,-367666260,75679890,1456408000000
073240,2025-02-18,-284295180,220768080,63527100,1456408000000
073240,2025-02-19,-113140350,103535600,9604750,1479389000000
073240,2025-02-20,412128750,-285541750,-126587000,1479389000000
073240,2025-02-21,867704640,-463829400,-403875240,1459280000000
073240,2025-02-24,-505349120,575114240,-69765120,1470771000000
073240,2025-02-25,1545296560,-1422657960,-122638600,1442045000000
073240,2025-02-26,-1114527960,909071280,205456680,1456408000000
073240,2025-02-27,340740400,-68057000,-272683400,1453535000000
073240,2025-02-28,773925600,-586887700,-187037900,1407574000000
073240,2025-03-04,307135220,-93941800,-213193420,1384593000000
073240,2025-03-05,246906000,-18389250,-228516750,1421937000000
073240,2025-03-06,-475422420,412334340,63088080,1453535000000
073240,2025-03-07,390681775,-388970375,-1711400,1429118000000
073240,2025-03-10,8316375,169867545,-178183920,1426245000000
073240,2025-03-11,229936950,164468180,-394405130,1403265000000
073240,2025-03-12,91237620,-71369550,-19868070,1404701000000
073240,2025-03-13,-135238950,12409650,122829300,1421937000000
073240,2025-03-14,992160000,-573841125,-418318875,1400392000000
073240,2025-03-17,-352246890,101464740,250782150,1426245000000
073240,2025-03-18,-150508400,180138700,-29630300,1407574000000
073240,2025-03-19,-1504641600,1360858950,143782650,1421937000000
073240,2025-03-20,-1336481010,1344070290,-7589280,1404701000000
073240,2025-03-21,-649232100,807458850,-158226750,1421937000000
073240,2025-03-24,-671389530,871912680,-200523150,1433427000000
073240,2025-03-25,-512170520,2638291120,-2126120600,1442045000000
073240,2025-03-26,-109904370,416967270,-307062900,1439172000000
073240,2025-03-27,803785680,-786741660,-17044020,1396083000000
073240,2025-03-28,-50401200,31190350,19210850,1393211000000
073240,2025-03-31,436202405,-95689615,-340512790,1360176000000
073240,2025-04-01,-226976120,517059235,-290083115,1377411000000
073240,2025-04-02,-161392330,284490580,-123098250,1358739000000
073240,2025-04-03,1626413970,-509727510,-1116686460,1284052000000
073240,2025-04-04,-1381483760,1391418720,-9934960,1298415000000
073240,2025-04-07,643488750,-542159100,-101329650,1215109000000
073240,2025-04-08,-224582940,517785960,-293203020,1223727000000
073240,2025-04-09,214946010,46070415,-261016425,1179202000000
073240,2025-04-10,-41433750,-98605800,140039550,1249581000000
073240,2025-04-11,630827620,-387483780,-243343840,1225163000000
073240,2025-04-14,167292300,317347380,-484639680,1236654000000
073240,2025-04-15,-177865675,99029115,78836560,1273998000000
073240,2025-04-16,127890000,-21300300,-106589700,1266816000000
073240,2025-04-17,106822240,-148107400,41285160,1276870000000
073240,2025-04-18,-421791760,467525500,-45733740,1269689000000
073240,2025-04-21,55342880,-104954400,49611520,1298415000000
073240,2025-04-22,63281735,18389410,-81671145,1294106000000
073240,2025-04-23,-593200715,-84975335,678176050,1319959000000
073240,2025-04-24,153961625,-167536000,13574375,1328577000000
073240,2025-04-25,-476254240,114163280,362090960,1358739000000
073240,2025-04-28,-408566210,290283500,118282710,1381720000000
073240,2025-04-29,-219785490,-161976600,381762090,1383156000000
073240,2025-04-30,123179920,-181974280,58794360,1384593000000
073240,2025-05-02,359526900,-371173810,11646910,1345813000000
073240,2025-05-07,-470000680,554748560,-84747880,1388902000000
073240,2025-05-08,420921600,-604012800,183091200,1378848000000
073240,2025-05-09,809478010,-141422270,-668055740,1358739000000
073240,2025-05-12,-93816660,-21483840,115300500,1397519000000
073240,2025-05-13,-133555500,124322250,9233250,1400392000000
073240,2025-05-14,17070990,-297972150,280901160,1404701000000
073240,2025-05-15,814400790,-770438130,-43962660,1387465000000
073240,2025-05-16,216368230,-342149730,125781500,1381720000000
073240,2025-05-19,1161576290,97323275,-1258899565,1276870000000
073240,2025-05-20,896406875,-587409375,-308997500,1256762000000
073240,2025-05-21,492268840,-482725180,-9543660,1246708000000
073240,2025-05-22,1324682590,-1040217640,-284464950,1216546000000
073240,2025-05-23,679157960,-203072065,-476085895,1207928000000
073240,2025-05-26,78145720,-99523940,21378220,1207928000000
073240,2025-05-27,858731370,-757405250,-101326120,1196437000000
073240,2025-05-28,-287388080,54609030,232779050,1226600000000
073240,2025-05-29,-528711640,227343170,301368470,1272561000000
073240,2025-05-30,136532620,-187121165,50588545,1276870000000
073240,2025-06-02,392369420,-140321960,-252047460,1261071000000
073240,2025-06-04,-516503870,404326140,112177730,1265380000000
073240,2025-06-05,-847631920,648965680,198666240,1281179000000
073240,2025-06-09,-23322450,372505050,-349182600,1278307000000
073240,2025-06-10,536191500,-623569870,87378370,1273998000000
073240,2025-06-11,-962346300,931136760,31209540,1284052000000
073240,2025-06-12,734013420,-302205140,-431808280,1281179000000
073240,2025-06-13,935668125,-1150633750,214965625,1256762000000
073240,2025-06-16,-293906800,-57120800,351027600,1263944000000
073240,2025-06-17,155684375,-398256250,242571875,1256762000000
073240,2025-06-18,-256579065,10297035,246282030,1253889000000
073240,2025-06-19,-335753280,142590900,193162380,1258198000000
073240,2025-06-20,-659128820,512142320,146986500,1291233000000
073240,2025-06-23,1119773280,-752321940,-367451340,1258198000000
073240,2025-06-24,-753579420,381054090,372525330,1284052000000
073240,2025-06-25,-337970380,228115800,109854580,1295542000000
073240,2025-06-26,254956800,-581633920,326677120,1286924000000
073240,2025-06-27,487086850,-775691055,288604205,1282615000000
073240,2025-06-30,-527373320,112507870,414865450,1294106000000
073240,2025-07-01,-658733510,276580970,382152540,1312778000000
073240,2025-07-02,-864388580,-33261360,897649940,1358739000000
073240,2025-07-03,-889587930,132581075,757006855,1406137000000
073240,2025-07-04,1461215400,-1268636760,-192578640,1413319000000
073240,2025-07-07,-1138963705,900107285,238856420,1406137000000
073240,2025-07-08,17785350,105291450,-123076800,1421937000000
073240,2025-07-09,343472625,-254353680,-89118945,1409010000000
073240,2025-07-10,-368883340,-15566040,384449380,1427682000000
073240,2025-07-11,320036775,-491574775,171538000,1429118000000
073240,2025-07-14,-240443150,1439185860,-1198742710,1433427000000
073240,2025-07-15,873816115,-1110513485,236697370,1420500000000
073240,2025-07-16,3047747080,-3043648720,-4098360,1367357000000
073240,2025-07-17,356097980,-748476670,392378690,1368793000000
073240,2025-07-18,403474500,-995633250,592158750,1364485000000
073240,2025-07-21,792777200,-1041881900,249104700,1350122000000
073240,2025-07-22,939786540,-1177878240,238091700,1327141000000
073240,2025-07-23,-37035750,-465276750,502312500,1364485000000
073240,2025-07-24,777278450,-909820535,132542085,1363048000000
073240,2025-07-25,199052590,-622756530,423703940,1358739000000
073240,2025-07-28,60094815,-515411490,455316675,1374539000000
073240,2025-07-29,1253611500,-1554397680,300786180,1361612000000
073240,2025-07-30,126770155,-591988640,465218485,1360176000000
073240,2025-07-31,1810213125,-2389760625,579547500,1337195000000
073240,2025-08-01,631810755,-786809790,154999035,1331450000000
073240,2025-08-04,-434433045,265305060,169127985,1348685000000
073240,2025-08-05,-93243150,-56648025,149891175,1357303000000
073240,2025-08-06,-1527630640,1407026460,120604180,1373102000000
073240,2025-08-07,-471317715,134324520,336993195,1374539000000
073240,2025-08-08,504447740,-759001860,254554120,1373102000000
073240,2025-08-11,-657027560,257278000,399749560,1367357000000
073240,2025-08-12,182046545,-361891315,179844770,1360176000000
073240,2025-08-13,-511355940,462624000,48731940,1361612000000
073240,2025-08-14,-1075345880,791107240,284238640,1367357000000
073240,2025-08-18,-200678400,-284467200,485145600,1378848000000
073240,2025-08-19,-686958010,395323510,291634500,1403265000000
073240,2025-08-20,94383800,-586515300,492131500,1407574000000
073240,2025-08-21,-440989425,1816216875,-1375227450,1414755000000
073240,2025-08-22,605251570,-804265280,199013710,1427682000000
073240,2025-08-25,174020400,-569913120,395892720,1413319000000
073240,2025-08-26,-517792800,337972600,179820200,1407574000000
073240,2025-08-27,-399428640,138774480,260654160,1419064000000
073240,2025-08-28,-267929990,52614800,215315190,1420500000000
073240,2025-08-29,-640053280,449549600,190503680,1424809000000
073240,2025-09-01,-272246975,149245045,123001930,1420500000000
073240,2025-09-02,-112360290,471995305,-359635015,1420500000000
073240,2025-09-03,-257078220,229658730,27419490,1427682000000
073240,2025-09-04,-376452650,292663420,83789230,1427682000000
073240,2025-09-05,1409637625,-1437989465,28351840,1406137000000
073240,2025-09-08,-300651870,-26401110,327052980,1404701000000
073240,2025-09-09,130557150,-424845450,294288300,1393211000000
073240,2025-09-10,-692746735,47027895,645718840,1403265000000
073240,2025-09-11,-718079040,-897675680,1615754720,1424809000000
073240,2025-09-12,622335660,-509872320,-112463340,1430554000000
073240,2025-09-15,-153786810,-375657180,529443990,1433427000000
073240,2025-09-16,2218408320,-2213444040,-4964280,1413319000000
073240,2025-09-17,71595840,-242467440,170871600,1413319000000
073240,2025-09-18,-167233300,-104242550,271475850,1414755000000
073240,2025-09-19,857349900,-1081426500,224076600,1421937000000
073240,2025-09-22,34728430,-377682110,342953680,1410446000000
073240,2025-09-23,981200700,-872063910,-109136790,1383156000000
073240,2025-09-24,49372840,-498665200,449292360,1390338000000
073240,2025-09-25,244265625,-516419750,272154125,1386029000000
073240,2025-09-26,1021478000,-1151537750,130059750,1364485000000
073240,2025-09-29,-116843720,-77554680,194398400,1367357000000
073240,2025-09-30,131085675,-142250850,11165175,1357303000000
073240,2025-10-01,275959640,-199978740,-75980900,1341504000000
073240,2025-10-02,-1200889860,516644610,684245250,1352994000000
073240,2025-10-10,441215520,-422057190,-19158330,1308469000000
073240,2025-10-13,1208279540,-744293945,-463985595,1268252000000
073240,2025-10-14,324765630,-116825310,-207940320,1266816000000
073240,2025-10-15,-5674320,-320568000,326242320,1275434000000
073240,2025-10-16,-337538800,-282752800,620291600,1321396000000
073240,2025-10-17,-596124000,463503520,132620480,1332886000000
073240,2025-10-20,-1045064640,397438160,647626480,1355867000000
073240,2025-10-21,-1247719155,652691980,595027175,1380284000000
073240,2025-10-22,-352633635,-392919810,745553445,1391774000000
073240,2025-10-23,283572240,-255097920,-28474320,1367357000000
073240,2025-10-24,-508310550,-69138465,577449015,1374539000000
073240,2025-10-27,-83042940,-301484160,384527100,1373102000000
073240,2025-10-28,12874230,101753640,-114627870,1370230000000
073240,2025-10-29,-742837200,325043800,417793400,1371666000000
073240,2025-10-30,1361696600,-297806850,-1063889750,1342940000000
073240,2025-10-31,-129162800,-126462960,255625760,1355867000000
073240,2025-11-03,61981120,-231396800,169415680,1332886000000
073240,2025-11-04,517496550,-383019000,-134477550,1314214000000
073240,2025-11-05,-1107942650,965797950,142144700,1360176000000
073240,2025-11-06,-7383039300,7354637025,28402275,1429118000000
073240,2025-11-07,-2099510640,6082841400,-3983330760,1439172000000
073240,2025-11-10,-11299051800,13749706800,-2450655000,1551204000000
073240,2025-11-11,-3095011080,2201608660,893402420,1582802000000
073240,2025-11-12,-484257370,591526050,-107268680,1582802000000
073240,2025-11-13,1761676620,-1434633150,-327043470,1559821000000
073240,2025-11-14,494000430,-763278250,269277820,1588547000000
073240,2025-11-17,688712310,-907585200,218872890,1525350000000
073240,2025-11-18,-1039822560,942288240,97534320,1482261000000
073240,2025-11-19,-425072230,-80584790,505657020,1485134000000
073240,2025-11-20,-108257580,-135323280,243580860,1499497000000
073240,2025-11-21,-159472680,-514359620,673832300,1510987000000
073240,2025-11-24,-377985400,-189072200,567057600,1522478000000
073240,2025-11-25,-309251400,227786950,81464450,1536841000000
073240,2025-11-26,-988665120,387294240,601370880,1585675000000
073240,2025-11-27,-2296145500,1311079550,985065950,1674725000000
073240,2025-11-28,-749036920,473511440,275525480,1683343000000
073240,2025-12-01,71680140,-369797400,298117260,1628764000000
073240,2025-12-02,618764320,-273208000,-345556320,1700579000000
073240,2025-12-03,-2548236600,2470809600,77427000,1809738000000
073240,2025-12-04,794928220,-480229640,-314698580,1821228000000
073240,2025-12-05,352204320,-302739840,-49464480,1792502000000
073240,2025-12-08,1453863870,-1383861160,-70002710,1778139000000
073240,2025-12-09,-387694560,575245500,-187550940,1740795000000
073240,2025-12-10,-574311360,347793810,226517550,1749413000000
073240,2025-12-11,-72245430,19555290,52690140,1732177000000
073240,2025-12-12,-380316160,-418875520,799191680,1746540000000
073240,2025-12-15,-397775400,488501200,-90725800,1737923000000
073240,2025-12-16,151782550,-590037760,438255210,1726432000000
073240,2025-12-17,2764474680,-3688526820,924052140,1775266000000
073240,2025-12-18,488683910,-1557573420,1068889510,1755158000000
073240,2025-12-19,-924520620,-3486820,928007440,1798247000000
073240,2025-12-22,-666946170,-179290650,846236820,1801120000000
073240,2025-12-23,804329280,-661947840,-142381440,1746540000000
073240,2025-12-24,-146485400,-278519900,425005300,1752286000000
073240,2025-12-26,232094200,-353563400,121469200,1694834000000
073240,2025-12-29,-353340960,492873360,-139532400,1689088000000
073240,2025-12-30,-437355240,208557400,228797840,1683343000000
